id,community_id,degree,name
0,0,1,Eiryyy
1,0,8,shawflying
2,0,1,JpMCarrilho
3,0,5,SuhwanCha
4,0,2,sunilangadi2
5,0,1,j6montoya
6,0,6,sfate
7,0,8,amituuush
8,0,8,mauroherlein
9,0,7,ParadoxZero
10,0,66,llazzaro
11,0,2,beeva-manueldepaz
12,0,6,damianmuti
13,0,3,apobbati
14,0,18,hwlv
15,0,18,haroldoramirez
16,0,1,jasonblanchard
17,0,3,BahiHussein
18,0,3,itsmevanessi
19,0,22,nwjsmith
20,0,4,chengzhipeng
21,0,33,tiensonqin
22,0,7,pdokas
23,0,12,maxfierke
24,0,18,davidthewatson
25,0,14,kidbai
26,0,7,Micanss
27,0,70,hepin1989
28,0,1,ashphy
29,0,2,soberanes
30,0,6,rajatpatel2113
31,0,7,ehlxr
32,0,2,city292
33,0,2,riverphoenix
34,0,4,AnqiYang
35,0,27,CN-Sean
36,0,23,Myoursky
37,0,1,ariepratama
38,0,127,linjunpop
39,0,1,MLoughry
40,0,5,bombworm
41,0,7,kmiladi
42,0,55,indreklasn
43,0,8,littlexiang
44,0,2,tannersteele
45,0,3,FantinBibas
46,0,3,ngothanhtai
47,0,1,diluga
48,0,2,ForrestPi
49,0,5,sorenbouma
50,0,2,th3brink
51,0,5,damianlajara
52,0,31,DQNEO
53,0,2,carloseberhardt
54,0,1,moraispgsi
55,0,3,crispe1586
56,0,88,TarrySingh
57,0,1,gideonheilbron
58,0,7,roalcantara
59,0,1,novinsh
60,2,1,XiaocongDong
61,0,21,muhammadfaizan
62,0,1,bigzhao
63,0,1,guillecro
64,0,1,7772
65,0,3,paranoiasystem
66,0,4,Endika
67,0,27,jasperblues
68,0,4,ogirginc
69,0,12,shogochiai
70,0,1,TinaBryan
71,0,3,iksnae
72,0,6,mafellows
73,0,1267,kentcdodds
74,0,6,DennisWanjiru
75,0,18,rupesh1310
76,0,4,ayberkanilatsiz
77,0,1,fangying
78,0,15,rozentill
79,0,1,talentkeychen
80,0,1,lilosir
81,0,19,g8up
82,0,2,shz2050
83,0,7,Bjoux2
84,0,2,MasihKarimi
85,0,5,SeunghunSunmoonLee
86,0,54,milon
87,0,24,fernandojsg
88,0,44,keyvanakbary
89,0,5,MarcoCabazal
90,0,5,hisrg
91,0,2,timmo001
92,0,55,AD7six
93,0,1,pragyandas
94,0,144,starkwang
95,0,1,rubensfernandes
96,0,1,stoprocent
97,0,9,pmn
98,0,23,aviflax
99,0,19,paulgureghian
100,0,1,Silic0nS0ldier
101,0,47,mingkin
102,0,2,ferschke
103,0,3,git-kale
104,0,8,helexy22
105,0,13,rioastamal
106,0,5,jvperrin
107,0,47,iblancasa
108,0,23,HYPJUDY
109,0,4,ellenmellon
110,0,6,qingbusheng
111,0,2,luizjr
112,0,1,pikanglong
113,0,7,JohnMars
114,0,7,maurodelazeri
115,0,5,sharpstill
116,0,9,myedibleenso
117,5,2,neelkirit
118,0,6,jicjjang
119,0,135,denysdovhan
120,0,25,nrkfeller
121,0,3,thiennn
122,0,3,paulhuisman
123,0,1,quraisahamid
124,0,12,gsw945
125,0,17,Deardrops
126,0,6,Rajat2712
127,0,2,adichad
128,0,1,stephanedenis
129,0,13,thrifus
130,0,5,francisfsjiang
131,0,27,razbakov
132,0,3,sawyes
133,0,4,h3nnn4n
134,0,18,nevir
135,0,6,moeinrahimi
136,0,3,forhadulislam
137,0,5,neu-rah
138,0,2,iriswang1
139,0,10,Marthyn
140,0,32,flavorjones
141,0,17,davidyell
142,0,3,adityaas26
143,0,7,rafaelcamaram
144,0,78,smamran
145,0,4,anayini
146,0,4,hunkyu
147,0,2,chaodaqing
148,0,3,elPandaFriki
149,0,2,stefanhendriks
150,0,9,BoyWithSilverWings
151,0,2,samehkamaleldin
152,0,3,GuanlinLee
153,0,1,kangshaoshun
154,0,3,fuse-mars
155,0,2,dimgold
156,0,16,AndreiRailean
157,0,9,dongrenguang
158,0,2,LiXiuhong
159,0,103,minrk
160,0,1,sureshsarda
161,0,3,mahdiabdolmaleki
162,0,6,alethea
163,8,2,banixc
164,0,8,besquared
165,0,2,BlackDante
166,0,53,mohanarunachalam
167,0,2,crosstreet74
168,0,27,LeonardoCardoso
169,0,1,ascode
170,0,1,jakobsandberg
171,0,2,asinbow
172,0,1,aarzchan
173,0,5,anilkunwar
174,0,7,bushidocodes
175,0,29,davegomez
176,0,3,SecureCloud-biz
177,0,6,ibnujakaria
178,0,7,Joe8Bit
179,0,20,frankodoom
180,0,5,lxchavez
181,0,19,sjwilliams
182,0,39,YunzhuLi
183,0,3,chenlongqiang
184,0,61,surunzi
185,0,28,poudel
186,0,3,Daaaaad
187,0,3,boxabirds
188,0,1,Graphettion
189,0,3,szenekonzept
190,0,9,nicolsc
191,0,2,Kingson4Wu
192,0,16,iamKael
193,0,18,findingsea
194,0,25,redaxmedia
195,0,2,r3dcrosse
196,0,1,amoose136
197,0,40,osmangoninahid
198,0,5,eparejatobes
199,0,2,craigrshenton
200,0,8,thierrymichel
201,0,23,dikyarga
202,0,3,saeedtabrizi
203,0,13,mikaelkaron
204,0,1,Solicite
205,0,10,F36
206,0,3,chenxuhao
207,0,2,HiDAl
208,0,6,kasiditi
209,0,1,thisismydesign
210,0,5,summerwang0915
211,0,1,lupengkai
212,0,2,jiangxtx
213,0,8,hanyeliu
214,0,6,lijiannuist
215,0,7,AghilesAzzoug
216,0,7,karel-3d
217,0,1,SeanJia
218,0,35,ilija139
219,0,36,ahmedalaahagag
220,0,1,chenxy99
221,0,1,Cristian006
222,0,4,dedevillela
223,0,9,NoahOrberg
224,0,7,panda020111
225,0,1,caddyliu
226,0,3,rdspring1
227,0,10,itsJASPERr
228,0,19,Drunkar
229,0,1,rousseauo
230,0,23,rqbazan
231,0,6,iamnapo
232,0,23,cowlicks
233,0,4,ed-george
234,0,1,tessavdheiden
235,0,9,juliotorresmoreno
236,0,7,mfilej
237,0,3,MilindaLaknath
238,0,1,antonov
239,0,52,hjanime
240,0,29,meyskens
241,0,12,lazarofl
242,0,17,lmm0591
243,0,11,mattdennewitz
244,0,11,Gdewilde
245,0,1,ZhengshengWei
246,0,9,petitspois
247,0,1,lymhust
248,0,3,suliang
249,0,1,MeteALANLI
250,0,3,olohmann
251,0,2,McKenzieJDan
252,0,1,mar-bi
253,0,45,kaochenlong
254,0,4,herbat73
255,0,9,ihorzenich
256,0,2,jlilja
257,0,4,gon250
258,0,6,loic-sharma
259,0,2,GTmac
260,0,9,apetresc
261,0,11,nicktoumpelis
262,0,9,dweekly
263,0,2,brandon-beacher
264,0,13,luismendozamx
265,0,12,jumbosushi
266,0,11,anilozmen
267,0,1,prashanthbasani
268,0,2,rodionovp
269,0,18,naupaka
270,0,5,not-for-me
271,0,2,jmgirard
272,0,5,ecrider
273,0,11,ding-hai
274,0,6,rkyymmt
275,0,5,guillaumerose
276,0,7,nevernet
277,0,24,priyatam
278,0,16,ganesharulanantham
279,0,5,justein
280,0,2,eoinsha
281,0,25,skyhitblog
282,0,17,ashish1500616
283,11,1,alberto-hortelano
284,0,11,felipesabino
285,0,7,saifeiLee
286,0,2,Guzpenha
287,0,4,a-dabrowski
288,0,4,AotY
289,0,1,scanfyu
290,0,1,thunderrun
291,0,7,splorp
292,0,1,actionsmile
293,0,5,johngriffin
294,0,3,felixhorro
295,0,4,larc000
296,0,17,arashm
297,0,15,regalius
298,0,34,akatrevorjay
299,0,1,aglupotto
300,0,4,levindoneto
301,0,7,milesgranger
302,0,7,AlixChiong
303,0,8,KinglittleQ
304,0,3,asanka94
305,0,12,cakecatz
306,0,1,stringariSM
307,0,3,liuganggang
308,0,82,kinvix
309,0,19,MarkBennett
310,0,5,mafairnet
311,0,19,davequick
312,0,3,carolove
313,0,4,Roma36
314,0,12,jordanpapaleo
315,0,3,soutik
316,0,5,dmente03
317,0,3,stevenlr
318,0,5,ebertti
319,0,9,lsd
320,0,15,miho
321,0,45,javiercejudo
322,0,3,seik
323,0,8,romanslonov
324,0,4,Liweimin0512
325,0,8,Jyothsnasrinivas
326,0,50,boneskull
327,0,5,artisonian
328,0,3,jkusachi
329,0,1,RodrigoCS
330,0,2,kgaut
331,0,1,MrShininnnnn
332,0,44,TrueMoein
333,0,13,aoberoi
334,0,3,JacobOscarson
335,0,33,cwilgenhoff
336,0,8,keilw
337,0,47,JuIioCesar
338,0,10,bukosabino
339,0,6,jack4it
340,0,5,FrontMage
341,0,8,arrygoo
342,0,7,mattwoodnyc
343,0,20,emmericp
344,0,4,Torreshan
345,0,11,penberg
346,0,9,hallahan
347,0,5,gravataLonga
348,0,6,SabraAS
349,0,3,alvimm
350,0,4,Kirschn
351,0,8,joelseq
352,0,23,leonardothibes
353,0,4,adesege
354,0,2,bikingbadger
355,0,2,hackerxiaobai
356,0,9,romariolopezc
357,0,19,gberger
358,0,9,leifmadsen
359,0,7,mapninja
360,0,50,jgw96
361,0,11,Tomotoes
362,0,14,aalises
363,0,10,imcco
364,0,48,keepfit
365,0,2,Perfect-Web
366,0,4,Polkas
367,0,1,alexandersvozil
368,0,23,Arthraim
369,14,2,nmadapan
370,0,4,rheech
371,0,6,chosenvictim
372,0,1,chrisgillis
373,0,4,WhoIsJack
374,0,4,latelee
375,0,1,Jaekr
376,0,25,novemberde
377,0,3,lyzzard
378,0,40,JasonEtco
379,0,2,paincompiler
380,0,1,ThomasLarge
381,0,1,ivosequeros
382,0,1,samsonchen1989
383,0,37,Separius
384,0,2,cnjsstong
385,0,2,benschaaf
386,0,6,baishali-ghosh
387,0,3,markui
388,0,15,AbdallahMezo
389,0,3,skrosoft
390,0,1,humblem2
391,0,1,mattcontet
392,0,1,qyz777
393,0,79,guilleiguaran
394,0,2,kripaz777
395,0,3,sturmenta
396,0,2,jensjns
397,0,11,syy
398,0,3,chufanwu
399,0,3,kyohei8
400,0,8,28
401,0,22,MrGemy95
402,0,1,anggagewor
403,0,31,maggit
404,0,6,mateuszszklarek
405,0,2,angadn
406,16,1,reyuwei
407,0,7,rodnylobos
408,0,8,Neras
409,0,12,sourishkrout
410,0,2,ZhaoZeyu1995
411,0,22,SmartDoubleXiao
412,0,16,cheh
413,0,17,paulsmith
414,0,3,DrDarbin
415,0,3,SchabrechtsK
416,0,11,92bondstreet
417,0,8,animesh-chouhan
418,0,11,reemardelarosa
419,0,5,mishrarohit
420,0,10,QhelDIV
421,0,33,iskandr
422,0,5,Sublio
423,0,12,hongyanh
424,0,1,Jywud
425,0,41,montyanderson
426,0,8,glacials
427,0,4,PursueHappinessDirectly
428,0,1,nim4n136
429,0,2,Fuhongshuai
430,0,14,cjf00000
431,0,4,PrinceChou
432,0,24,jaggy
433,0,11,jarek-przygodzki
434,0,2,deepakrana47
435,0,2,dcanones
436,0,3,mxl
437,0,38,ramsaylanier
438,0,7,TAmbition
439,0,13,oknoorap
440,0,49,igeligel
441,0,4,MarshalLeeeeee
442,0,5,dridk
443,0,4,ryanrushing
444,0,24,SaqibHussain44
445,0,10,marcoacierno
446,0,6,sandy183
447,0,11,fernandomoraes
448,0,5,sonfordson
449,0,1,nobillowseagit
450,0,20,shaddygarg
451,0,7,SummerRC
452,0,130,daviddias
453,0,2,MarkPolivchuk
454,0,5,gathuku
455,0,11,ekospinach
456,0,7,perjerz3434
457,0,20,olarclara
458,0,15,guiguan
459,0,10,suchov
460,0,13,clintonyeb
461,17,1,amelnychuck
462,0,1,modernmedici
463,0,13,Harshit369
464,0,3,4v3r9
465,0,6,Vallista
466,0,7,mevinbabuc
467,0,7,lukedeo
468,0,8,SUTFutureCoder
469,0,16,luangjokaj
470,0,16,MohammadShawon
471,0,2,octopitus
472,0,1,davidalvarezdlt
473,0,18,leilaapsilva
474,0,1,liqisa
475,0,2,llvieira
476,0,3,Lanselott
477,0,11,Caryyon
478,0,6,Tuccuay
479,0,13,cjuexuan
480,0,24,erdun
481,0,9,kkoscielniak
482,0,6,alwaysandeep
483,0,1,Fibonacci43
484,0,1,adriantodorov
485,0,1,Midnoclose
486,0,2,lytkarinskiy
487,0,1,naftulikay
488,0,1,Rock610
489,0,1,TamerShlash
490,0,9,llissery
491,0,13,garrett-eclipse
492,0,9,debMan
493,0,25,BeshoyHindy
494,0,372,chokcoco
495,0,22,scottksmith95
496,0,12,nik-garmash
497,0,15,rewinfrey
498,0,6,jbpros
499,0,2,rchaser53
500,0,5,HenriBeck
501,0,14,cupnoodle
502,0,4,iwanao731
503,0,16,HolenYHR
504,335,2,rufengch
505,0,3,pskun
506,0,88,shashankg7
507,0,7,okeeffed
508,0,12,angelbotto
509,0,70,aemidesign
510,0,1,BiggaHD
511,0,1,olofd
512,0,5,DEDZTBH
513,0,6,shidalin
514,0,5,olagato
515,0,10,bartek
516,0,3,mo3rfan
517,0,2,numan947
518,0,1,kevin-zqw
519,0,4,apengwin
520,0,1,schaechinger
521,0,15,sbarman-mi9
522,0,20,mikedfunk
523,0,4,ArgishtiAvetis
524,0,25,melitus
525,0,1,skydaddy
526,0,4,manerfan
527,0,5,joegichuru
528,0,2,tiennan
529,0,8,ahsanatha
530,0,5,chintan39
531,0,29,ahmed-hamdy90
532,0,26,daicoolb
533,0,2,Kev8144
534,0,3,christofs
535,0,7,didikz
536,0,9,FangYang970206
537,0,9,mrfrkayvaz
538,0,23,ACERY1
539,0,32,moghya
540,0,13,olderzhou
541,0,4,naokazuterada
542,0,2,jhewt
543,0,11,kyzhouhzau
544,0,4,one1zero1one
545,0,14,jmlavoier
546,0,19,Miantang
547,0,5,JaySon-Huang
548,0,9,CoderMageFox
549,0,21,kylemh
550,0,6,lfuelling
551,0,18,nacika-ins
552,0,17,ryanrhymes
553,0,19,drewm
554,0,14,Rustic-Z
555,0,28,jizusun
556,17,3,anushkmittal
557,0,72,pauldix
558,134,1,mojo2012
559,0,5,parthibann
560,0,13,mjhendrickson
561,0,17,Koprvhdix
562,0,3,bin-page
563,0,6,emilyb7
564,0,3,jack0888
565,0,1,karthikBalasubramanian
566,0,1,luckio41
567,0,5,avogel3
568,0,9,robertmaxrees
569,0,1,phbraga
570,0,5,Cypher1
571,0,20,floringogianu
572,0,1,maxliu
573,0,17,AakashRaina
574,0,12,Gideonking
575,0,2,ingee
576,0,14,renanmorais
577,0,6,jpdevries
578,0,5,ctsuu
579,0,2,thuansb
580,0,1,odesenvolvedor
581,0,5,happyjudy
582,0,11,aageboi
583,0,13,SuperChenSSS
584,0,5,leifg
585,0,1,lsantana486
586,0,13,LordK1
587,0,8,lmadhuranga
588,0,17,tegg89
589,0,4,Odaeus
590,0,1,kwarodom
591,0,19,ndxbn
592,0,26,nouh
593,0,33,AndrewRadev
594,0,1,DayThink
595,0,40,analistacarlosh
596,0,14,arendondiosa
597,0,27,nicolascbarbosa
598,0,7,Neo-Zhixing
599,0,1,marcoeh
600,0,5,christabella
601,0,9,Abmiester
602,0,14,omerg
603,0,26,alsemyonov
604,0,1,aixasz
605,0,8,markoradak
606,0,15,redrick
607,0,7,gizmosachin
608,0,8,legendtkl
609,0,4,garora
610,0,22,kernelp4nic
611,0,22,manondidi
612,0,6,luizeof
613,0,1,Amadeeus
614,0,4,hades217
615,0,2,EmptyChan
616,0,4,scarletmu
617,0,3,enrike1983
618,0,40,billyma128
619,22,4,pedrogryzinsky
620,0,6,kosilence
621,0,17,jeftom
622,0,4,CracKerMe
623,0,17,adrien2p
624,0,2,smokja
625,0,3,aidiss
626,0,5,egeste
627,0,6,sfc9982
628,0,1,berkerol
629,0,1,AmilKey
630,0,17,goodev
631,0,14,okaychen
632,0,4,oNguyenVanThieu
633,150,2,mavriciomart
634,0,9,kbzone
635,0,6,tetratorus
636,23,2,kristoffzoghbi
637,0,2,progamer
638,0,1,GuiDB
639,0,66,tiangolo
640,0,1,nilabhohol
641,0,46,thealphadollar
642,0,46,jd-alexander
643,0,5,shuxiaobo
644,0,14,theill
645,0,8,DanPurdy
646,0,2,bwreilly
647,0,12,ephread
648,0,31,shime
649,0,3,LikaiLee
650,0,40,konekoya
651,0,13,khaldi-yass
652,0,11,rozsival
653,0,1,TonyGorez
654,0,3,TheNoim
655,0,21,ipcreator
656,0,5,remingtonc
657,0,1,krzysztof-raciniewski
658,0,10,fengshenhai-0727
659,0,3,3van
660,0,1,Kapulara
661,0,27,marceloserpa
662,0,1,bartvanderwal
663,0,2,eter5
664,0,8,Anirudhsekar96
665,0,7,sdiwash
666,0,10,bitwater
667,0,8,asiagood
668,0,7,Atrac613
669,0,2,kdbeer
670,0,6,shadefly
671,173,3,scaytrase
672,0,27,louisun
673,0,1,kunmei
674,0,8,GengDavid
675,0,5,thegumza
676,0,1,ajaymenon0
677,0,1,AaronLeeeee
678,0,6,julianobailao
679,0,13,Jon-Millent
680,0,2,IObert
681,0,6,keldenddorji1997
682,0,4,outkine
683,0,5,BCasaleiro
684,0,2,Scott1123
685,0,66,kvnol
686,0,17,Sumegh-git
687,0,2,ZhiWenMo
688,0,1,ThalesLudwig
689,0,4,andriyun
690,0,20,thakkarparth007
691,0,38,ajduke
692,0,6,KvanTTT
693,0,3,bootjp
694,0,50,codertimo
695,0,19,kiwiupover
696,0,4,WangLaoK
697,0,2,entendu
698,0,1,mach1media
699,0,14,kirkegaard
700,0,11,Comi9
701,0,4,seninp
702,0,30,albertoleal
703,0,2,CrazyRundong
704,25,2,evrial
705,0,3,Wentaobi
706,0,32,bhargavvader
707,0,2,mcmillion
708,0,39,drewroberts
709,0,68,jchris
710,0,10,numanyilmaz
711,0,8,Velliz
712,26,2,jsalbert
713,0,10,Microhx
714,0,17,flyfy1
715,0,7,jlpjavi
716,0,12,danoc
717,0,10,bachue
718,0,4,jritten
719,0,4,leogoncalves
720,0,2,evallesv
721,0,1,ramilzakirov
722,0,2,Stayer
723,0,1,Arkoprabho
724,0,2,linmiss
725,0,9,jbinfo
726,0,12,russelg
727,0,35,layerssss
728,0,26,askari01
729,0,4,harryfei
730,0,20,rlishtaba
731,0,2,animesh
732,0,2,MacRusher
733,0,37,ClimbsRocks
734,0,5,guilhem
735,0,25,qiugang
736,0,22,liuyib
737,0,6,android-sos
738,0,5,bgriffith
739,0,1,djyadav
740,0,66,konklone
741,0,9,robert-wallis
742,0,7,panphora
743,0,1,alphazhao
744,0,5,luankevinferreira
745,0,2,lan-qing
746,0,54,lunaticmonk
747,0,12,berkanuslu
748,0,9,liyin2015
749,0,1,Akinropo
750,0,10,jhia
751,0,72,fed135
752,0,9,IKKIson
753,0,13,poke19962008
754,0,13,kenelite
755,0,15,sktguha
756,0,4,Liklei
757,0,8,pgangwani
758,0,14,kopepasah
759,0,4,juliarozanova
760,0,12,hualin95
761,28,1,bobmoff
762,0,1,pb1672
763,0,1,aleub
764,0,12,scarletcho
765,0,19,jmonteiro
766,0,9,EdwardMCastrillon
767,0,12,ayushgupt
768,0,3,fega
769,0,8,diegozea
770,0,14,infil00p
771,0,12,ValCapri
772,0,46,meolu
773,0,26,KagamiChan
774,0,1,kunpengyao
775,0,3,bbenetskyy
776,0,15,omridevk
777,0,6,ruhulwebdev
778,0,2,adamroszyk
779,29,2,bilevg
780,0,5,tiagofontella
781,0,5,niksumeiko
782,0,15,bboulesteix
783,0,12,lcl22hope
784,0,2,Tommos0
785,0,3,jokapoa
786,0,2,isakrubin
787,0,7,sivsivsree
788,0,4,duchao0726
789,0,16,gomesfellipe
790,0,4,onmotion
791,0,4,timkaye11
792,0,1,fluentart
793,0,2,alkurbatov
794,0,2,msglight4874
795,0,1,stevenup
796,30,2,lufutu
797,0,6,microsud
798,0,15,batazor
799,0,16,alimranahmed
800,0,1,WinstonMarvel
801,0,12,kelvinst
802,0,20,SaikumarChintada
803,0,5,cfree
804,0,6,kris-singh
805,0,50,rahulrana95
806,0,9,eleijonmarck
807,0,2,Mohitsharma44
808,0,2,terell
809,0,16,lxcsjk
810,0,2,guni1192
811,0,19,neoashraf
812,0,1,beyond2013
813,0,2,eleyeth
814,0,27,bneiluj
815,0,2,brucelau-github
816,0,5,labirin
817,0,31,Yassir4
818,0,2,makaidong
819,0,2,peyao
820,0,2,austinejei
821,0,4,shontauro
822,0,4,AllenMinD
823,0,35,rakuishi
824,0,6,jinyu121
825,0,9,WasserEsser
826,0,1,bing107
827,0,14,earome
828,0,28,hainuo
829,0,3,rickli1989
830,0,15,ivankravchenko
831,0,15,gregwhitaker
832,0,2,jpumford
833,0,4,pwaldhauer
834,0,7,dacaishichang
835,0,2,Neymarrrha
836,0,10,bsvercl
837,0,17,sky-admin
838,0,4,KaitoHH
839,0,1,GSThina
840,0,1,aengl
841,0,11,josephspens
842,0,1,PikaboyZ
843,0,2,rubengees
844,0,1,sumanabasu
845,0,17,MQQM
846,0,26,ncb000gt
847,0,2,tanghaodong25
848,0,239,popomore
849,0,1,chavenor
850,0,7,demeiyan
851,0,2,somal
852,0,39,abiosoft
853,0,2,HuMingqi
854,0,2,irom-io
855,0,7,BlinfoldKing
856,0,7,adityapurwa
857,0,21,brycemcwilliams
858,0,6,pprmint
859,0,3,caiwenpu
860,0,23,octonion
861,0,4,brianmcmichael
862,0,13,anazard
863,0,1,duongkstn
864,0,16,cavaunpeu
865,0,4,0xHJK
866,0,1,ameghbhavsar
867,0,4,abcdw
868,0,1,o100ja
869,0,3,atlantiswqq
870,0,9,chiefGui
871,0,10,fanux
872,0,1,Michael2Tang
873,0,2,scottjiao
874,0,10,kprocks86
875,0,1,huyderman
876,0,1,thisiswhereitype
877,0,1,clayne11
878,0,1,Mechtecs
879,0,2,brunapinos
880,0,2,MyTheValentinus
881,0,3,steinybot
882,0,2,crankler
883,0,3,hideakitai
884,0,4,PonomareVlad
885,0,12,codjust
886,0,1,ajandorek
887,0,3,clom
888,0,12,qqfly
889,0,22,timjb
890,0,1,harshitjindal
891,0,13,Subhraj07
892,0,2,sopaco
893,0,62,antonybudianto
894,0,28,bpierre
895,0,5,gbolmier
896,0,5,jakerobers
897,0,22,SimplyCodin
898,0,11,felixgirault
899,0,10,Ian-Morris
900,0,4,lianruhe
901,0,5,sorskoot
902,0,35,ifndefdeadmau5
903,0,2,codyi96
904,0,41,shuaibird
905,0,22,libhide
906,0,3,pmjhonwang
907,0,4,casablanca9607
908,0,1,lucastrvsn
909,0,2,cynricfu
910,0,116,holdenk
911,0,3,richardkmiller
912,0,41,emersonjds
913,0,20,rmhall
914,0,6,georgiee
915,0,19,angvp
916,0,1,chatkausik
917,31,2,tford9
918,0,5,devpaul
919,0,4,ShanakaWickramaarachchi
920,0,53,srl295
921,0,2,geyixin
922,0,17,macdavid313
923,0,12,ortizvinicius
924,32,1,anfield343
925,0,16,dylans
926,0,3,IncognitoJam
927,0,26,NaveenEzio
928,0,5,Mariobai
929,0,55,pjedrzejewski
930,0,9,sunghun7511
931,0,1,chriman
932,0,6,9034725985
933,0,14,geekyd
934,0,16,EleanorMao
935,0,4,keystroke99
936,0,5,MauriceConrad
937,0,130,harryprince
938,0,3,ptak82
939,0,5,ankitbit
940,0,27,pat-s
941,0,1,fergyfresh
942,0,6,evaldofelipe
943,0,4,daviddang91
944,0,2,kornhammer
945,0,5,mi-1-0-0
946,0,33,jfson
947,0,2,iriskatastik
948,0,3,Oliveralr
949,0,6,gillesbertaux
950,0,8,HeshamHaleem
951,0,9,DiogenesPolanco
952,0,10,5pilow
953,0,101,furkanonder
954,0,3,andykingking
955,0,2,muvanpersie
956,0,30,Jhy1993
957,0,1,koala59230
958,0,12,nicolasloubet
959,0,1,ishehata
960,0,9,TwistedW
961,0,4,prashant0598
962,0,31,JackR21
963,0,22,catarak
964,0,16,rogerz
965,0,27,loveincode
966,0,12,DalerAsrorov
967,0,6,isudox
968,0,11,drawrs
969,0,3,solkiim
970,0,2,LEE-SEON-WOO
971,0,6,tidusjar
972,0,29,pfan123
973,0,10,gonsie
974,0,607,bevacqua
975,0,16,icalik
976,0,2,beeankha
977,0,5,Zephery
978,0,1,SarathTharayil
979,0,2,taliove
980,0,1,pent1162
981,0,23,aeron11
982,0,3,SimZor
983,0,30,NicolasPetton
984,0,1,sagaryonjan
985,0,1,JordanCoin
986,0,7,mmphego
987,0,9,GitaiQAQ
988,0,12,pianopia
989,0,4,novocaine
990,0,7,KimHunJin
991,0,5,srikantvadrevu
992,0,1,elbismanuel
993,0,10,PaulBGD
994,0,9,mathieuboudreau
995,0,2,dacre-denny
996,0,9,alekseysotnikov
997,0,6,tareiking
998,0,1,AustinCasteel
999,0,2,theZieger
1000,0,29,andrewmmc
1001,0,27,ArmCM
1002,0,30,mattmezza
1003,0,56,h4cc
1004,0,7,MrAbalogu
1005,0,11,kjzhang9
1006,0,23,m2sh
1007,34,1,robocoderhan
1008,0,3,namevalues
1009,0,13,mertcanaltin
1010,0,7,maria
1011,0,4,altras
1012,0,1,AlvinLicuntao
1013,0,3,hellomrma
1014,0,35,chriskrycho
1015,0,8,survivingME
1016,0,18,byjord
1017,0,22,DataXujing
1018,0,3,jjwdesign
1019,0,1,Quantum-Sicarius
1020,0,5,gmcgibbon
1021,0,15,adrianmg
1022,0,9,pcuci
1023,0,35,rschiang
1024,0,11,fancyecommerce
1025,0,10,rptec
1026,0,1,tareqanwar
1027,0,2,excerebrose
1028,0,3,alan345
1029,0,1,AK-ayush
1030,0,153,nekocode
1031,0,3,Jakiboy
1032,0,105,manrajgrover
1033,0,2,fulvaz
1034,0,4,nonumber1989
1035,0,3,iamzhanghao
1036,0,1,geraltofrivia
1037,0,2,gitchenze
1038,0,11,MontealegreLuis
1039,0,7,metmajer
1040,0,3,blackshady
1041,0,15,bretcope
1042,0,15,jwaldrip
1043,0,5,heroheman
1044,0,3,DuanTzXavier
1045,0,11,kakchan
1046,0,1,akuchotrani
1047,0,3,shuchengliang
1048,0,12,tawanjairew
1049,0,4,kaloraat
1050,0,15,solyarisoftware
1051,0,15,07Gond
1052,0,2,ancadumitrache
1053,0,8,ktaebum
1054,0,4,JunsikChoi
1055,0,3,MsFaceless
1056,0,1,mbed92
1057,0,18,dennycd
1058,0,11,capasky
1059,0,5,EmmaSRH
1060,38,1,dvershinin
1061,39,2,SixPlusZero
1062,0,3,joeleisner
1063,0,5,techstep
1064,0,4,chaihahaha
1065,40,2,mware
1066,0,4,stevekeol
1067,0,14,dantangfan
1068,0,4,aadityatamrakar
1069,0,3,farouqzaib
1070,0,26,mojosoeun
1071,0,7,Helg18
1072,0,1,ambling
1073,0,11,martint028
1074,0,2,forest1988
1075,0,100,rdohms
1076,0,5,katzefudder
1077,0,20,lukeholder
1078,0,9,marquesm91
1079,0,1,BBischof
1080,0,9,jxwufan
1081,0,3,pierreericgarcia
1082,0,1,linkTDP
1083,0,4,tduarte
1084,0,92,lmk123
1085,0,155,devfelipemonteiro
1086,0,1,loulai
1087,0,5,awmichel
1088,0,1,sravimohan
1089,0,193,iam-peekay
1090,0,7,matriphe
1091,0,11,crasslandWolf
1092,0,45,srinivasreddy
1093,0,11,IndexXuan
1094,0,2,alejandrodebus
1095,0,249,ahmadawais
1096,0,45,Lutece
1097,0,6,kobkrit
1098,0,1,bantayso
1099,0,8,kapitanluffy
1100,0,4,Yangerle
1101,0,14,srikant
1102,0,1,srike27
1103,0,28,JounQin
1104,0,14,Dvisacker
1105,0,4,IncredibleQuark
1106,0,25,Rithie
1107,0,2,pengyangwu
1108,0,1,ArGJolan
1109,0,9,kesarawimal
1110,0,1,meandmytram
1111,0,3,nuxzero
1112,0,7,Vector-SMG
1113,0,29,thorsteinsson
1114,0,25,Ehesp
1115,0,1,leonekmi
1116,0,3,kad3nce
1117,0,3,ognis1205
1118,0,34,jackieli123723
1119,0,16,crossjs
1120,0,6,ckeyer
1121,0,4,exarus
1122,0,9,muneef
1123,0,17,pavelkomiagin
1124,0,11,julianjca
1125,0,17,Kornil
1126,0,51,PotHix
1127,0,2,b-ggs
1128,0,3,chenwenyan
1129,0,16,Rowno
1130,0,30,Fil
1131,0,6,djstein
1132,0,19,hfm
1133,114,1,killxin
1134,10,2,robertholf
1135,0,4,leemove
1136,0,4,nikhedonia
1137,0,5,TheRusskiy
1138,0,8,textarcana
1139,0,4,acdart
1140,0,3,jmercha
1141,0,6,igorjosesantos
1142,0,3,kelvinlwy
1143,0,1,Riloto8
1144,0,8,jeremyrajan
1145,0,19,goodwinfame
1146,0,9,eniuz
1147,0,8,lifeiteng
1148,0,5,koploop
1149,0,11,newset
1150,0,11,nawazkhan
1151,0,9,babolivier
1152,0,10,south37
1153,0,8,alokasok
1154,0,28,airalcorn2
1155,0,11,eirikurn
1156,0,3,tabooc
1157,0,6,mohammadhb
1158,0,11,LukaszWatroba
1159,0,2,caistrong
1160,0,19,Prabhat-IIT
1161,0,1,srijiths
1162,0,4,alex44jzy
1163,0,3,maxis42
1164,0,378,barretlee
1165,0,3,SenorSamuel
1166,0,1,anirudhsom
1167,0,7,Hicham95
1168,42,3,HongminWu
1169,0,2,padila50
1170,0,14,hetmann
1171,0,6,iconpin
1172,0,11,bilashcse
1173,0,40,lxe
1174,0,11,kasungihan
1175,0,12,JavaProgrammerLB
1176,0,3,nick1201
1177,0,1,qingyezeng
1178,0,11,mauricio-msp
1179,0,8,ibrahimmumcu
1180,0,4,ShukujiNeel13
1181,0,8,mdavid
1182,0,8,lijunle
1183,0,2,luishipero
1184,0,4,Tehada
1185,0,5,James-N-M
1186,0,8,anhldbk
1187,0,21,akash-bisariya
1188,0,4,andrenarchy
1189,43,1,kieran-bamforth
1190,0,5,naazy
1191,0,11,matscode
1192,0,5,ruooooooli
1193,0,3,shkorinova
1194,0,5,krazyjakee
1195,0,5,notarseniy
1196,0,1,greatdinosaur
1197,0,4,NoddyLiu
1198,0,2,frankstar007
1199,0,5,scottdarby
1200,0,12,elsangedy
1201,0,6,mathiasconradt
1202,0,20,aizaoqi
1203,0,11,kdpisda
1204,0,19,null-none
1205,0,38,amitkumarj441
1206,0,38,netxfly
1207,0,10,cooerson
1208,0,3,ji-a-kang
1209,0,2,HermannBjorgvin
1210,0,2,mzcolor001
1211,0,3,jsf9k
1212,0,39,cubicdaiya
1213,0,35,hahnzhu
1214,0,2,daniel-mueller
1215,0,3,lipengyuan1994
1216,0,1,mikeaxle
1217,0,12,lauthieb
1218,0,1,luiscordero29
1219,0,10,robertmuehsig
1220,0,2,SuEric
1221,0,1,jcreinhold
1222,0,2,samteb
1223,0,7,ajaybgupta
1224,0,27,karupanerura
1225,0,6,SeanKilleen
1226,0,16,Anassdev
1227,0,2,masesisaac
1228,0,46,BastinRobin
1229,0,5,gitzhang
1230,0,3,jouke
1231,0,5,ssor
1232,0,4,filfat
1233,0,8,Feiyu-Zhang
1234,0,19,NikFranki
1235,0,8,EmadElmogy
1236,0,1,RainVerse
1237,0,8,sergeichestakov
1238,0,26,ronanrodrigo
1239,0,1,JeonMinkyu
1240,0,1,brentrobbins
1241,0,10,stevewithington
1242,0,6,paulfri
1243,0,1,raznis
1244,0,1,sizzlemctwizzle
1245,0,13,arthur-e
1246,0,1,camdfletcher
1247,0,3,AstroJacobLi
1248,0,4,jpshelley
1249,0,11,dan-compton
1250,0,1,mingjiezhou
1251,0,3,ivanGzz
1252,0,1,spx443812507
1253,0,1,aviat
1254,0,1,JeongHoJeong
1255,0,4,spajeo
1256,0,2,smallab
1257,0,20,ssttm169
1258,0,9,caldmet70
1259,0,3,Ryan-Efendy
1260,0,1,lazytyper
1261,0,14,gbezyuk
1262,0,2,Kodagrux
1263,0,3,guhaibin1847
1264,0,8,LeasyZhang
1265,0,113,ck37
1266,0,7,rhasan33
1267,0,1,natetarrh
1268,0,2,stornado
1269,0,1,michaelmp
1270,0,8,mwickett
1271,0,3,corncandy
1272,0,11,msjyoo
1273,0,5,softmonkeyjapan
1274,0,1,Wifsimster
1275,0,11,parryworld
1276,0,2,nuwe1
1277,0,1,kreatemore
1278,0,11,gcg
1279,0,3,karthikrk1
1280,0,37,strin
1281,0,3,himanshumangla
1282,0,51,mmazzarolo
1283,0,4,adaoduque
1284,0,2,leogdion
1285,0,6,lucasfernog
1286,0,12,lijiansong
1287,0,2,oscarrodar
1288,0,1,ameroyer
1289,0,8,mlaccetti
1290,0,5,teshna01
1291,0,7,silianpan
1292,0,1,Meemaw
1293,0,4,alyptik
1294,0,1,kstolte
1295,0,236,jprichardson
1296,0,4,bboalimoe
1297,0,38,cllemon
1298,0,7,hitanshu-dhawan
1299,46,2,silkyland
1300,0,1,Manoz
1301,0,7,raryosu
1302,0,9,Nekmo
1303,0,1,alajfit
1304,0,2,profarma-team
1305,0,4,iamnarendrasingh
1306,0,1,rote66
1307,0,15,dygufa
1308,0,3,stanlee321
1309,0,9,markfrst
1310,0,3,hooqee
1311,0,1,33kuai
1312,0,2,Yaoshicn
1313,0,3,jimbru
1314,0,4,lambday
1315,0,34,egisatoshi
1316,0,15,GordonLesti
1317,0,3,gabrfarina
1318,0,55,suenot
1319,0,1,nicklayb
1320,0,2,SonginCV
1321,0,18,fdesjardins
1322,0,2,Seanforfun
1323,0,21,jeffersonmourak
1324,0,11,RamaneekGill
1325,0,16,SoXeon
1326,0,7,academyyyy12
1327,0,1,kpphillips
1328,0,17,Abdelrahman3D
1329,0,5,anantlk
1330,0,4,andrewliebchen
1331,0,37,Archie22is
1332,0,1,g5pw
1333,0,19,hjr3
1334,0,2,melakbet
1335,0,2,foowaa
1336,0,2,bye-webster
1337,0,4,Elbagoury
1338,0,8,pontikos
1339,0,2,Hwhitetooth
1340,0,5,GabrielBibiano
1341,0,4,shivarajnesargi
1342,0,3,madsroskar
1343,0,115,lucasfcosta
1344,0,9,deepu105
1345,0,8,micas06gua
1346,0,30,CanftIn
1347,0,2,CnrLwlss
1348,0,7,edemkumodzi
1349,0,6,Ky6uk
1350,0,8,chenchunyong
1351,0,1,nishantcbse
1352,0,1,achbogga
1353,0,15,dokun1
1354,0,5,AaronSum
1355,0,2,goffinet
1356,0,40,rla
1357,0,2,rkrueger11
1358,0,83,StefanKarpinski
1359,0,5,Anderson-Liu
1360,0,4,rollingdeep
1361,0,1,slurve
1362,0,1,petschekr
1363,0,21,nashory
1364,0,2,jcha9928
1365,0,1,shorttermmem
1366,0,7,francesco-strazzullo
1367,0,7,hallix
1368,0,5,mike442144
1369,0,4,Stallon-niranjan
1370,0,5,neovintage
1371,0,3,coldfish
1372,0,16,mkrn
1373,0,1,ricokahler
1374,0,6,JimCurryWang
1375,0,5,ayorhan
1376,0,7,LiXiaoRan
1377,0,10,Richardyu114
1378,0,15,smorin
1379,0,4,Aris-haryanto
1380,0,4,iNiKe
1381,0,1,gautamgtm
1382,0,4,kaitlinnewson
1383,0,4,nooks
1384,0,8,evanrelf
1385,0,7,jcuevas012
1386,0,1,kanumuri9593
1387,0,4,mosluce
1388,0,21,guillaumevincent
1389,0,7,bryand1
1390,0,22,hobu
1391,0,6,18Gray
1392,0,5,elegantcoder
1393,0,4,octavian-nita
1394,0,2,ivartz
1395,0,4,WangZhengZhi
1396,0,32,lulalala
1397,0,9,AdamLuisSean
1398,0,9,krongk
1399,0,7,pawankmrai
1400,0,1,asotirov
1401,0,12,jakerullman
1402,0,59,jcouyang
1403,0,6,liary
1404,0,2,prashantksharma
1405,0,6,jjerphan
1406,0,10,fen666
1407,0,71,byt3bl33d3r
1408,0,2,harkiratbehl
1409,0,30,Geektrovert
1410,0,1,KevinMenden
1411,0,2,Mittenss2010
1412,0,25,ihewro
1413,0,6,jesserobertson
1414,0,1,AbdullahAli
1415,0,4,seagel
1416,0,18,eschnou
1417,0,2,Guang1234567
1418,0,42,rohan-singh
1419,0,2,TinaHeiligers
1420,0,1,jucaripo
1421,0,1,AWNystrom
1422,0,5,akashgit
1423,0,3,r4um
1424,0,17,PaperHS
1425,0,2,leighgordy
1426,0,2,arvernester
1427,0,2,bboychencan
1428,0,13,kevinwang04
1429,0,13,oss6
1430,0,6,imRohan
1431,0,4,carricky
1432,0,6,mphilli
1433,0,1,qixiaomeng
1434,0,2,alekzandr
1435,0,34,binnng
1436,0,7,adrianoaguiar
1437,0,3,Arctanxy
1438,0,4,EmanueleGhelfi
1439,0,6,goel4ever
1440,0,2,adoweb
1441,0,17,sevki
1442,0,1,csvan
1443,0,55,kootenpv
1444,0,2,rremani
1445,0,163,paladin74
1446,0,9,nof1000
1447,0,3,bmyell
1448,0,16,lhywell
1449,0,3,Alexhuszagh
1450,0,3,stasbel
1451,0,1,joaobborges
1452,0,5,kuldipem
1453,0,1,RekkyRek
1454,0,1,chenggong03
1455,0,2,sajus
1456,0,7,setohe0909
1457,0,3,burawi
1458,0,2,fodongkara
1459,0,40,lporras
1460,0,38,erizocosmico
1461,0,27,linuxjuggler
1462,0,3,Mayandev
1463,0,4,rodrigolessa
1464,0,136,ryanseys
1465,0,3,Leland-Kwong
1466,0,9,graytowne
1467,0,1,BoBoooooo
1468,0,6,sochka
1469,0,18,duhaime
1470,0,2,rishabh1403
1471,0,40,Hasnayeen
1472,0,1,tekknikk
1473,0,5,andreaseger
1474,0,21,caioproiete
1475,0,3,llleonzhao
1476,0,5,appernetic
1477,0,3,coco11563
1478,0,12,Cfeusier
1479,0,5,monoman
1480,0,2,softtama
1481,0,6,clocky
1482,0,5,DrustZ
1483,0,243,aligoren
1484,0,1,philipp-gaspar
1485,0,12,theahmadzai
1486,0,32,newsroomdev
1487,0,1,annabeth-h
1488,0,1,jcjview
1489,0,7,GPrimola
1490,0,15,izhangzhihao
1491,0,5,lindongding
1492,0,2,chenanze
1493,0,5,sarukuku
1494,0,1,ASPePeX
1495,0,1,daniellovell
1496,0,5,HolaFei
1497,0,7,jasonbot
1498,0,8,ShujiaHuang
1499,0,1,nanasess
1500,0,4,stdclass
1501,0,94,santiagomarcos
1502,0,19,lcdsantos
1503,0,24,huihuimoe
1504,0,6,jianghua
1505,0,11,noctiomg
1506,0,1,mrphpguru
1507,0,9,sirWill
1508,59,1,jeffreyshen19
1509,0,10,dnlcst
1510,0,1,jeffersonmartin
1511,0,39,Zagoshipda
1512,0,7,bouchertommy
1513,0,6,raffaello-camoriano
1514,0,30,MaximumEntropy
1515,0,2,rishitsanmukhani
1516,0,5,reekoheek
1517,0,4,helloourworld
1518,0,4,Eggotron
1519,0,21,kassadin
1520,0,2,lmarkely
1521,0,4,lps683
1522,0,2,mluna16
1523,0,19,arynas
1524,0,5,boudra
1525,0,78,crynobone
1526,0,178,babyfaceEasy
1527,0,2,kblomqvist
1528,0,3,cabelotaina
1529,0,3,brscht
1530,0,5,Lpbzzz
1531,0,1,golaced
1532,0,31,nicolastakashi
1533,0,6,lvaleriu
1534,0,7,escapeanaemia
1535,0,2,colinwxl
1536,0,11,sirajul83
1537,0,21,hpetru
1538,0,10,pboiseau
1539,0,1,synchuk2010
1540,0,7,kernow
1541,0,2,emecell
1542,0,2,hbxfyxw
1543,0,89,gabrielrcouto
1544,0,33,grady-lad
1545,0,3,Jdubz
1546,0,6,snakecy
1547,0,14,philippeback
1548,0,2,josevenezuelapadron
1549,0,11,pei0804
1550,0,3,Goldesel23
1551,0,9,sbmadhav
1552,0,4,phongnhhn92
1553,0,1,deshmukhmayur
1554,0,4,liinnux
1555,0,2,cchangcs
1556,0,6,DeKaiju
1557,0,10,pmutua
1558,0,8,AshishKumar4
1559,0,19,Infamoustrey
1560,0,3,SinoReimu
1561,0,16,chenfengyanyu
1562,0,3,jasonrpoteet
1563,0,2,akshoop
1564,0,10,falkirks
1565,0,1,jamiemccue
1566,0,7,danielballan
1567,0,3,smalltide
1568,0,1,kuzroman
1569,0,3,alliejones
1570,0,9,guidobouman
1571,0,1,gavrilaf
1572,0,1,TangJiong
1573,0,10,shiba24
1574,0,5,chaopengz
1575,0,35,SUDIP2222
1576,0,2,atellmer
1577,0,3,mrlynn
1578,0,11,samlanning
1579,0,14,horita-yuya
1580,0,1,serhalp
1581,0,1,floft
1582,0,17,Strajk
1583,0,1,michalgrochowski
1584,0,4,lyyh
1585,0,7,SpinnelSun
1586,0,42,ifeegoo
1587,0,1,celica-dev
1588,0,6,gxjansen
1589,0,12,AlexZeitler
1590,0,4,max-borisov
1591,0,34,sd031
1592,0,7,patbosc
1593,0,10,lovezbs
1594,0,4,arthurtayrac
1595,0,12,3rn3st0
1596,0,3,ktf
1597,0,3,david-j-davis
1598,0,1,pgandhi999
1599,0,13,ali-pourzahmatkesh
1600,0,4,LiuYiChen0704
1601,0,4,merfais
1602,0,3,elkan1788
1603,0,10,LohitakshTrehan
1604,0,4,shencang
1605,0,2,stargt
1606,0,3,77695
1607,0,69,jlooper
1608,0,3,davi-alves
1609,0,5,kakugyou
1610,0,1,dbroadhurst
1611,0,47,krambertech
1612,0,1,cnanyi
1613,0,7,sintocos
1614,0,3,kanishkaganguly
1615,0,4,meathanjay
1616,0,1,CoatiFly
1617,0,15,aliemre
1618,0,35,alikaragoz
1619,0,25,andreyvit
1620,0,5,DineshKachhot
1621,0,11,mcabreradev
1622,0,2,amsukdu
1623,0,1,sxq111
1624,0,1,MiniMarvin
1625,0,2,louiemay
1626,0,2,loo41
1627,0,2,amaldare93
1628,0,2,ghislainv
1629,0,27,WilliamDASILVA
1630,0,2,pvsmounish
1631,0,30,YuyangZhangFTD
1632,0,22,stormraiser
1633,0,5,samre12
1634,0,2,aravind-sundaresan
1635,0,2,alfred42
1636,0,9,buaabarty
1637,0,2,JoenyBui
1638,0,4,jackson-sandland
1639,0,6,lenaggar
1640,0,46,robertpenner
1641,0,1,omar10594
1642,0,8,kvey
1643,0,8,firstmover
1644,0,2,gtorodelvalle
1645,0,22,morygonzalez
1646,0,3,pirupius
1647,0,9,kleincup
1648,0,6,seekshreyas
1649,0,6,maxmert
1650,0,1,pzxiao
1651,0,11,neratneto
1652,0,19,murarisumit
1653,0,3,alexbonhomme
1654,0,20,cakper
1655,0,41,81813780
1656,0,18,shadercoder
1657,0,8,richcahill
1658,0,7,mfyz
1659,0,37,syhily
1660,0,5,teebot
1661,0,5,jayfeng1
1662,0,3,asafschers
1663,0,8,mypopydev
1664,0,2,atsutopia
1665,0,4,alexhallam
1666,0,1,gm1357
1667,0,1,krishnan
1668,0,2,AliElDerawi
1669,0,5,septenaryf
1670,0,4,IanTheEngineer
1671,0,2,OldskoolOrion
1672,0,61,martinwithyou
1673,0,3,Abderrahim-WADDIZ
1674,0,7,27786653
1675,0,5,gear
1676,0,8,sicotronic
1677,0,15,jnak
1678,62,2,MostafaAlaa2016
1679,0,11,colinmeinke
1680,0,3,itcongaili
1681,0,20,marti1125
1682,0,1,JaredNie
1683,0,2,jacobdanovitch
1684,0,2,frontalnugity
1685,0,1,hmnd
1686,0,47,statwonk
1687,0,1,DaiAoki
1688,0,2,kysonic
1689,0,16,llag9810
1690,63,2,davidryv
1691,0,40,patrykkarny
1692,0,2,pudyasto
1693,0,14,asifurrouf
1694,0,1,saglamcem
1695,0,3,CoericK
1696,0,18,ishenli
1697,0,1,GaryYufei
1698,0,11,Z4ck404
1699,0,4,chronick
1700,0,2,bobsomers
1701,0,1,sgaikar1
1702,0,11,mkfeuhrer
1703,0,21,alexott
1704,0,16,steffendsommer
1705,0,8,jonatassales
1706,0,11,elientumba2019
1707,0,3,saketharsh
1708,0,7,johnHackworth
1709,0,31,cnwangjie
1710,0,4,josh146
1711,0,1,king10tech
1712,0,2,mrgenco
1713,0,2,ArturGuedes
1714,0,7,mnichangxin
1715,0,1,lucaslmmanoel
1716,0,3,dgr8akki
1717,0,7,jsonliu
1718,0,5,soham2008xyz
1719,0,12,amagain
1720,0,5,SerCeMan
1721,0,4,giglf
1722,0,11,SevenOutman
1723,0,91,renatonascalves
1724,0,3,abdulmanan7
1725,0,7,ltoop
1726,0,7,Narasimha1997
1727,0,1,Han40
1728,0,4,cpl
1729,0,5,haoeric
1730,0,77,gilbitron
1731,0,13,bobjiang
1732,0,6,dcoxall
1733,0,2,shyamjos
1734,0,1,mindhivefi
1735,0,64,iRaul
1736,0,6,eschizoid
1737,0,74,fancyfrees
1738,0,5,dgaubert
1739,0,16,philfreo
1740,0,2,NicoCoallier
1741,0,3,ghgggg
1742,0,6,housni
1743,0,4,johnnyjpixy
1744,0,4,hongsookim
1745,0,15,bangiki
1746,0,8,stephaneAG
1747,0,7,satyanarayan-rao
1748,0,49,LeuisKen
1749,0,10,srtab
1750,0,3,richardsondx
1751,0,52,blahah
1752,0,9,AngelFQC
1753,0,6,asheuh
1754,0,1,jshou
1755,0,11,gvsrepins
1756,0,2,iamstuartwilson
1757,0,4,longuid
1758,0,1,MerouaneBen
1759,0,6,thiagoprazeres
1760,0,3,coolicer
1761,64,2,hanleyhansen
1762,0,121,1c7
1763,65,2,kitos
1764,0,6,PerdonLiu
1765,0,56,temon
1766,0,16,shelling
1767,0,117,donaldjohn
1768,0,5,PinkyRabbit
1769,0,39,amangalvedhekar
1770,0,9,ivantcholakov
1771,0,12,Rockyzsu
1772,0,14,abhishekgupta5
1773,0,1,ZxBing0066
1774,0,3,shmidtelson
1775,0,8,arcturus
1776,0,2,shinroo
1777,0,14,nrr
1778,0,19,paulayuk
1779,0,2,erikjoling
1780,0,17,jcleblanc
1781,0,1,bbhide
1782,0,1,tianfr
1783,0,40,mansimarkaur
1784,0,6,jcyk
1785,0,16,nixpulvis
1786,0,24,pengshuang
1787,0,4,huberf
1788,0,2,onimenotsuki
1789,0,18,Snaipe
1790,0,1,edsonlyra
1791,0,5,jopereyral
1792,0,15,DACUS1995
1793,0,4,RetroPronghorn
1794,0,4,leibing8912
1795,0,2,bluestonemds
1796,0,7,Maha41
1797,0,4,liaoshengping
1798,0,2,bigp
1799,0,6,lgo
1800,0,26,hacksalot
1801,0,13,kevinpollet
1802,0,2,BlitZz96
1803,0,4,sneakycrow
1804,0,9,mdomarsaleem
1805,0,4,5argon
1806,0,4,gowthamrm
1807,0,6,alexahdp
1808,0,4,rigwild
1809,0,9,SimonSuster
1810,0,15,aliyevorkhan
1811,0,52,m-onz
1812,0,5,StevenLei2017
1813,67,1,binxxx
1814,0,1,barriosnahuel
1815,0,19,filosfino
1816,0,3,ZNevzz
1817,0,2,pascal-canuel
1818,0,2,EduAraujoDev
1819,0,26,ajinkyapuar
1820,0,3,pemcconnell
1821,0,29,nothingismagick
1822,0,1,skyeyefront
1823,0,3,chenkangcrack
1824,0,10,hasanabuzayed
1825,0,18,lkostrowski
1826,0,3,CS-Tao
1827,68,2,khituras
1828,0,8,FunriLy
1829,0,5,datbayev
1830,0,1,jsobeck
1831,0,5,digoribeiro
1832,0,5,Arkanosis
1833,0,4,AkiOhtani
1834,0,38,danielrohers
1835,0,6,VincenzoLaSpesa
1836,0,3,horace-velmont
1837,0,28,a1p4ca
1838,0,5,redouanelg
1839,0,3,hammygoonan
1840,0,7,chimilord
1841,0,116,sepandhaghighi
1842,0,5,0xchamin
1843,0,2,Casinelli
1844,0,3,IonutBajescu
1845,0,2,rishabh09
1846,0,2,jeseekia
1847,0,3,Solotzy
1848,0,1,ramilsafnab1996
1849,0,5,thefln
1850,0,1,Loki-Afro
1851,0,7,sinodanish
1852,0,84,miukimiu
1853,0,81,paolorotolo
1854,0,2,seanrankin
1855,0,1,netics
1856,0,123,dcodeIO
1857,0,12,superKalo
1858,0,2,raorao1994
1859,0,1,ekorudiawan
1860,0,2,qruzz
1861,0,1,Alkapo
1862,0,1,shinde-rahul
1863,0,20,rferro
1864,0,3,sgasser
1865,0,35,daroczig
1866,0,23,nusserstudios
1867,0,20,chaossssss
1868,0,7,bartsmykla
1869,70,2,TristanMNorton
1870,0,3,diop-malick
1871,0,1,mgebundy
1872,0,3,ikebo
1873,0,9,hellozts4120
1874,0,11,100star
1875,0,1,hamid6
1876,0,66,CommanderXL
1877,0,47,episodeyang
1878,0,1,iamhanson
1879,71,1,akwright
1880,0,13,Spacebody
1881,0,44,gbraad
1882,0,18,khushhalm
1883,0,11,boredcat
1884,0,20,javais
1885,0,2,feiyuxiaoThu
1886,0,7,dohmatob
1887,0,2,falseLuffy
1888,0,4,Harvie
1889,0,2,leonardocintra
1890,0,4,shearer
1891,0,7,ericxiao251
1892,0,3,aanari
1893,0,6,YinniCoding
1894,0,37,piyushchauhan2011
1895,0,19,KRISACHAN
1896,72,2,mkhoshle
1897,0,1,mehdidjoughi
1898,0,7,jseppi
1899,0,7,jbroquist
1900,0,68,bearpaw
1901,0,2,gasparrobi
1902,0,4,joshuatuscan
1903,0,3,peralmq
1904,0,4,dzwang91
1905,0,1,paul-o-alto
1906,0,52,sucese
1907,0,2,BloodShura
1908,0,8,heinlinaung
1909,0,4,coderaven
1910,0,4,hesenp
1911,0,7,tchiwinpiti
1912,0,6,91haba
1913,0,44,kdaigle
1914,0,17,jueqingsizhe66
1915,0,8,aboutjax
1916,0,1,reaper47
1917,0,19,SeungYongSon
1918,0,13,simme
1919,0,1,ddyuewang
1920,0,1,johanekhager
1921,0,4,idchlife
1922,0,2,liaohainan
1923,0,204,rdegges
1924,0,62,jifengdehao
1925,0,19,fwoelffel
1926,0,4,jayeshd7
1927,0,1,chiuchiuuu
1928,0,1,lifuguan
1929,0,8,koakumaping
1930,0,4,muh005
1931,0,18,ashokslsk
1932,0,4,aice09
1933,0,3,hdiogenes
1934,0,3,lygaret
1935,0,18,UnixJunkie
1936,0,6,siqueiradg
1937,0,29,alexanderdean
1938,0,4,MichaelXSChen
1939,0,5,sviridoff
1940,0,5,okalachev
1941,0,1,pitkane
1942,0,26,nikhiljangam
1943,0,2,mmiyauchi
1944,0,1,drakkein
1945,0,5,bazani
1946,0,19,ksmandersen
1947,0,1,nadeeshaan
1948,0,19,Muyun99
1949,0,70,i0natan
1950,0,1,gacha
1951,0,23,dyaa
1952,0,3,cniweb
1953,0,3,BBHNation
1954,0,16,caioguedes
1955,0,3,maurymmarques
1956,0,3,camilesing
1957,0,4,RatulHasan
1958,0,7,kargaranamir
1959,0,2,giorgianav
1960,0,7,barryo
1961,0,3,chienius
1962,0,1,stansmet
1963,0,3,Jeetu95
1964,0,3,MertEfeSevim
1965,0,34,kirankarki
1966,0,5,kirimin
1967,0,6,Yoon-jae
1968,0,16,dream4j
1969,74,2,samit4me
1970,0,1,diemer
1971,0,2,satriowisnugroho
1972,0,1,sanctumware
1973,0,7,PlatoJobs
1974,0,2,iamtheoleo
1975,0,3,davidbanthony
1976,0,7,nicknovitski
1977,0,17,adrianmcli
1978,0,3,TomLavenziano
1979,0,202,leobalter
1980,0,20,AaronJackson
1981,0,1,hippohan
1982,0,11,pinqy520
1983,0,2,Tadimsky
1984,0,2,gebeto
1985,0,3,lefuturiste
1986,0,14,deebloo
1987,0,19,cirfi
1988,0,21,sriranganathan
1989,0,5,lujian0571
1990,0,15,muzichen
1991,0,5,HeikoMamerow
1992,0,19,oubowu
1993,0,2,jonathanwiley
1994,0,14,hikarock
1995,0,1,DevNambi
1996,0,5,argsno
1997,0,16,indpurvesh
1998,0,11,songlipeng2003
1999,0,2,n3tn0de
2000,0,3,benstevinson
2001,0,22,jancarloviray
2002,0,5,goelakash
2003,0,4,d12mnit
2004,0,16,Kcrong
2005,0,1,tabs
2006,0,14,iboying
2007,0,5,Limess
2008,0,11,ZiangYan
2009,78,2,ColinFrick
2010,0,15,pacuna
2011,0,1,shufanwu
2012,0,2,tianfudhe
2013,0,4,cjies
2014,0,5,oquidave
2015,0,6,XWalways
2016,79,2,mantouRobot
2017,0,6,moleike
2018,0,3,psh117
2019,0,1,philipptri
2020,0,15,JiriChara
2021,0,24,ivanbuncic
2022,0,21,aadilhasan
2023,0,1,Joechann0831
2024,0,9,IlyaKisil
2025,0,22,bradley-holt
2026,0,2,easezyc
2027,0,21,artkirienko
2028,0,11,jsycdut
2029,14,1,tian-zhou
2030,50,2,TimelyToga
2031,0,8,AndrewReitz
2032,0,3,sarancruzer
2033,0,1,royxss
2034,0,3,gitsome
2035,0,78,syrusakbary
2036,0,7,kewang
2037,0,5,peshkira
2038,0,5,Grandclosing
2039,0,15,dyike
2040,0,1,ChristianKomodo
2041,0,1,aytee17
2042,0,3,mulholio
2043,0,42,infoslack
2044,0,3,ahzf
2045,0,15,kevincennis
2046,0,1,christiandrey
2047,0,9,kristjaningi
2048,0,2,philmein23
2049,0,10,robertofrontado
2050,0,4,geoff-maddock
2051,0,2,neggert
2052,0,3,eracs
2053,0,3,emasys
2054,0,79,engelgabriel
2055,0,20,csbun
2056,0,48,jerrwy
2057,0,2,jairodasilva
2058,0,1,kumarneeraj2005
2059,0,34,mritd
2060,0,6,Avantgarde95
2061,0,1,SandSux
2062,0,2,climaa
2063,0,1,ligson
2064,0,9,manishbasnet
2065,0,7,Flavour86
2066,0,5,sarthfrey
2067,0,7,pashka4281
2068,0,11,swhsiang
2069,0,5,lilydedbb
2070,0,2,aswzen
2071,0,1,etenesaca
2072,0,1,mrchristian
2073,0,12,jailsonpj
2074,0,5,delirius325
2075,0,38,kscottz
2076,0,1,silvacharles
2077,0,4,obouchari
2078,0,1368,mbostock
2079,0,4,jameswenzel
2080,0,28,rgomezcasas
2081,0,9,Breezen
2082,0,10,terodea
2083,0,10,nishathussain
2084,0,44,jchassoul
2085,0,2,koki0702
2086,0,4,NaveenDA
2087,0,4,ashiina
2088,0,1,SaiNageswarS
2089,0,1,MandyxGill
2090,0,10,alukach
2091,0,7,lohasle
2092,0,24,iJoeychang
2093,0,6,fionera
2094,0,3,pongpolb
2095,0,16,m98
2096,0,46,absognety
2097,0,3,azerafati
2098,0,20,mattcreager
2099,0,1,itafroma
2100,0,22,lizekang
2101,0,2,lopinsjk
2102,0,2,devinroche
2103,0,5,SaiBiswas
2104,0,20,bixuehujin
2105,0,21,luopeixiang
2106,0,3,kalyanghosh
2107,0,4,antonfefilov
2108,0,5,divayjindal95
2109,0,2,ihamidraza
2110,0,5,asntech
2111,0,6,jobizzness
2112,0,3,adbibo
2113,0,8,9527tech
2114,0,12,bl0
2115,0,4,TheWebDevel
2116,0,2,EntropyAu
2117,0,6,Duder-onomy
2118,0,65,hustlzp
2119,0,27,kevinkassimo
2120,0,6,huachen0216
2121,0,90,digoal
2122,0,3,VishwaPrabhakar
2123,0,12,gugadev
2124,0,3,francelwebdev
2125,0,7,geoyws
2126,0,1,owenauch
2127,0,3,ngarawakimani
2128,0,5,gustavoFreireS
2129,0,122,crosbymichael
2130,0,7,Raghuvar
2131,0,6,DCKT
2132,0,4,mixcas
2133,0,10,J535D165
2134,0,32,alanwangmodify
2135,0,2,KeitelDOG
2136,0,5,immiao
2137,0,29,fleeting
2138,0,7,justastriver
2139,0,16,amundsen-roald
2140,0,8,joedf
2141,0,29,gormelof
2142,0,2,dctxf
2143,0,1,arturgoms
2144,0,4,johnreilly
2145,0,4,qbhy
2146,0,13,berlotto
2147,0,8,hkhpub
2148,0,3,JuanIsernGhosn
2149,0,1,GilbertZhang
2150,86,1,krim
2151,0,1,statox
2152,0,262,ahmetb
2153,0,16,phanimahesh
2154,0,3,alwell-kevin
2155,0,12,goodrahstar
2156,0,2,icd2k3
2157,0,1,kevin-catlikepuma
2158,0,31,rejasupotaro
2159,0,90,huan
2160,0,4,MarkusLewis
2161,0,4,aesthetic92
2162,0,13,pahud
2163,0,28,abhinavjain241
2164,0,2,naderghanbari
2165,0,1,rahulraghatate
2166,0,5,tholex
2167,0,18,kevinbird61
2168,0,6,bmoscon
2169,0,3,helloco
2170,0,10,dogukankotan
2171,0,15,peterprokop
2172,0,1,lucaswunder
2173,0,5,curtsheller
2174,0,1,ArthurGodet
2175,0,12,msand
2176,0,66,rickhanlonii
2177,0,33,admc
2178,0,7,AdityaHirapara
2179,0,8,Aidosmf
2180,0,10,olefredrik
2181,0,2,fearless23
2182,0,17,margaritis
2183,0,41,jbkunst
2184,0,15,judikdavid
2185,0,2,julien-sarazin
2186,0,1,thydel
2187,0,12,thusitha92
2188,0,10,EvenLjj
2189,0,4,crablab
2190,0,5,DonCallisto
2191,0,38,jacques
2192,0,1,katyvonkaty
2193,0,29,squanchd
2194,0,31,kitebear
2195,0,1,deadbrainviv
2196,0,6,Arjeno
2197,0,24,patrickleet
2198,0,2,prathik
2199,0,5,enriquezm
2200,0,1,anosognosia
2201,0,27,SathyaBhat
2202,0,3,liumcse
2203,88,3,shamanez
2204,0,1,gpernelle
2205,0,11,rohmad-st
2206,0,2,reficul31
2207,0,5,S0c5
2208,0,10,felipepatricio
2209,0,13,fenixlin
2210,0,9,rlatkdgus500
2211,0,15,YutoMizutani
2212,0,13,OlivierJM
2213,0,12,iam-mhaseeb
2214,0,2,siliconMagic
2215,0,1,Dussed
2216,0,2,cop4587
2217,0,3,KevinNum1
2218,0,2,impressioncr
2219,0,31,Apsistec
2220,0,2,ramkrishs
2221,0,10,SleeplessByte
2222,0,7,Bradley-dufe
2223,0,15,fniephaus
2224,0,3,alwaysloseall
2225,0,3,ianhussey
2226,89,3,sadiq1971
2227,0,6,soteropolitano
2228,0,3,nocotan
2229,0,1,IbraheemAlSaady
2230,0,8,kunthar
2231,0,56,fernahh
2232,0,5,peterfox
2233,0,4,electrocucaracha
2234,0,20,sailxjx
2235,0,8,shajanjp
2236,0,8,the-gingerbread-man
2237,0,24,jurre
2238,0,1,camendoza94
2239,0,2,ahanriat
2240,0,17,robertzk
2241,0,52,TFdream
2242,0,1,jathanism
2243,0,16,andyhqtran
2244,0,1,filipeovercom
2245,0,5,apriendeau
2246,0,4,adityachatterjee42
2247,0,14,jbaiter
2248,0,1,SuZiquan
2249,0,3,dargmuesli
2250,0,2,dreamegg
2251,0,1,andyhawks
2252,0,43,VeryCB
2253,0,2,fdulcg
2254,0,2,dbx834
2255,0,8,rayfranco
2256,0,3,sean-clayton
2257,0,4,johnhckuo
2258,0,1,rhasnainanwar
2259,0,17,gravitywp
2260,0,5,rinoldsimon
2261,0,2,joaovitorsilvestre
2262,10,3,rjchauhan
2263,0,27,dwwoelfel
2264,0,4,riomus
2265,0,2,lmazzon
2266,0,1,filipovi
2267,0,4,dnldsht
2268,0,17,adispring
2269,0,20,melanierichards
2270,0,87,Atcold
2271,0,12,tdelhomme
2272,0,3,adesurirey
2273,0,134,erikbern
2274,0,4,KevinSwiftiOS
2275,0,47,ardianta
2276,0,2,maiconmarioto
2277,0,28,imazine
2278,0,10,melihbuyuk
2279,0,4,danalamo
2280,0,1,halilozercan
2281,0,489,nikitavoloboev
2282,0,132,faceyspacey
2283,0,9,hjJunior
2284,0,41,ravisuhag
2285,0,63,kainy
2286,0,17,moyus
2287,0,10,akshatamohanty
2288,93,2,ador
2289,0,1,mirco312312
2290,0,1,paulbrzeski
2291,0,1,EngSalem
2292,0,2,LouiseJSlater
2293,0,4,elphinkuo
2294,0,2,mackintux
2295,0,4,jefersondiniz
2296,0,1,theLMGN
2297,0,6,lucaspelloni2
2298,0,19,shyoshyo
2299,0,17,TiagoNunesDeveloper
2300,0,238,javiereguiluz
2301,0,1,djbobbydrake
2302,0,27,HaviLee
2303,0,7,luislortega
2304,0,5,sam-suresh
2305,0,14,aminembarki
2306,0,2,ChetanBhasin
2307,0,31,guidoschmidt
2308,0,24,d4l3k
2309,0,18,ChillarAnand
2310,0,7,Sacret
2311,0,6,j9ac9k
2312,0,2,lewisdonovan
2313,0,2,jakeyeaton
2314,0,20,aelmasry
2315,0,6,gilsonbp
2316,0,43,jasonmit
2317,0,28,FZambia
2318,0,6,abarza
2319,0,131,derickbailey
2320,0,2,martinus
2321,0,15,killsos
2322,0,4,plv
2323,0,21,dmackerman
2324,0,6,mkaminsky11
2325,0,1,Echo002
2326,0,7,sunshineclt
2327,0,20,clarkie
2328,0,134,RReverser
2329,0,1,imwangxuesen
2330,0,44,AnirudhDagar
2331,0,19,gmyofustc
2332,0,3,kose-y
2333,0,46,aedorado
2334,0,4,linkdd
2335,0,1,paulpanwang
2336,0,4,jorgegorka
2337,0,74,jeremyckahn
2338,0,3,cncqw
2339,0,1,the8th
2340,0,4,hitman186
2341,0,2,AmateurZhang
2342,0,2,Mischa-Alff
2343,0,16,phishy
2344,0,1,Ryo112358
2345,0,6,AjithPanneerselvam
2346,0,4,LoveAndCoding
2347,0,232,bamos
2348,0,7,dmeleshko
2349,0,25,Hackerzzm
2350,0,31,farnetani
2351,0,2,skanygin
2352,0,65,fraserxu
2353,0,28,realyhy
2354,0,1,nickofbh
2355,0,3,dougblackjr
2356,0,3,farazirfan47
2357,0,27,dukex
2358,0,8,5sWind
2359,0,11,carlosmolano
2360,0,9,halftrue
2361,0,10,morpheus-14
2362,0,1,jajamoks
2363,0,5,spemer
2364,0,15,NaxAlpha
2365,0,11,mrcodedev
2366,0,5,ankit1khare
2367,0,5,akkalbist55
2368,0,5,devigner
2369,0,2,azinasili
2370,0,40,jasondu
2371,0,3,billturner
2372,0,27,Cosmo
2373,0,1,binjuhor
2374,0,2,gazebosx3
2375,0,69,danicat
2376,0,13,supercid
2377,0,19,gurgelrenan
2378,0,39,cowboyd
2379,0,4,limasigor2
2380,0,1,gmogas
2381,0,6,LePotatoChef
2382,0,11,Antonio-Laguna
2383,0,2,brev
2384,0,3,Ironman-Jason
2385,0,1,elviento
2386,0,2,ADavidLiu
2387,0,13,TakumaMochizuki
2388,0,5,jparkhill
2389,0,10,jishnujayakumar
2390,0,21,juliendidier
2391,0,16,daoluan
2392,0,3,deiberchacon
2393,0,18,codesandtags
2394,0,9,monospaced
2395,0,1,tedpedersen
2396,0,10,chidiwilliams
2397,0,151,michalbe
2398,0,1,thanhcuong1990
2399,0,1,l3robot
2400,0,27,DmytroLitvinov
2401,0,6,hidehalo
2402,0,18,chenye2017
2403,0,5,BoWang816
2404,0,11,linzebing
2405,0,1,danielprogramic
2406,0,4,priley86
2407,0,1,jsxyhelu
2408,0,2,dsouzadaniel
2409,0,18,heldrida
2410,0,87,Mehedi61
2411,0,1,fmaguire
2412,0,1,SalehMahmood
2413,0,2,sanyuzhang
2414,0,1,josephfraser
2415,0,6,nkmishra1997
2416,0,2,adhyans
2417,0,8,MonkeyOliver
2418,0,2,SylvioMigliorucci
2419,0,1,byron1st
2420,0,98,komeiji-satori
2421,0,28,tigercosmos
2422,0,7,igroomgrim
2423,0,15,aoiroaoino
2424,0,20,Svtter
2425,0,47,juliandavidmr
2426,0,32,hendisantika
2427,0,4,sebslomski
2428,0,1,richackard
2429,0,8,sunwantong
2430,0,12,chagasaway
2431,0,413,maccman
2432,0,11,brianokinyi
2433,0,20,logeshpaul
2434,0,14,Puritanic
2435,0,6,akoken
2436,0,10,maixiaojie
2437,0,7,swainshashwat
2438,0,12,kathcode
2439,0,45,daodaoliang
2440,0,1,andrew-cunliffe
2441,0,1,rpytel1
2442,0,140,AutuanLiu
2443,0,11,clothbot
2444,0,40,june29
2445,0,1,farindra
2446,0,3,karamage
2447,0,15,azs06
2448,94,3,loicginoux
2449,0,5,rsilveira65
2450,0,12,repodevs
2451,0,44,goh-chunlin
2452,0,9,haormj
2453,0,10,mach-kernel
2454,0,1,icecory
2455,0,10,maithoi
2456,0,15,thelostone-mc
2457,0,5,lutangar
2458,0,26,Carlangueitor
2459,0,5,abarriel
2460,0,12,liuhaimingcn
2461,0,28,rogeruiz
2462,0,3,drumusician
2463,0,4,rpg600
2464,0,5,guoxmin
2465,0,35,fehmicansaglam
2466,0,1,RafaelAzeredoDev
2467,0,3,hiscc
2468,0,5,bamsarts
2469,0,2,engstrom
2470,0,4,psinger
2471,0,62,kivervinicius
2472,0,32,playpauseandstop
2473,0,1,GregHilston
2474,0,3,axayjha
2475,0,73,Jacke
2476,0,1,karimchamaa
2477,0,1,7saheelahmed
2478,0,7,petervandenabeele
2479,0,3,DwordPtr
2480,0,1,AlexCatch
2481,0,25,lvarayut
2482,0,11,prabhakaran9397
2483,0,94,PW486
2484,0,6,shiruitao
2485,0,13,n01z3
2486,0,2,shabith
2487,0,1,cmitz
2488,0,4,ripexz
2489,0,31,ZS167275
2490,0,6,MagnusFrater
2491,0,10,raphaelcunha
2492,0,3,KevinGong2013
2493,0,14,horse-latitudes
2494,0,20,laiso
2495,0,11,jakecoffman
2496,0,25,LeoLeBras
2497,0,20,gedeagas
2498,0,11,liangfengbo
2499,0,3,keegoid
2500,0,5,ivobenedito
2501,0,5,spreeker
2502,0,9,ianunruh
2503,0,20,Arisono
2504,0,113,chenjiandongx
2505,0,2,avtyul
2506,0,15,putraxor
2507,0,6,pozitr0n
2508,95,2,hewilliam
2509,0,3,chenzhe142
2510,0,26,cometkim
2511,0,8,fengtalk
2512,0,7,nartc
2513,0,15,onqtam
2514,0,2,greven
2515,0,1,8hantanu
2516,0,50,elrrrrrrr
2517,0,15,firefecker
2518,0,3,patricksrobertson
2519,0,1,evidence0john
2520,0,2,lucassouzamatos
2521,0,7,steppefox
2522,0,4,brunosabot
2523,0,3,BedrockDev
2524,0,1,metalshan
2525,0,1,danis24
2526,0,23,matiasleidemer
2527,0,2,thylaco1eo
2528,97,2,LyoSU
2529,0,3,mylex
2530,0,3,azki
2531,0,9,Nikoleta-v3
2532,0,2,Adam16
2533,0,4,dblodorn
2534,0,2,thejeffreystone
2535,0,1,mkohout
2536,0,32,joshmanders
2537,0,3,tbergeron
2538,0,31,Fluidbyte
2539,0,6,mozinator
2540,0,6,Frost-Lee
2541,0,7,HwangJJung
2542,0,2,afstanton
2543,0,5,KathenZK
2544,0,9,BenDiuguid
2545,0,18,Zizzamia
2546,0,3,sidkuma24
2547,0,17,lpy
2548,0,3,BharatDadwaria
2549,0,2,angao
2550,0,8,muthugit
2551,0,30,folz
2552,0,13,eaglewarrior
2553,0,2,izzet
2554,0,1,rubenmeza
2555,0,8,surya4
2556,0,99,neoziro
2557,0,9,Shannon-Yang
2558,0,13,fredliang44
2559,0,23,fwon
2560,0,7,rogyar
2561,0,91,flavioribeiro
2562,0,25,smallSohoSolo
2563,0,2,jahlherapath
2564,0,4,rjstyles
2565,0,3,chunghe
2566,0,23,tejitak
2567,0,46,perfectmak
2568,0,3,Ugenteraan
2569,0,19,Y-LyN-10
2570,0,2,mingx009
2571,0,1,pwh11
2572,0,1,brandonburkett
2573,0,20,jeremyFreeAgent
2574,0,12,canisminor1990
2575,0,65,Gavin-Gong
2576,0,1,chitrang6
2577,0,21,mmstick
2578,0,5,felpin
2579,0,18,danielhanchen
2580,0,2,LuciferJack
2581,0,1,AnkurSatya
2582,0,2,bloomlj
2583,0,4,emakhov
2584,0,6,skytreader
2585,0,3,faizan30
2586,0,9,six-ddc
2587,0,6,ShinokiRyosei
2588,0,1,robenten
2589,0,7,dwikychandra21
2590,0,43,mauriciord
2591,0,7,alissoncs
2592,0,4,blx
2593,0,2,shanjit
2594,0,5,Abdelaziz18003
2595,0,7,jfdelarosa
2596,0,5,WinjayYu
2597,0,48,Mark24Code
2598,0,3,sarojthapa60
2599,0,5,pahlevikun
2600,0,1,rabmarjan
2601,0,11,almamuncsit
2602,0,7,it950
2603,0,64,andycall
2604,0,5,DevKenny
2605,0,11,JamieMaple
2606,0,2,eddiesmo
2607,0,8,dhanifudin
2608,0,10,gianpaj
2609,0,3,MayMeow
2610,0,23,marktopper
2611,0,31,onstash
2612,0,8,dragonstylecc
2613,0,2,hungthai1401
2614,0,22,rvlobato
2615,0,4,HawkingOuYang
2616,0,6,brohlson
2617,0,4,allanwhite
2618,0,16,pntttt
2619,0,4,einarlove
2620,0,4,leekangtaqi
2621,0,2,heiybb
2622,0,1,bolinocroustibat
2623,0,4,kingder-c
2624,0,1,dilshad-cp
2625,0,13,jimbuck
2626,0,7,levitation
2627,0,6,shubham-prasad
2628,0,8,jmichelin
2629,0,25,pedrofracassi
2630,0,2,Gmunker
2631,0,4,giwa
2632,0,1,mahmoudtokura
2633,0,6,Lofanmi
2634,0,10,abhi4ssj
2635,0,467,joyeecheung
2636,0,3,MrS4w
2637,0,4,elesdoar
2638,0,9,shenjunru
2639,0,2,pharesdiego
2640,0,4,damienroche
2641,0,4,sandersonet
2642,0,2,ZZhaoTireless
2643,0,4,jigar1101
2644,0,3,ChipaKraken
2645,0,2,nikyim
2646,130,1,rndlaine
2647,0,13,JimLee4530
2648,0,1,ptheywood
2649,0,4,sergeycherepanov
2650,0,1,teddyaryono
2651,0,8,hammadhaleem
2652,0,3,dplarson
2653,0,43,pamil
2654,0,2,dtaalbers
2655,0,3,joacim-boive
2656,0,6,iverenshaguy
2657,0,4,giraysam
2658,0,8,duf1991
2659,0,5,dkanejs
2660,0,29,mrflip
2661,0,1,justinleewells
2662,0,26,pablofeijo
2663,0,38,asilbalaban
2664,0,3,ppizarror
2665,0,4,pkrush
2666,0,2,aphor
2667,0,2,jasonday
2668,0,1,dannysmith
2669,0,24,iFighting
2670,0,2,nikolajohn
2671,0,10,craftbynick
2672,0,88,firede
2673,0,1,shakingkelly
2674,0,2,BaccanoEva
2675,0,13,SasiDharKM
2676,0,13,gkor
2677,0,9,koalahl
2678,338,2,TDA
2679,0,2,sander
2680,0,3,jcontrerasm
2681,0,4,olegabr
2682,0,8,jmayalag
2683,0,63,dannguyen
2684,0,25,ismailakbudak
2685,0,3,joshua-hw
2686,0,5,monsieurnebo
2687,0,3,aucan
2688,0,1,merfii
2689,185,2,hoektoe
2690,0,28,locks
2691,0,1,Ajaxsoap
2692,0,4,madhudskumar
2693,0,3,amjadrana05
2694,0,13,mpenet
2695,0,11,si
2696,0,11,rinukkusu
2697,0,3,bernardmcmanus
2698,0,1,sintret
2699,0,4,Miljan9602
2700,0,7,claudiovallejo
2701,0,75,hpdang
2702,0,58,pravj
2703,0,2,Mr-Magnificent
2704,0,28,liaojinxing
2705,0,5,junjun-jiang
2706,0,54,Scrum
2707,0,3,lihuiyao1986
2708,0,3,keithk
2709,0,1,naveen84123
2710,0,3,doughsay
2711,0,5,Sid2697
2712,0,10,sehmon
2713,88,1,sapkotashardul
2714,0,33,Mevrael
2715,0,5,romulomadu
2716,0,2,agbaber
2717,0,5,goldblade
2718,0,9,bamtron5
2719,0,4,siwatpru
2720,0,25,phatboyg
2721,0,1,Mrashes
2722,0,23,Emaasit
2723,0,23,hologerry
2724,0,7,shihochan
2725,0,7,hemal7735
2726,0,2,godlaugh
2727,0,4,kranzky
2728,0,19,tengshe789
2729,0,30,hbueno
2730,0,6,gcman105
2731,0,6,ksujan
2732,0,4,ankur25140
2733,0,6,corsair
2734,0,2,cmkumar87
2735,0,4,alfaridi
2736,0,10,hlogeon
2737,0,17,df7c5117
2738,0,4,forstermatth
2739,0,1,bingdong700
2740,0,1,bdeloeste
2741,0,22,ilker0
2742,0,86,syoichi
2743,0,6,jatempa
2744,0,1,junaid1460
2745,0,1,enoch232
2746,0,10,jvillarejo
2747,0,9,MarkSecada
2748,0,2,sheetsvicky
2749,0,3,olivierdupuis
2750,0,23,kevin3747118
2751,0,25,Chriskuei
2752,100,1,anEffingChamp
2753,0,6,pk-rawat
2754,0,3,ShantanuKamath
2755,0,115,khanhnamle1994
2756,0,12,keelii
2757,0,5,iamSokhi
2758,0,4,jaydp17
2759,0,3,chrisblakley
2760,0,6,dong77
2761,0,3,arnaudbos
2762,0,2,StandAloneComplex666
2763,0,5,edytk
2764,0,4,qhenkart
2765,0,1,stormcrows
2766,0,1,AI-Enthusiast
2767,0,22,nguptaa
2768,0,3,Kuluso97
2769,0,1,binhbt
2770,0,3,sachdevs
2771,0,2,meet2me
2772,0,5,chilimyan
2773,0,6,aliceadativa
2774,0,31,2dxgujun
2775,0,3,jvandenaardweg
2776,0,8,cyrildotcc
2777,0,1,VassilisPallas
2778,0,57,ra1028
2779,0,15,4383
2780,0,47,mitsuruog
2781,0,3,gonzapico
2782,0,10,gogson
2783,0,7,lsc95
2784,0,5,Slasnista
2785,0,1,pnoker
2786,0,5,mpetyx
2787,0,7,ierceg
2788,0,8,pcdotfan
2789,215,1,daniellawrence
2790,0,1,josecols
2791,0,7,rodrigopolo
2792,0,13,jsatk
2793,0,1,Luckyfoxdesign
2794,0,9,paulinhapenedo
2795,0,8,samuxyz
2796,0,3,glentner
2797,0,1,pengjinning
2798,0,3,olivierboucher
2799,0,9,deep-introspection
2800,0,2,mxss
2801,0,8,linxinhua1993
2802,0,3,brandon14
2803,0,43,paulyang1990
2804,0,21,angeliaz
2805,0,19,ajayns
2806,0,65,gillchristian
2807,0,1,sumeetkr
2808,0,49,beaugunderson
2809,0,14,jsoranno
2810,0,102,leto
2811,0,20,G-Ray
2812,0,14,eyas-ranjous
2813,0,3,j0hnm4r5
2814,0,3,giannisalinetti
2815,0,2,grootfish
2816,0,72,lenville
2817,0,5,0bman
2818,0,1,MarkMoHR
2819,0,2,cyberzilla
2820,0,3,ircsasw
2821,0,11,haofeixu
2822,0,9,AndressaStefany
2823,0,4,ltyhome
2824,0,3,ruyonga
2825,0,3,Rayzr522
2826,0,8,mac2394
2827,0,2,Apedneka
2828,0,8,robhaj
2829,0,3,odeloic
2830,0,1,shenxiaodaosanhua
2831,0,1,finchcn
2832,0,4,dyazincahya
2833,0,3,neilyoyoyoyo
2834,0,17,mohi7solanki
2835,0,7,derkhadim
2836,0,23,marufmax
2837,0,63,ruffrey
2838,0,13,jeffotoni
2839,0,8,harsathAI
2840,0,7,akuma
2841,0,1,LucasMartinCalderon
2842,0,7,snemvalts
2843,0,5,Patrickctyyx
2844,0,27,oguzhanaslan
2845,0,5,michaelerobertsjr
2846,0,4,DaHaiHuha
2847,0,3,noclat
2848,0,5,nealfennimore
2849,0,5,ruizuo007
2850,0,11,nasimrahaman
2851,0,1,Chenyifei-FDU
2852,0,9,fabiomartins87
2853,0,1,lxl0928
2854,0,14,gtallen1187
2855,0,18,mayurbhangale
2856,0,29,adithya321
2857,0,22,jrief
2858,0,11,jok3rcito0
2859,0,15,kobeHub
2860,0,2,alexvpickering
2861,0,17,ZQ-jhon
2862,0,3,aortbals
2863,0,5,Hsury
2864,0,17,YapengTian
2865,0,3,mshahriarinia
2866,0,1,jsunier
2867,0,25,Far0s
2868,0,15,mrxinu
2869,0,5,nieves-abalos
2870,0,2,runArun
2871,0,6,bcb
2872,0,116,badu
2873,0,1,RahulDamineni
2874,0,4,emlun
2875,0,1,josftm
2876,0,11,ourway
2877,0,2,bookug
2878,0,4,ashutoshaay26
2879,0,11,QuietWind
2880,0,15,freesouls
2881,0,16,pod4g
2882,0,5,anurag145
2883,0,25,jreina
2884,0,3,glebez
2885,0,27,syno3
2886,0,12,TrojanFighter
2887,0,8,dmitmel
2888,0,7,erseco
2889,0,2,mstepien
2890,0,14,IgorMing
2891,0,2,feng-li
2892,0,19,geekcom
2893,0,1,craig-o-curtis
2894,0,3,BradleyFaught
2895,0,5,supergyz
2896,0,152,andrewrk
2897,0,12,onedou
2898,0,14,jangaraj
2899,0,1,jaguadoarias
2900,0,23,FishPlusOrange
2901,0,19,A-Tokyo
2902,0,2,srajsharma
2903,0,1,clems4ever
2904,0,26,tamert
2905,0,7,LoopGan
2906,0,12,danielsogl
2907,0,120,terryum
2908,0,8,takp
2909,0,79,resouer
2910,0,3,hanskrupakar
2911,0,16,dankohn
2912,0,43,gejiaheng
2913,0,1,jdrew1303
2914,0,2,TonyCletus
2915,0,49,supertinou
2916,0,5,johnnyqian
2917,0,6,crodriguez1a
2918,0,17,jgchenu
2919,0,9,fffabs
2920,0,1,skedone
2921,0,1,TimothyLe
2922,0,4,kantologist
2923,0,1,sreejith-mohanan
2924,0,3,rtgdk
2925,0,12,robi56
2926,0,10,darthbhyrava
2927,0,49,jergason
2928,0,1,aakashkh
2929,0,1,Anatolie
2930,0,15,pavankumardasireddy
2931,0,10,nevzatgunay
2932,0,7,seldridge
2933,0,13,Lloople
2934,0,2,nobodyiscertain
2935,0,9,karthikziffer
2936,0,1,adamskt
2937,0,15,Evilcome
2938,0,16,AlexisTM
2939,0,30,teppeis
2940,0,1,cyriacusifeanyi
2941,0,9,Cperbony
2942,0,6,Edderic
2943,0,1,evan-goode
2944,0,5,dotkebi
2945,0,10,liuzhao2007
2946,0,3,Paskalouis
2947,0,1,corefish
2948,0,18,Praneet460
2949,0,5,debugly
2950,0,2,ProWhalen
2951,0,4,claygriffiths
2952,0,17,angelini
2953,0,38,artyomtrityak
2954,0,19,rodrigolungui
2955,0,1,Data-ptr
2956,0,2,ZivLi
2957,0,1,CavHack
2958,102,1,miloszmd
2959,0,4,laumair
2960,0,16,WebFreak001
2961,0,2,dshahrokhian
2962,0,1,J10240221
2963,0,1,mxmgilbert
2964,0,5,aktug
2965,0,1,rubenmulero
2966,0,4,farukc
2967,0,30,abalone0204
2968,0,1,Sandiagal
2969,0,14,giuseppemorelli
2970,0,13,Kirkhammetz
2971,0,10,postalservice14
2972,0,5,julles
2973,0,8,ashishkrishnan
2974,0,1,bojandevic
2975,0,6,Prithvirajbilla
2976,0,2,m13poul
2977,0,7,dineshkhadka
2978,0,3,codemasta
2979,0,70,leecade
2980,0,6,darryldecode
2981,0,1,Chinaxiang
2982,0,7,sinomiko
2983,0,5,sdabikar
2984,0,24,Mukosame
2985,0,3,eopXD
2986,0,3,amyboyd
2987,0,5,sgoldens
2988,105,3,RyuYamamoto
2989,0,4,terry623
2990,0,1,jchenpanyu
2991,0,5,oneword416
2992,0,17,sritchie
2993,0,1,danebell
2994,0,9,Octane
2995,0,8,alokkshukla
2996,0,5,Meteorix
2997,0,7,olekscode
2998,0,6,icinghuan
2999,0,1,UbaldoRosas
3000,0,10,JSupot
3001,0,8,AndrewHazelden
3002,0,9,gzuidhof
3003,0,5,miaoxw
3004,0,3,abhyantrika
3005,0,5,SherloxFR
3006,0,45,ottomao
3007,0,24,marcellkiss
3008,106,2,mzrimsek
3009,0,1,AlvinZSJ
3010,0,6,ghostgzt
3011,0,7,a-r-d
3012,0,2,kexoth
3013,0,2,belph
3014,0,36,exfly
3015,0,2,ruofee
3016,0,104,NandoKstroNet
3017,0,7,shaoniangu
3018,0,1,k0d3d
3019,0,4,fclehly
3020,0,1,japf
3021,0,13,chicojunior
3022,0,2,shawnau
3023,0,2,didinkaj
3024,0,2,benjamingarcia
3025,0,2,mroker242
3026,0,1,newpanjing
3027,0,7,labtocat
3028,0,35,spiermar
3029,0,10,abderraouf-safsaf
3030,0,33,rava-dosa
3031,0,124,neauoire
3032,0,51,SunShinewyf
3033,0,2,KaiChen1998
3034,0,4,endrureza
3035,0,3,DellysonSplendid
3036,0,8,thadguidry
3037,0,1,ryutamaki
3038,0,6,kashifo
3039,0,24,stuyam
3040,0,10,kelvv
3041,0,2,malagant
3042,0,11,KrishnaManeeshaDendukuri
3043,0,7,jangalinski
3044,0,7,arshpreetsingh
3045,0,77,mr-karan
3046,37,1,letterj
3047,0,4,JosephPai
3048,0,11,markselby9
3049,0,2,drxaos
3050,0,1,rotemtam
3051,0,8,james9909
3052,0,4,inferne
3053,0,63,dexhunter
3054,0,22,katsos
3055,0,4,mingard
3056,0,23,buley
3057,0,3,nbansal90
3058,0,6,dongxi346
3059,0,79,LeoAJ
3060,0,4,tgrrr
3061,0,7,pengloo53
3062,0,14,apburnes
3063,0,10,alfredobarron
3064,0,26,malithmcr
3065,0,7,sahil87
3066,0,7,serdardemir
3067,0,15,sddtc
3068,0,1,eduardouio
3069,0,13,svarlamov
3070,0,11,Zegendary
3071,0,9,mrmarktyy
3072,0,23,tilomitra
3073,0,13,EmmanuelDemey
3074,0,2,anpa
3075,0,2,Ceolium
3076,0,11,WagnerMoreira
3077,109,3,flosommerfeld
3078,0,5,joaoantoniocardoso
3079,0,8,DrewDouglass
3080,0,1,jianqiao0313
3081,0,73,ebrugulec
3082,0,7,YYCoder
3083,0,3,JiaweiZhuang
3084,0,8,dariocravero
3085,0,1,jzimermann
3086,0,2,Masum06
3087,0,7,Jennifer1996
3088,0,10,oooo723
3089,0,7,ITJesse
3090,0,4,ffraenz
3091,0,2,nicollasmatheus
3092,0,2,atheiman
3093,0,5,kyrcha
3094,0,6,angenal
3095,0,1,albincorreya
3096,0,1,mellogarrett
3097,0,5,JKeun
3098,0,35,KhaledElAnsari
3099,0,6,Tiago-Lira
3100,0,1,chclock
3101,0,4,nikAizuddin
3102,0,1,felipeklafke
3103,0,2,charlielin99
3104,0,1,HaroldHoo
3105,0,7,ethanwillis
3106,0,10,pedroandrade
3107,0,13,marcacohen
3108,0,24,bitliner
3109,0,19,michelmany
3110,0,5,mingzhang-yin
3111,0,5,clxering
3112,0,5,enlighter
3113,0,21,rmfranciacastillo
3114,0,2,ahsan154
3115,0,16,liujunming
3116,0,19,shiyi001
3117,0,8,ftlno
3118,0,9,Fazendaaa
3119,0,13,khalidahmada
3120,0,2,darlandieterich
3121,0,11,fitorec
3122,0,71,lixiaoyan
3123,0,2,andyiwen
3124,0,3,chenshen03
3125,0,4,MingLunHan
3126,0,2,n313893254
3127,0,2,Connor323
3128,0,27,olddonkey
3129,0,6,ganziqim
3130,0,6,thenewsky
3131,0,73,jbranchaud
3132,0,11,GiulioRossetti
3133,0,21,iamhabbeboy
3134,0,4,liuyang-it
3135,0,53,gdequeiroz
3136,0,4,giopagliari
3137,0,2,david500834
3138,0,3,hivokas
3139,0,7,mozzarellaV8
3140,0,19,sean9999
3141,0,3,ausir0726
3142,0,12,Vichoko
3143,0,28,ktr0731
3144,0,2,Deandrew007
3145,0,12,mehrdadrad
3146,0,5,aru31
3147,0,4,kochizufan
3148,0,12,hisener
3149,0,6,blackst0ne
3150,0,2,dmiotti
3151,0,7,shonoru
3152,0,7,jonhester
3153,0,738,sorrycc
3154,0,37,MontaEllis
3155,0,5,dsteinberg
3156,0,3,christophertrml
3157,0,92,hegdeashwin
3158,0,6,sanfilippopablo
3159,0,4,alorozco53
3160,0,86,tejasmanohar
3161,0,15,mucahit
3162,0,8,lonelam
3163,0,5,Cheedoong
3164,0,3,PhilipCastiglione
3165,0,8,nandoquintana
3166,0,25,NetoDevel
3167,0,2,YousifHmada
3168,110,1,jr-cologne
3169,0,32,benjie
3170,0,4,ilsotov
3171,0,10,inthra-onsap
3172,0,4,Ming-Lian
3173,0,2,sin2akshay
3174,0,8,loveonelong
3175,0,3,leminhtuan2015
3176,0,3,renanbonette
3177,0,15,Hyra
3178,0,2,JonathanYiv
3179,0,46,liuhaoyang
3180,0,7,maltrics
3181,0,2,adamweeks
3182,0,20,thiagosf
3183,0,8,Jouryjc
3184,0,2,rgreenjr
3185,0,11,sutanlab
3186,0,6,Richard-An
3187,0,43,nikolenkoanton92
3188,0,3,adamrushuk
3189,0,5,singhsugga
3190,0,11,chenyangh
3191,0,10,prateeksawhney97
3192,0,2,synax
3193,0,5,aitoralmeida
3194,0,8,Saleh7
3195,0,32,goanpeca
3196,0,6,HarrisLee
3197,0,3,dgmstuart
3198,0,1,kbeswick
3199,0,1,taurenk
3200,0,31,hwwang55
3201,0,7,GLChan
3202,0,2,jmarca
3203,0,2,kotborealis
3204,0,2,GopeshMedayil
3205,0,21,danishkhan
3206,0,16,kslr
3207,0,1,MandyMo
3208,0,48,norcross
3209,0,3,briandailey
3210,0,10,mom0tomo
3211,0,6,giordanna
3212,0,5,bangadam
3213,0,16,samcorcos
3214,0,22,chenhsuanlin
3215,0,5,monmartins
3216,0,7,iMagdy
3217,0,19,junpenglao
3218,0,16,bmwilly
3219,0,5,plmsmile
3220,0,7,MElHussieni
3221,0,14,susananddaicy
3222,0,1,andresgsaravia
3223,0,1,kilitary
3224,0,5,nickhudkins
3225,0,2,dcappellin
3226,0,67,superRaytin
3227,0,4,arakash92
3228,0,63,bih
3229,0,2,liamthorpeyoung
3230,0,2,cfr2ak
3231,0,5,lingarajsankaravelu
3232,0,5,rinechran
3233,0,58,lirantal
3234,0,5,spongedu
3235,0,10,Kyle2501
3236,0,87,marcoroganovic
3237,0,16,DropFan
3238,0,1,dongshimou
3239,0,13,diegorodriguesvieira
3240,0,3,garethfuller
3241,0,21,LKI
3242,0,1,JHinW
3243,0,10,jsanz
3244,0,2,jianxcao
3245,0,1,longlh
3246,0,21,alexrs
3247,0,3,koole
3248,0,1,deepixel
3249,0,14,ignaciogiri
3250,0,41,muhammedzaimtr
3251,0,5,amitsin6h
3252,0,81,hone
3253,0,6,lebornjose
3254,0,1,rtymchyk
3255,0,37,koenpunt
3256,0,11,Clalloures
3257,0,8,njuettner
3258,0,2,sayyanfu
3259,0,2,jpredham
3260,0,3,kmtu
3261,0,3,Kaakati
3262,0,2,lintmx
3263,0,8,NigelEarle
3264,0,7,christiawaneko
3265,0,6,bidyashish
3266,0,9,HarishBakka
3267,0,10,kandizzy
3268,0,2,davidfliu
3269,0,14,Wbqqqq
3270,0,1,alexpanov
3271,0,7,aaronbesson
3272,0,5,YoungjunNa
3273,0,1,sid10on10
3274,0,1,joseSantacruz
3275,0,14,alesguzik
3276,0,1,JarekParal
3277,0,7,maguohui
3278,0,2,sam179
3279,0,3,sjankin
3280,0,2,miaofu
3281,0,15,SeunAdelekan
3282,0,2,JonCGroberg
3283,0,6,2aces
3284,0,25,azet
3285,0,4,rkueny
3286,0,2,SergioWiesner
3287,0,2,SimonHFrost
3288,0,27,liao3841054
3289,0,1,kamei86i
3290,0,3,Castaire
3291,0,1,crissto
3292,0,7,axlos
3293,0,5,mortonjt
3294,0,2,CG1507
3295,0,10,Reyurnible
3296,0,1,akbarik
3297,0,12,K-Wu
3298,0,5,rogerbenevento
3299,0,6,ihororlovskyi
3300,0,6,bastienrobert
3301,53,2,raghukul01
3302,0,1,lancekruegger
3303,0,6,LukeeeeBennett
3304,0,5,aberba
3305,0,6,LSaldyt
3306,0,103,mattpodwysocki
3307,0,2,keith666666
3308,0,6,doesdev
3309,0,3,LuukvE
3310,0,1,incca
3311,0,6,austinkregel
3312,0,15,nickytonline
3313,0,14,chuyuqiao
3314,0,14,netoguimaraes
3315,0,4,alexwitherspoon
3316,0,6,benashman
3317,0,14,rschlaefli
3318,0,1,arvidzt
3319,0,2,caluap
3320,0,5,linuxonrails
3321,0,2,norbertsienkiewicz
3322,0,6,micah-akpan
3323,0,4,quejuwen
3324,0,2,lakmalniranga
3325,0,11,maldechavda
3326,0,2,ianherzog
3327,0,3,Ice-Cirno
3328,0,7,ivanov-v-v
3329,0,27,DougFischer
3330,0,1,jyoansah
3331,0,33,semul
3332,0,5,hensapir
3333,0,2,andreoliwa
3334,0,7,mavimo
3335,0,62,intltechventures
3336,0,30,mwunsch
3337,0,1,MinggangZhao
3338,0,8,shihabmi7
3339,0,3,kylepeeler
3340,0,7,royge
3341,0,4,rlgod
3342,0,6,olala7846
3343,0,7,teknogeek
3344,0,7,m2mathew
3345,0,18,sayyidsh
3346,0,2,somedev
3347,0,1,orapradeep
3348,0,11,backslash112
3349,0,10,flangofas
3350,0,1,jvmartinez
3351,0,47,C-isCoder
3352,0,74,darul75
3353,0,11,chenyyx
3354,0,2,cyrushu
3355,0,14,scouvreur
3356,0,70,c4pt0r
3357,0,5,kvivek4you
3358,0,20,ISKU
3359,0,7,Axelaredz
3360,0,3,CaesarPan
3361,0,23,davidhellmann
3362,0,2,nitinsh99
3363,0,19,eccstartup
3364,0,2,chenchao2016
3365,0,3,YellowPure
3366,0,1,rahulsmehta
3367,0,21,no13bus
3368,0,24,Suburbanno
3369,0,8,chasemccoy
3370,0,12,Dayof
3371,0,1,stasgar
3372,0,1,andrewedstrom
3373,0,6,XC-Zhang
3374,0,34,tianweidut
3375,0,20,don-smith
3376,0,3,naginoasukara
3377,0,1,Vincentcent1
3378,0,98,damoqiongqiu
3379,0,3,shivareddyiirs
3380,0,10,davidromani
3381,0,2,frap129
3382,0,1,mflor35
3383,0,1,Jessekevon
3384,0,10,anandwana001
3385,0,3,mashruravi
3386,0,17,IonDen
3387,0,4,princewck
3388,0,16,mrtnzlml
3389,0,1,jeffreyvanhees
3390,0,24,simplegis
3391,0,7,katabame
3392,0,4,alofgreen
3393,0,2,DavidXiong2012
3394,0,2,openjavascript
3395,0,1,hajekj
3396,0,27,endrebak
3397,0,18,Panl
3398,0,63,jinhuizxc
3399,0,3,jeremyben
3400,0,9,Hjyheart
3401,0,23,chapzin
3402,0,20,cyberid41
3403,0,2,huangshihao666
3404,0,1,Akshaysehgal2005
3405,0,34,Guikingone
3406,0,3,GrandNewbien
3407,0,4,dyf102
3408,0,3,consindo
3409,0,2,marcielleal
3410,0,9,piascikj
3411,0,6,konglx90
3412,0,3,Minzhe
3413,0,6,nicjansma
3414,0,22,AlvinYuXT
3415,0,3,5un
3416,0,89,nacyot
3417,0,18,diogomachado
3418,0,28,rsepassi
3419,0,4,joews
3420,0,4,bdthemes
3421,0,2,JaySpears
3422,0,3,popfeng
3423,0,9,iampbernardo
3424,0,45,mager
3425,0,5,liuence
3426,0,12,lixiaojiee
3427,0,29,jakepruitt
3428,0,7,HarshitKaushik
3429,0,35,robert-cronin
3430,0,3,sugeerth
3431,0,2,JamesGarciap
3432,0,9,dangerzone08
3433,0,10,CMCDragonkai
3434,0,18,bradleyboehmke
3435,0,8,carlgogo
3436,0,14,jianghao1123
3437,0,2,adhorrig
3438,0,18,rezafaizarahman
3439,0,6,damiepsz3
3440,0,12,aquaskyline
3441,0,4,BrandonXie
3442,0,4,horensen
3443,0,2,bhandari-nitin
3444,0,5,avlima
3445,0,9,erikschlegel
3446,0,33,cheton
3447,0,56,Chinggis6
3448,0,3,jtcho
3449,0,7,kylebrowning
3450,0,3,Clijsters
3451,0,33,Kiritow
3452,0,2,juanlvo
3453,0,6,mschwartz
3454,34,4,Pinkman026
3455,0,35,Sanchez3
3456,0,3,jdhorwitz
3457,116,2,iwazaru
3458,0,4,liushuping
3459,0,6,jaycenhorton
3460,0,10,LJNGDAHL
3461,0,5,joshualambert
3462,0,7,benjaminbollen
3463,0,16,molizz
3464,0,7,lubegasimon
3465,0,6,brant-hwang
3466,0,43,Dovyski
3467,0,4,JorgeFerrer
3468,100,2,rickumali
3469,0,10,mrdream24
3470,0,22,adambutler
3471,0,6,misaochan
3472,0,3,Voknehzyr
3473,0,5,shamilfrontend
3474,0,42,michaelBenin
3475,0,19,rappasoft
3476,0,1,leshek-pawlak
3477,0,6,patleeman
3478,0,1,rizkyaners
3479,0,6,briancline
3480,0,5,goto456
3481,0,4,crijke
3482,265,2,sahaskatta
3483,0,84,subtleGradient
3484,0,2,GuilhermeAlbert
3485,0,7,luckyyyyy
3486,0,4,othercodes
3487,0,3,chanjh
3488,0,3,mmattar
3489,0,13,pulver22
3490,0,3,sukanta-27
3491,0,290,oldratlee
3492,0,3,AlexeyBuryanov
3493,0,2,Bonnieliuliu
3494,0,6,bponomarenko
3495,0,5,luisabarca
3496,0,15,FRANKIETANG
3497,0,7,Kuchiriel
3498,0,5,alencarlucas
3499,0,7,riktar
3500,0,6,Comcx
3501,0,1,minhaz1
3502,0,61,Naituw
3503,0,9,fabienjuif
3504,0,1,barnabas-szekeres
3505,0,17,onurkagan
3506,247,2,Varkal
3507,0,5,burnsjeremy
3508,0,127,MakChan
3509,0,12,Lukereonal
3510,0,81,ajdavis
3511,0,12,elipskiy
3512,0,5,Borderliner
3513,0,6,RochaCarla
3514,0,11,fredw
3515,0,65,nsisodiya
3516,117,1,terng03412
3517,0,9,newhiwoong
3518,0,10,redemptgtx
3519,0,1,HuangJunye
3520,0,58,MoatazAbdAlmageed
3521,0,24,hoop33
3522,0,26,CPPAlien
3523,0,4,championballer
3524,0,5,Oyaxira
3525,0,1,markahesketh
3526,0,3,UkiDLucas
3527,0,3,MissyM
3528,0,2,teriiehina
3529,0,4,biancode
3530,0,8,stmatengss
3531,0,5,patidarparas13
3532,0,3,andrewlouis93
3533,0,3,gchtr
3534,0,10,RadnoK
3535,0,9,lsbardel
3536,0,8,evalexpr
3537,0,12,einse
3538,0,2,gabrielwry
3539,0,2,shaleenx
3540,0,11,eddietree
3541,0,3,BrandonMathis
3542,0,15,moneyDboat
3543,118,2,muskie9
3544,0,1,himalayasingh
3545,0,4,caimiao0714
3546,0,126,ceejbot
3547,0,4,leehankyeol
3548,0,2,progh2
3549,0,4,Muzaffardjan
3550,0,1,iMateo
3551,0,4,hanlyjiang
3552,0,18,sivanWu0222
3553,0,7,tarymee
3554,0,29,thibmaek
3555,0,3,andrespch
3556,0,6,be-hase
3557,0,4,bertocq
3558,0,2,fakharkhan
3559,0,1,nickgio
3560,0,1,motus
3561,0,9,marcelmaatkamp
3562,0,2,nalzok
3563,0,2,badamifs
3564,0,4,kelindar
3565,0,4,mclintprojects
3566,0,4,thunderqin
3567,0,8,matrush
3568,0,9,mertyildiran
3569,0,2,merishnaSuwal
3570,0,13,gutosanches
3571,0,1,AUGUSTRUSH8
3572,0,23,savalazic
3573,0,1,braindeadpool
3574,0,1,smoothlikejazz
3575,0,6,Tolsi
3576,0,6,agileurbanite
3577,0,10,Ornataweaver
3578,0,6,loorlab
3579,0,20,sujitrulz
3580,0,1,Athuli7
3581,0,5,lucashtc
3582,0,14,jvican
3583,0,14,petercunha
3584,0,1,mcgizzle
3585,0,1,jwanglof
3586,0,1,cor
3587,0,10,roonyh
3588,0,17,joellobo
3589,0,14,mohitkh7
3590,0,14,arjunmayilvaganan
3591,0,38,callumacrae
3592,0,5,morsecodemedia
3593,0,4,BriceChou
3594,0,21,monigarr
3595,0,17,raduq
3596,0,27,JikkuJose
3597,0,13,andriawan
3598,0,2,nayluge
3599,0,3,leandrogoncalves
3600,0,1,markim94
3601,0,11,hubhack
3602,0,18,haoransh
3603,0,14,lm2343635
3604,0,31,angeliski
3605,0,5,frostming
3606,0,1,farisT
3607,0,21,rootart
3608,0,3,christopherobin
3609,0,1,qitong
3610,0,2,ccbenavides
3611,0,25,romac
3612,0,5,DuncanLewis
3613,0,1,mrT4ntr4
3614,0,4,TauWu
3615,0,1,likesiwell
3616,0,3,ashishchopra
3617,0,15,PoacherBro
3618,0,3,ChihMin
3619,0,3,claydiffrient
3620,0,27,estraviz
3621,0,1,mdurmuss
3622,0,2,SnDer
3623,0,7,aandrewww
3624,0,26,iagobelo
3625,0,115,Desgard
3626,0,1,chenguanzhi
3627,0,5,lyhluo
3628,0,3,Arvintian
3629,0,2,kephin
3630,0,8,JobQiu
3631,0,1,rozzs74
3632,0,6,AbimaelAndrade
3633,0,32,shiya
3634,0,6,djabif
3635,0,9,XudongLiuHarold
3636,0,2,elchinot7
3637,0,113,s4kibs4mi
3638,0,1,cianmscannell
3639,0,2,JiachenRen
3640,0,7,michellemashutian
3641,0,3,perjo927
3642,0,10,Metrakit
3643,0,6,fhdhsni
3644,0,4,jsimpson
3645,0,3,AguacateVelarde
3646,0,2,GreenMouth
3647,0,15,m7mdkamal
3648,0,7,mr-woot
3649,0,22,davidbernegger
3650,0,9,ddayguerrero
3651,0,9,jiqing9006
3652,0,1,cherryred5959
3653,0,2,jourlin
3654,0,6,bdice
3655,0,14,ShawnXxy
3656,0,3,FrancisSoung
3657,0,12,kiq7
3658,0,63,radex
3659,0,6,VincentCheungM
3660,0,2,alvapatrice
3661,0,2,slydeveloper
3662,0,2,theredfish
3663,0,5,TurboTobias
3664,0,4,rhsimplex
3665,0,10,kylebgorman
3666,0,10,aurrelhebert
3667,0,4,rudvlf0413
3668,0,2,david-yoon
3669,0,7,bgian
3670,0,6,PhrenoVermouth
3671,0,19,herpiko
3672,0,31,Integ
3673,0,2,Ymiku
3674,0,7,dacoto
3675,0,1,REX500
3676,0,15,JohnAllen
3677,0,9,barisusakli
3678,0,30,asifvora
3679,0,3,sashgorokhov
3680,0,5,ovcharenkoo
3681,0,1,glederrey
3682,0,1,BalachandraTejas
3683,0,2,qinfengzhu
3684,0,13,Kalvar
3685,0,17,2050utopia
3686,0,1,MatheusNaldi
3687,0,15,YeWenting
3688,0,5,selbyk
3689,0,2,jeserkin
3690,0,8,hpaicf
3691,0,2,danilogcarolino
3692,0,2,jamieweavis
3693,0,13,kbiakov
3694,0,1,guilhermefilippo
3695,0,9,jimjeffers
3696,0,4,rayryeng
3697,0,5,BadWaka
3698,0,12,tenstone
3699,0,3,millerdrew
3700,0,80,arkokoley
3701,0,82,juarezpaf
3702,0,5,asux
3703,0,21,0x4f5da2
3704,0,1,arieljimenez
3705,0,1,JoeyGordon
3706,0,7,iLeonelPerea
3707,0,1,kychern
3708,0,1,mjaverto
3709,0,17,LogvinovLeon
3710,0,3,24aitor
3711,0,5,tcasey
3712,0,1264,isaacs
3713,0,3,debonair
3714,0,4,rshrc
3715,0,1,pgraci
3716,0,3,maslick
3717,33,2,MightySCollins
3718,0,7,neverfok
3719,0,3,piepieninja
3720,0,1,eterna2
3721,0,8,SaadAAkash
3722,0,3,hugofqueiros
3723,53,1,alexoneill
3724,0,104,sjchoi86
3725,0,1,OliverParoczai
3726,0,5,edo9k
3727,0,4,clarifysky
3728,0,1,bjornarhagen
3729,0,4,methodispost
3730,0,1,lancekrogers
3731,0,6,imobachgs
3732,0,8,hien
3733,125,2,brysonreece
3734,0,24,mythsman
3735,0,8,Hugo1030
3736,0,2,laurensiusadi
3737,0,1,Skoda091
3738,0,6,Abealkindy
3739,0,3,Hukongtao
3740,0,15,eliaswalyba
3741,0,7,seifreed
3742,0,3,mizner
3743,0,3,mtricht
3744,0,18,lustan3216
3745,0,2,nathanaelmartel
3746,0,11,phocks
3747,0,68,cmeiklejohn
3748,0,21,cweill
3749,0,16,ditclear
3750,0,5,Potherca
3751,0,11,strange-jiong
3752,0,36,alexcasalboni
3753,0,11,cseas
3754,0,5,plencovich
3755,0,2,Thatkookooguy
3756,0,29,timeTravelCYN
3757,0,61,nishnik
3758,0,8,Qsnh
3759,0,2,kyledecot
3760,0,5,Chorior
3761,0,94,iamonuwa
3762,0,21,bclinkinbeard
3763,0,32,seanomlor
3764,0,2,HammadH
3765,0,2,perandre
3766,0,9,ssydasheng
3767,0,26,andreis
3768,0,6,mihdan
3769,0,2,sujan-s
3770,0,2,callren
3771,0,1,justinm
3772,0,11,bulentsiyah
3773,0,2,matthewfowles
3774,0,1,hellojebus
3775,0,18,ShinyChang
3776,0,23,lordKnighton
3777,0,13,jeffikus
3778,0,4,mattoni
3779,0,10,Lazhari
3780,0,11,Markus1607
3781,0,9,Ayushverma8
3782,0,6,GaoFangshu
3783,0,1,terbo
3784,0,11,dvigueras
3785,0,15,ka2n
3786,0,9,chengsilin
3787,0,6,alexarena
3788,0,3,gamesbrainiac
3789,0,45,sumodream
3790,0,13,sthorpe
3791,0,10,MartijnR
3792,0,14,aloisdeniel
3793,0,1,BenChirlin
3794,0,24,apipemc
3795,0,6,pierrechls
3796,0,30,aenon
3797,0,94,ianb
3798,0,10,Tedezed
3799,0,1,amlun
3800,0,41,millette
3801,0,64,harrypotter0
3802,0,2,radonys
3803,0,3,kingsleynuaa
3804,0,1,synle
3805,0,5,mehmetakifalp
3806,0,3,rmp
3807,0,10,ArchyLau
3808,0,3,sukhada14
3809,0,1,PacteraOliver
3810,0,2,geun
3811,0,1,lseffer
3812,0,57,khaosdoctor
3813,0,1,michaelmontero
3814,0,2,alex-taffe
3815,0,15,darol100
3816,0,55,letanure
3817,0,8,benpolinsky
3818,0,7,sesharim
3819,0,4,DreamN
3820,0,3,nicolasxu
3821,0,5,JuneLeGency
3822,0,11,behroozam
3823,0,10,SUQIGUANG
3824,0,2,jcsla
3825,0,14,5long
3826,0,1,Aladeusi
3827,0,8,kidwellj
3828,0,2,beckgael
3829,0,20,Rafaell416
3830,0,46,forrestchang
3831,0,6,shiguanghuxian
3832,0,7,robertsanseries
3833,0,4,emanuelet
3834,0,5,nerzh
3835,0,2,backlineint
3836,0,4,rentaogithub
3837,0,81,OrkoHunter
3838,0,6,gzepeda
3839,0,10,MienJustSaysToHer
3840,0,7,freesinger
3841,0,23,dancerphil
3842,0,6,matiasgaratortiz
3843,0,1,fromseto
3844,0,7,chinabrant
3845,0,11,hp-huang-tw
3846,0,1,karimsa
3847,0,9,mhhegazy
3848,0,6,mediaupstream
3849,0,3,addisonlynch
3850,0,2,sisodiakaran
3851,0,28,perguth
3852,0,5,icaromagalhaes
3853,0,6,mihahauke
3854,0,5,Scotchester
3855,0,5,alliswell
3856,0,1,finalObject
3857,0,7,john-packel
3858,0,9,kabartay
3859,0,1,ptruesdell
3860,0,88,gilsondev
3861,0,21,galpratama
3862,0,2,alenoir
3863,0,3,richard1
3864,0,1,gilday
3865,0,12,StoneCypher
3866,0,3,SheaBelsky
3867,0,19,kasvith
3868,0,18,jaylinwang
3869,0,3,Wqrld
3870,0,8,jay-hankins
3871,0,3,jfernancordova
3872,0,1,AntoineGagnon
3873,0,7,marcgreenstock
3874,0,82,dgraham
3875,0,3,igordelorenzi
3876,0,11,cklosowski
3877,0,15,contolini
3878,0,2,TimPerry
3879,0,3,YC-wind
3880,0,1,ilyas-shah
3881,0,6,soupwaylee
3882,0,2,bill-feng
3883,0,4,csvergaraa
3884,0,3,linxuyalun
3885,0,5,akoskaaa
3886,0,20,Rishabh570
3887,0,119,DmitryUlyanov
3888,0,2,artfuldodger
3889,0,60,lqs469
3890,0,19,andrewabogado
3891,0,4,bvalosek
3892,0,5,francisglee
3893,0,9,jameshalsall
3894,0,10,krushndayshmookh
3895,0,3,matthewblack
3896,0,9,Arjun-sna
3897,0,12,terrancebryant
3898,0,9,26medias
3899,0,3,ArmandoHerra
3900,0,6,FreddieRidell
3901,0,7,soerenmartius
3902,0,1,Cheejyg
3903,0,8,ZachMoreno
3904,0,8,Mrjing
3905,0,1,gwestersf
3906,0,10,juanmancb90
3907,0,10,LucaColonnello
3908,0,3,lychao8
3909,0,3,cobanov
3910,78,2,hammy2899
3911,0,10,ntchambers
3912,0,12,jewlofthelotus
3913,0,2,castroalves
3914,0,28,scriptype
3915,0,46,Anduin2017
3916,0,7,klepas
3917,0,53,ShikharJ
3918,0,7,Feliix42
3919,0,1,priyanmuthu
3920,0,4,Dax89
3921,0,19,seokju-na
3922,0,684,onevcat
3923,0,3,dashidhy
3924,0,5,dasaptaerwin
3925,0,7,Bijendra
3926,0,3,nicl7004
3927,0,4,dineshvgp
3928,0,17,swanandp
3929,0,13,awolfly9
3930,0,1,carlopires
3931,0,4,mgingras
3932,0,40,dreampiggy
3933,0,4,Fedwar
3934,0,39,filipelinhares
3935,0,24,ruslankhh
3936,0,2,mythrex
3937,0,6,quantumtom
3938,0,18,khui
3939,0,1,jabes
3940,0,13,JackStronger
3941,0,15,pirog
3942,0,27,livacengiz
3943,0,2,gramirezcarrero
3944,0,2,panky8070
3945,0,19,ChristianKienle
3946,0,2,jaruserickson
3947,0,86,simoneas02
3948,0,23,nladuo
3949,0,10,FangGet
3950,0,11,djsaunde
3951,0,2,retrography
3952,0,15,HurSungYun
3953,0,16,lucasrenan
3954,0,3,jaemyeong
3955,0,38,fjh658
3956,0,5,alterphp
3957,0,4,hao-lee
3958,0,6,mabouchalkha
3959,0,6,bobvanluijt
3960,0,1,daya-cd
3961,0,88,FrozenGene
3962,0,7,slushman
3963,0,10,LissetteIbnz
3964,0,5,lucianoqueiroz
3965,0,2,Wuie
3966,0,5,neelabhro
3967,0,1,preetom
3968,0,3,dani8art
3969,0,5,Liangmp
3970,0,34,jinleileiking
3971,0,4,Niraj-Fonseka
3972,0,5,jmosawy
3973,0,2,cptaffe
3974,0,32,sunxu3074
3975,0,1,norfair00
3976,0,5,gemxx
3977,0,17,kaneshin
3978,0,42,crazyhottommy
3979,0,4,Grenadator
3980,0,18,mayue2015
3981,0,1,masyl
3982,127,2,maggiefor
3983,0,15,sajal2692
3984,0,3,kaizhang
3985,0,2,giuse
3986,0,9,jfunez
3987,0,10,ellisbrown
3988,0,3,oguzalp
3989,0,13,jacobwgillespie
3990,0,194,hehonghui
3991,0,9,Kladdkaka
3992,0,5,HenryGBC
3993,0,1,nkiszhi
3994,0,33,E1101
3995,0,14,sethlilly
3996,0,3,hzycaicai2012
3997,0,1,rawktron
3998,0,3,amir-s
3999,0,16,bitcrumb
4000,0,11,luongvo
4001,0,144,dbarobin
4002,0,1,lakshmiDRIP
4003,0,2,akshat02
4004,0,48,leokoo
4005,0,8,rmichela
4006,0,3,Jzbonner
4007,0,17,falost
4008,0,7,gabrielsagnard
4009,0,1,rmilano24
4010,0,5,AdrianLeyva
4011,0,17,LuisKrotz
4012,0,13,mkg0
4013,0,70,cordoval
4014,0,21,microlv
4015,27,2,siddharthkul
4016,0,5,NonvolatileMemory
4017,0,26,Tigeraus
4018,0,5,acroca
4019,0,7,DexterHD
4020,0,5,tancnle
4021,0,19,nbpalomino
4022,0,4,sabau
4023,0,2,nplutt
4024,0,28,ajitbohra
4025,0,6,Jaykin
4026,0,20,peakwinter
4027,0,2,jonpecson
4028,0,2,ponach
4029,0,6,phg1024
4030,0,44,thaewrapt
4031,0,8,rainx
4032,0,30,christocracy
4033,0,2,HasanShaukat
4034,0,5,allenhurff
4035,0,36,dzapateria
4036,0,8,roaffix
4037,0,3,loerasg
4038,0,8,gomjellie
4039,0,5,chenee
4040,0,4,gregplaysguitar
4041,0,2,silentmaker
4042,0,9,anushshrestha
4043,0,11,raphaelmansuy
4044,0,5,jane-fox
4045,0,6,sstrigler
4046,0,7,pradhan1234
4047,0,10,antonielcm
4048,0,45,SteveJob
4049,0,5,purice93
4050,0,4,RyanTheAllmighty
4051,0,1,kristian-georgiev
4052,0,12,WilsonLiu95
4053,0,8,Cheesebaron
4054,0,7,fakiolinho
4055,0,4,Alfxjx
4056,0,2,mayurm23
4057,0,2,muratyaman
4058,0,9,prokawsar
4059,0,3,gaoyangyiqiao
4060,0,9,stanye
4061,0,3,hongzzz
4062,0,17,tarungarg546
4063,0,4,LordDraagonLive
4064,0,2,YongboZhu
4065,0,6,ibnudrift7
4066,128,3,Tms157
4067,0,104,rebornix
4068,0,5,justinmfischer
4069,0,47,Amanbhandula
4070,129,2,Elandlord
4071,0,7,jaouadballat
4072,0,2,JafethDC
4073,130,2,anikdas
4074,0,14,HackSoul
4075,0,8,SoufianeLasri
4076,0,42,areski
4077,0,41,JoshuaKGoldberg
4078,0,5,crmin
4079,0,3,InfoSecRavindra
4080,0,6,fleaLi
4081,0,12,DukeEnglish
4082,0,2,Pterobyte
4083,27,2,sd12832
4084,0,4,scofieldfan
4085,0,16,jack870131
4086,0,12,stozen
4087,0,9,majikang
4088,0,113,chenyuntc
4089,0,26,arikfr
4090,0,3,Sapunov
4091,0,7,jiangyx3915
4092,0,7,Lapis-Hong
4093,0,8,davemackintosh
4094,0,6,fuqiang-CN
4095,0,2,carloscheddar
4096,0,9,BingLau7
4097,0,2,iory
4098,0,4,evrowe
4099,0,3,mikhael28
4100,0,2,adefirmanf
4101,0,36,KexyBiscuit
4102,0,6,ElliottJRo
4103,0,14,AttilaSATAN
4104,0,13,laplaceyang
4105,0,5,mkanai
4106,0,1,insane018
4107,0,19,piharpi
4108,0,21,blackbbc
4109,0,10,carlohcs
4110,0,2,jamiebrynes7
4111,0,3,altanai
4112,0,96,revolunet
4113,0,3,souvik1997
4114,0,14,dbanksdesign
4115,0,4,Liinkiing
4116,0,2,slavahatnuke
4117,0,1,MarcosAtMorais
4118,0,6,davexunit
4119,0,12,phongvh
4120,0,6,juanmanunez
4121,0,2,ayushajain
4122,0,46,marcoow
4123,0,3,ahmedsmostafa
4124,0,5,lyonling
4125,0,3,ImHouses
4126,0,3,coderwassananmol
4127,0,6,DrudgeRajen
4128,0,347,kangax
4129,0,2,Raggaer
4130,0,22,Makio64
4131,0,7,ivoribeiro
4132,0,3,crazy4pi314
4133,0,4,iolivia
4134,0,23,smafjal
4135,0,18,ivyleavedtoadflax
4136,0,3,CedricUrvoy
4137,0,16,god-david
4138,0,8,Orenoid
4139,0,3,iampno
4140,0,6,chituma110
4141,0,6,paulyhedral
4142,0,10,musoftware
4143,0,27,kennym
4144,0,1,atorralb
4145,0,1,liuweiGL
4146,0,5,flemzord
4147,0,1,fanhehe
4148,0,1,pupudu
4149,0,17,swernerx
4150,0,6,moebiusmania
4151,132,2,OctopusNO1
4152,0,1,alexgallardo
4153,0,4,shipengfei92
4154,0,22,Neelesh7544
4155,0,4,clockworksoul
4156,0,6,oksushi
4157,0,24,danvega
4158,0,48,lmorchard
4159,0,2,godka
4160,0,2,a1nouru
4161,0,13,kwanCCC
4162,0,10,DarshanKumar89
4163,0,9,CptSpookz
4164,0,1,chiragneb
4165,0,20,maechabin
4166,0,3,jnstr
4167,0,5,canqihe
4168,0,2,rdok
4169,133,2,Chonim
4170,0,4,LysandreJik
4171,0,1,joeberthelot
4172,0,2,borism
4173,0,24,SeniorZhai
4174,0,265,halfrost
4175,0,9,AlabhyaVaibhav
4176,0,1,mahmoodnassar
4177,0,2,nknapp
4178,0,4,Ale-cc
4179,134,2,int32at
4180,0,29,nimbosa
4181,0,3,nascVi
4182,0,1,alpha-beta-soup
4183,0,33,adamhsparks
4184,0,24,nemaniarjun
4185,0,29,jelitox
4186,0,6,ChenLinXi
4187,0,29,Samstiles
4188,0,1,SaulZhang
4189,0,24,filipekiss
4190,0,19,dolsup
4191,0,33,AllenCoder
4192,0,1,allendu91
4193,0,97,sunsipeng
4194,0,2,maitrungduc1410
4195,0,3,abtinshahidi
4196,0,6,nixjdm
4197,0,27,serbanghita
4198,0,1,mtmtkzm
4199,135,2,krishcdbry
4200,0,25,johnnynode
4201,0,10,moises-silva
4202,0,33,ankeshanand
4203,0,13,diomari
4204,0,11,RuhuaJiang
4205,0,2,sunilkumar707
4206,0,35,guoyoujin
4207,0,8,artskin
4208,0,37,reconbot
4209,0,21,gustavosobral
4210,0,178,stubailo
4211,0,2,nodtem66
4212,0,43,giginet
4213,0,1,sl950313
4214,0,11,carloschneider
4215,0,3,superonesfazai
4216,0,3,STHSF
4217,0,4,elvismt
4218,0,3,ranery
4219,0,12,alvisisme
4220,0,24,ayoubensalem
4221,0,3,andreros
4222,0,4,bannanc
4223,0,21,startupandrew
4224,0,3,enriched
4225,0,9,Arkar-Aung
4226,0,2,itsgg
4227,0,4,ozamanan
4228,0,4,JohnONeill
4229,0,2,crisenchou
4230,0,26,DanielWLam
4231,0,2,sidneijp
4232,0,5,mediamaker
4233,0,2,lzj7618937
4234,0,1,chayanforyou
4235,0,129,hgfischer
4236,0,10,BentleyBlanks
4237,0,6,XiangYu0777
4238,0,6,knarfytrebil
4239,0,19,angelobelchior
4240,0,21,Prakash2403
4241,0,4,beltegeuse
4242,0,8,abroz
4243,0,11,Henrycobaltech
4244,0,8,lemmaa
4245,0,81,hugomd
4246,0,5,CurosMJ
4247,0,4,markbratanov
4248,0,9,TooSchoolForCool
4249,0,11,g-plane
4250,0,16,alvinashcraft
4251,0,10,jiangyuan
4252,0,1,mlp6
4253,0,8,Gurupradeep
4254,0,20,julioc98
4255,0,4,EunusHosen
4256,0,5,dimenwarper
4257,0,3,jpowie01
4258,0,1,aanzolaavila
4259,0,3,nisshiee
4260,0,3,juliankmazo
4261,0,10,seap
4262,0,22,f4cker
4263,0,3,theFoxofSky
4264,0,5,ckanthony
4265,0,6,lingcarzy
4266,0,9,deecewan
4267,0,18,JaleelNazir
4268,0,1,mladenilic
4269,0,6,preist
4270,0,1,rootwork
4271,0,8,Officium
4272,0,1,sanketmehta7
4273,0,2,CCCCoder
4274,0,4,kys6879
4275,0,23,iboldurev
4276,0,1,projenix
4277,0,7,thalseth
4278,0,1,jithinanchanattu
4279,0,3,RNabel
4280,0,11,iMcG33k
4281,0,5,joeframbach
4282,0,2,OlleMattsson
4283,0,22,joshnesbitt
4284,0,1,m4rc1no5
4285,0,3,adaliszk
4286,0,14,cancan101
4287,0,10,igor9silva
4288,0,2,tails5555
4289,0,5,BranLiang
4290,0,37,eoin
4291,0,12,firdausramlan
4292,0,32,brunoksato
4293,0,32,ilearnProgramme
4294,0,6,jinrenjie
4295,0,8,Dilshan97
4296,0,10,Riunshow
4297,0,2,idmc30
4298,0,18,Pillar-Zhang
4299,0,4,SourceCode
4300,0,15,Roxyhuang
4301,0,19,hhff
4302,0,63,fforres
4303,0,1,castlelorestudios
4304,0,1,EricaSwift
4305,0,23,disoul
4306,0,3,BIGKnight
4307,0,8,romellfudi
4308,0,1,mikechan0731
4309,0,6,Sushant-M
4310,0,14,CooperFu
4311,0,66,mrchypark
4312,0,2,hfoffani
4313,0,11,abrudtkuhl
4314,0,2,rgamba
4315,0,3,thiagocmoreira
4316,0,11,SerafimArts
4317,0,21,riseshia
4318,0,3,hunnitgz-Aziz
4319,0,24,JamesMessinger
4320,0,7,cortezcristian
4321,0,10,choldrim
4322,136,2,liemqv
4323,0,30,chunzi
4324,0,39,najibalghaeth
4325,0,16,abevieiramota
4326,0,16,simaodeveloper
4327,0,1,mkempe
4328,0,79,thedevsaddam
4329,0,3,FutureGadget
4330,0,18,Qquanwei
4331,0,22,moesoha
4332,0,4,Siddharth11
4333,0,267,gaocegege
4334,0,7,hongweizeng
4335,0,2,jithureddy
4336,0,7,gaoshoutuo
4337,0,17,malkafly
4338,0,14,amitabhaghosh197
4339,0,14,rollthedice32
4340,0,1,skkeeper
4341,0,4,dainash
4342,0,17,Asurada2015
4343,0,11,patrickjahns
4344,0,8,davidicus
4345,0,11,Gbuomprisco
4346,0,5,HDias
4347,0,10,chideat
4348,0,3,datoulei
4349,0,12,martinvahi
4350,0,78,equinusocio
4351,0,19,Cacivy
4352,0,1,flaviox
4353,0,11,joaoqalves
4354,0,31,antoniputra
4355,0,11,brown121407
4356,0,6,bzf
4357,0,8,Lanrey
4358,0,5,djerfy
4359,0,3,mbenedettini
4360,0,24,MQL9011
4361,0,3,raveenb
4362,0,21,fael
4363,0,15,mahmutakyol
4364,0,7,kvendrik
4365,0,8,nirmalsinghania2008
4366,0,35,bashmohandes
4367,83,2,Totoketchup
4368,0,20,benbrown
4369,0,3,jvenezia
4370,0,155,PixelsCommander
4371,0,7,AshishMehtaIO
4372,0,2,aloksharma9656
4373,0,1,thoseharvester
4374,0,6,parrots
4375,0,8,bittersweet
4376,0,11,philwo
4377,0,11,christopherfrance
4378,0,5,JobsZCQ
4379,0,1,stenin-nikita
4380,0,1,jodyford
4381,0,3,mfontani
4382,0,48,LucianoPAlmeida
4383,0,3,alexkilgour
4384,0,10,davidjguru
4385,0,12,javahongxi
4386,0,7,halfelf
4387,0,4,Markuus13
4388,0,26,TwistNihility
4389,0,6,LulzAugusto
4390,0,12,arasmussen
4391,0,14,MaxwellBo
4392,0,3,enterloper
4393,0,48,dennisreimann
4394,0,26,Lmy0217
4395,0,6,shumkov
4396,0,28,hyeongukryu
4397,0,31,klassmann
4398,0,10,arzafran
4399,0,68,duducheng
4400,0,5,imbstack
4401,0,7,jameshuynh
4402,0,5,MxBird
4403,0,1,GustavoAr
4404,0,7,pmanlukas
4405,0,19,david942j
4406,0,5,aiguofer
4407,0,4,Tarptaeya
4408,0,8,sangcnguyen
4409,0,7,ChimingPhang
4410,0,3,Froyo91
4411,0,80,cristijora
4412,0,1,qingwei91
4413,0,6,lennartstolz
4414,0,6,EdwardZz
4415,0,9,Shritesh99
4416,0,7,joelmarquez90
4417,0,12,janostudio
4418,0,8,Amin-Tgz
4419,0,8,lhr000lhr
4420,0,7,KrisNguyen135
4421,0,4,scanf
4422,0,21,chezou
4423,0,2,nicomoccagatta
4424,0,5,peterfei
4425,0,6,Souloist
4426,0,54,remojansen
4427,0,4,roland-ewald
4428,0,4,minhajul
4429,0,4,alexshyba
4430,0,16,aditiapratama
4431,0,1,cshawaus
4432,0,4,jinseob2kim
4433,141,2,aicaffeinelife
4434,0,1,rxmarbles
4435,0,11,greduan
4436,0,3,jiaweizhang
4437,0,2,adamtarmstrong
4438,0,4,nerandell
4439,0,4,Tonsty
4440,0,13,MohnSnow
4441,0,1,jojo-tutor
4442,0,3,mariowise
4443,0,2,ankahira
4444,0,1,dfeeney-webdev
4445,0,21,rabishah
4446,0,18,NishiGaba
4447,0,189,ErisDS
4448,0,9,astaphobia
4449,0,6,espectre
4450,18,2,DaanMoura
4451,0,9,StudentWan
4452,0,9,dsasmblr
4453,0,9,baristaGeek
4454,0,44,anishsingh20
4455,0,7,amirgee007
4456,0,2,artmonger
4457,0,18,petrosagg
4458,0,5,rachitGulati
4459,0,38,Chatatata
4460,0,13,ringtail
4461,0,3,chumaumenze
4462,0,14,shkrt
4463,0,3,Shuky
4464,0,21,fukuiretu
4465,0,1,caryleo
4466,0,8,moreta
4467,0,31,lnsongxf
4468,0,16,slok
4469,0,9,rikoz
4470,0,48,JiayiLi
4471,0,1,RANDoMenace
4472,0,1,stevehamwu
4473,0,4,benjaminrose
4474,0,7,keithmifsud
4475,0,2,ZhukovGreen
4476,0,3,liangliannie
4477,0,1,gzurbach
4478,0,11,britg
4479,0,14,arnoldstoba
4480,0,1,fatemi
4481,0,12,bdelespierre
4482,0,12,harshmanwani
4483,0,2,lucassm
4484,0,9,LFhase
4485,0,8,SeraZheng
4486,0,18,AJLoveChina
4487,143,1,AndresERojasI
4488,0,1,hjzh4
4489,0,2,decentraliser
4490,0,8,andreleoni
4491,0,2,kortnevdmitriy
4492,0,1,ic4f
4493,0,8,hesherya
4494,0,82,XfLoops
4495,0,3,JiangLongLiu
4496,0,4,cyberwjf
4497,0,53,thomasdarimont
4498,0,2,reense
4499,0,2,iiAku
4500,0,5,DavidCardoso
4501,144,2,Sukiiichan
4502,0,14,MINOSai
4503,0,7,alejandromav
4504,0,2,omrihar
4505,0,2,jwv
4506,0,1,Pluckypan
4507,0,1,Waywrong
4508,0,8,ravinpoudel
4509,0,9,jorgeants
4510,0,4,kaustubhtalathi
4511,0,1,kaosmos
4512,0,4,rshkv
4513,0,19,TYRMars
4514,0,7,Souravirus
4515,0,14,emanuelgsouza
4516,0,3,andresz1
4517,0,57,gztchan
4518,0,3,egormkn
4519,0,7,nijiazhi
4520,0,1,q1q1w1w1q
4521,0,2,tanujyadav97
4522,0,9,amitbd1508
4523,0,6,Raghavsalotra
4524,0,1,hongyx11
4525,0,1,YXY1988
4526,0,4,Daniel-M
4527,0,1,TsPuujee
4528,0,35,automata
4529,0,26,Janaka-Steph
4530,0,21,jayantj
4531,0,6,Stanny2017
4532,0,4,acarrascalgarcia
4533,0,1,brianwesterman
4534,0,6,rodgerpaulo
4535,0,1,Alllfred
4536,0,3,TekkCraft
4537,0,7,iamBedant
4538,0,10,rafnixg
4539,0,128,almirfilho
4540,0,6,kolektiv
4541,0,12,alnewkirk
4542,0,12,SLMT
4543,0,4,matusmarcin
4544,0,3,iCodr8
4545,0,9,PineApple777
4546,0,31,kalbhor
4547,0,2,Jono20201
4548,0,2,sb7896
4549,0,4,Soontao
4550,0,4,Pongelupe
4551,0,1,placer14
4552,0,9,sshojiro
4553,0,4,smfactor
4554,0,7,hermeto
4555,0,1,arpitHub
4556,0,2,clonne101
4557,0,6,sanchittechnogeek
4558,0,8,joeyscarim
4559,0,7,Ereebay
4560,0,13,scopsy
4561,0,1,maxevilmind
4562,0,4,brianmartin
4563,0,10,alvince
4564,0,7,sbekrin
4565,0,76,achou11
4566,0,10,mcmire
4567,0,7,flame4
4568,0,1,MaoSiUncle
4569,0,34,jonathanchrisp
4570,0,4,kangwooc
4571,0,6,fkzhao
4572,0,14,adrianobarroso
4573,0,22,saikatbsk
4574,0,25,sebastianstarke
4575,0,38,netpi
4576,0,6,Code0987
4577,0,10,hellomustaq
4578,0,28,aitjcize
4579,0,16,danilovcpp
4580,0,4,markjeee
4581,0,5,amgdy
4582,0,2,DanielHreben
4583,0,1,alternat0r
4584,0,2,fushuyue
4585,0,14,GitGump
4586,0,4,rbrtsmith
4587,0,8,dmpayton
4588,0,2,slathrop
4589,0,1,brezzhnev
4590,145,2,mochsner
4591,0,1,SalathielGenese
4592,0,8,phillipsharring
4593,0,12,analizapandac
4594,0,11,khilanravani
4595,0,13,nziyouren
4596,0,7,Mozfe
4597,0,8,anilGupta
4598,0,9,ibnusulaiman83
4599,0,6,Kenber
4600,0,1,theevann
4601,0,21,luisangelorjr
4602,0,3,haocity
4603,0,9,jameslamb
4604,0,4,idpokute
4605,0,4,29DCH
4606,0,6,bobbyshashin
4607,0,18,lnaie
4608,0,3,drsantos20
4609,0,126,jindongwang
4610,0,3,sethreidnz
4611,0,1,pashadow
4612,0,1,mwisner
4613,0,1,ChenCong6837
4614,0,9,mookjp
4615,0,1,BeepLoveKarki
4616,0,2,slimiles
4617,0,3,amanyadav
4618,0,3,Hstripe
4619,0,27,pranavcode
4620,0,17,songyunlu
4621,0,8,irfanalidv
4622,0,17,marks
4623,0,1,m3hari
4624,0,14,HellowVirgil
4625,0,9,holloway
4626,0,1,AleksandrSidorov
4627,0,4,gnoliyil
4628,0,56,srph
4629,0,8,alfredchan3
4630,0,2,Microshak
4631,0,6,dginev
4632,0,9,hallazzang
4633,0,32,qinmingyuan
4634,0,28,pgilad
4635,0,10,manabuyasuda
4636,0,2,jerryxge
4637,0,8,aaronlelevier
4638,0,68,hackerkid
4639,0,4,TStesco
4640,0,1,Klarence
4641,0,5,GuilhemBarboux
4642,0,6,JieyuZ2
4643,0,6,Tahseenm
4644,0,1,DBezemer
4645,0,6,EaconTang
4646,0,2,Berzel
4647,0,3,judyssister
4648,0,9,sunnyadn
4649,0,9,arslantopcu
4650,0,5,cadu
4651,0,6,Hammster
4652,0,4,Arioch171
4653,0,1,ZhangPengPaul
4654,0,3,raivitor
4655,0,2,shirotech
4656,0,3,jacobherrington
4657,217,1,HaofengZhu
4658,0,8,mbullington
4659,0,9,RonyVidaur
4660,0,5,ikhedr
4661,0,4,mayurcybercz
4662,0,4,hoozi
4663,0,4,Vishal-Lakkapathri
4664,0,4,jisoomin
4665,0,6,robsonkades
4666,0,2,SundayDX
4667,0,5,Raigasm
4668,0,1,markytools
4669,0,49,evanlucas
4670,0,2,JohnLBevan
4671,0,4,bbstilson
4672,0,4,juanfernandovillahernandez
4673,0,8,HassankSalim
4674,0,20,jippi
4675,0,18,russmatney
4676,0,4,qvil
4677,0,3,flunder
4678,0,1,renatorroliveira
4679,0,13,jimmiehansson
4680,0,19,SimonZhangITer
4681,0,5,pannzh
4682,0,43,dhruvdutt
4683,0,37,songxin1990
4684,0,2,ergouge
4685,0,2,pkshultz
4686,0,1,ivanoung
4687,0,51,harperreed
4688,147,2,jguix
4689,0,25,PhatBK
4690,0,23,georgezouq
4691,0,9,AndrewNg
4692,0,7,oimtrust
4693,0,8,MiaoDX
4694,0,3,jtbsk
4695,0,7,ksalama
4696,0,1,dalinzhang
4697,0,2,pcdummy
4698,0,92,lihongxun945
4699,0,2,GeeveGeorge
4700,0,1,jeetendra-choudhary
4701,0,7,mrousavy
4702,0,6,gabskoro
4703,0,3,j710328466
4704,0,18,orafaelfragoso
4705,0,12,mconnor
4706,0,5,ai-word
4707,0,6,allangrant
4708,0,17,Ullaakut
4709,0,1,Canice-James
4710,0,14,deletescape
4711,0,6,johncmunson
4712,0,54,openweb
4713,0,8,coltaemanuela
4714,0,6,daishihmr
4715,0,2,ILYAmLV
4716,0,3,ksmithbaylor
4717,0,1,CodeSigils
4718,0,5,TuxSeb
4719,0,2,andrewxu10
4720,76,2,fpcsong
4721,0,18,proudlygeek
4722,0,3,chenyang701
4723,0,9,ru23
4724,0,30,thuann89
4725,0,1,ashutoshkmr
4726,0,5,BeingAmirMalik
4727,0,5,shmidt
4728,0,1,Stuming
4729,0,4,WGierke
4730,0,14,navinweb
4731,0,10,kdichev
4732,0,3,kz33
4733,0,3,neekin
4734,0,55,jekrb
4735,0,2,MatiasOlivera
4736,0,12,rposborne
4737,0,1,fromatlantis
4738,0,1,spkarve
4739,0,2,lmarqs
4740,0,6,YulinGUO
4741,0,86,sameersbn
4742,0,8,mstimberg
4743,0,1,huaiyizhao
4744,0,11,avoidwork
4745,0,7,amrit
4746,0,4,Greenwicher
4747,0,1,ahuizxc
4748,0,45,ratracegrad
4749,0,4,imharryzhu
4750,0,13,daxeel
4751,0,2,MoimHossain
4752,0,36,chuxiaonan
4753,0,2,subhanshuja
4754,0,6,BernardTolosajr
4755,0,2,JackThinking
4756,0,51,probablyup
4757,0,174,nitin42
4758,0,23,JuanLuisGarciaBorrego
4759,0,13,rainjay
4760,0,2,aruzikulov
4761,0,9,james20141606
4762,0,1,marianocabezas
4763,0,5,andraghetti
4764,0,1,smallg
4765,0,4,kingback
4766,0,2,jurgentreep
4767,0,20,careteenL
4768,0,33,teles
4769,0,9,suvllian
4770,0,2,joben
4771,0,15,blissray
4772,0,122,nschonni
4773,0,3,Nsima
4774,0,20,bhamadicharef
4775,0,27,padipata
4776,0,2,tfdxl
4777,0,2,joeylitalien
4778,0,21,cookiejyt
4779,0,6,JStrebeyko
4780,0,51,JulienBreux
4781,0,3,esron
4782,0,7,elloop
4783,0,3,mocheer
4784,0,3,syx6
4785,0,2,Frizz925
4786,0,8,archanpatkar
4787,0,7,AnyListen
4788,0,17,aslanon
4789,0,3,fabienthetis
4790,0,1,atinesh-s
4791,0,6,jaanek
4792,0,2,nicolasdao
4793,0,209,tamimibrahim17
4794,0,5,pandeazucar
4795,0,47,jasny
4796,0,65,bredele
4797,0,14,izen1231
4798,0,1,CaleMcCollough
4799,103,1,Hua777
4800,0,13,evereq
4801,0,2,ntvinh11586
4802,0,1,ssanjun
4803,0,16,Beraliv
4804,0,2,UnbounDev
4805,0,4,elib0
4806,0,9,leeyiw
4807,0,4,mrtblt
4808,0,3,danieldenis01
4809,0,3,anoopsg
4810,0,8,gracefulife
4811,0,3,BlazOrazem
4812,0,1,jfinstrom
4813,0,1,mshemadarshini
4814,0,6,ahmedmgh67
4815,0,5,henon
4816,0,2,chiselinc
4817,0,21,ssthouse
4818,0,34,kingfengji
4819,0,55,852172891
4820,0,19,lilith
4821,0,2,dhruska
4822,0,20,michaelLeeGDUT
4823,0,4,Haixiang6123
4824,0,2,dsprog
4825,0,4,sandeepnmenon
4826,0,1,HamidFaraji
4827,0,4,austinv11
4828,0,15,tangweikun
4829,0,3,krf
4830,0,2,carmon
4831,0,5,hanwentao
4832,0,3,csmadhav
4833,0,12,rodickmini
4834,0,18,rbrto
4835,0,3,SingingData
4836,0,1,surajmurthy
4837,0,1,justinian336
4838,0,18,bsdlp
4839,0,1,qiminchen
4840,0,2,kwongtailau
4841,0,39,Shhzdmrz
4842,0,4,fufufukakaka
4843,0,2,Rabscuttler
4844,0,19,cgcardona
4845,0,7,gglee89
4846,0,11,JonAbrams
4847,0,162,dmitshur
4848,0,2,Amberlan1001
4849,0,6,jorgenbs
4850,0,6,fyber-LJX
4851,0,5,keyvank
4852,0,5,huangzhii
4853,0,9,hardware
4854,0,2,piaoxu93
4855,0,49,hlee
4856,0,1,schuermannator
4857,0,4,Nil26
4858,0,3,canuzunoglu
4859,0,18,kylecesmat
4860,0,15,InzamamRahaman
4861,0,5,Dojocat-GO
4862,0,4,peizhouyu
4863,0,12,sunOpar
4864,0,5,senssei
4865,0,3,pkimes
4866,0,37,andyli
4867,0,3,hmx224
4868,0,21,smspillaz
4869,0,13,jeancsil
4870,0,40,lencioni
4871,0,18,beedotkiran
4872,0,5,abhijeet2096
4873,0,9,hopepdm
4874,0,1,jcrom
4875,0,12,GeneKao
4876,0,14,lacarmen
4877,0,26,eddyb
4878,0,13,excitement-engineer
4879,0,39,Wasdns
4880,148,2,ale3385
4881,0,37,lijinma
4882,0,5,nullmax
4883,0,20,TangXiaoLv
4884,0,5,kienD
4885,0,9,cosminpopescu14
4886,0,3,samkaufman
4887,0,1,patrickingle
4888,0,6,buctwbzs
4889,0,8,mmarcon
4890,0,5,adamwhitlock1
4891,0,28,rodrigogregorioneri
4892,0,36,thuka1500
4893,0,4,ohe
4894,0,21,MrErHu
4895,0,1,jvyyuie
4896,125,1,ryandobby
4897,0,31,saeidgi
4898,0,3,fisca
4899,0,2,ahmedsalhin
4900,0,2,sarah-tw
4901,0,2,bastienleonard
4902,0,7,mustorze
4903,0,3,ReRou
4904,0,9,lucijanblagonic
4905,0,16,ethnt
4906,0,3,KrUciFieR-Jr
4907,0,8,mo10
4908,0,15,klaaspieter
4909,0,2,memexstudio
4910,0,2,jaeoh2
4911,0,4,clarkdave
4912,0,3,shaunwallace
4913,0,2,robinvanemden
4914,0,1,pinkeen
4915,0,13,ManosTheMaster
4916,0,23,pietrocaselani
4917,0,3,DeepInThought
4918,0,1,karademada
4919,0,3,leejh3224
4920,0,1,emon1412
4921,0,1,adamhurst
4922,0,6,alioguzhan
4923,0,7,codyhanson
4924,0,20,chenjigeng
4925,0,4,7elix
4926,0,6,dustinmoorman
4927,0,4,diwakersurya
4928,0,6,quantshah
4929,0,10,ilovezy
4930,0,10,BotYue
4931,0,2,mikebranski
4932,0,25,jesusprubio
4933,0,9,rouor
4934,0,10,shedd
4935,0,3,jonecherry
4936,0,6,Chris7
4937,0,8,shaikhalvee
4938,0,1,frclasso
4939,0,2,cshg
4940,0,1,Loriot-n
4941,0,4,rluders
4942,0,13,erikringsmuth
4943,0,5,angdev
4944,0,7,deathkel
4945,0,48,RayJune
4946,0,22,davedevelopment
4947,0,8,peachiia
4948,0,3,dannybusch
4949,0,10,scriptonist
4950,0,1,YuHyun7
4951,0,3,h4llow3En
4952,0,4,DomonJi
4953,0,20,edgarMejia
4954,0,4,MengtingWan
4955,0,4,rafamttz
4956,0,18,QingSimon
4957,0,35,clemmy
4958,0,5,mckeever02
4959,0,4,Helw150
4960,0,25,montylounge
4961,0,12,sjy1203
4962,0,6,ivanvladimir
4963,0,14,rousan
4964,0,17,joealden
4965,0,4,abovedave
4966,0,7,dannypsnl
4967,0,4,adilakhter
4968,0,1,AvinashNath2
4969,0,3,EmanuelJr
4970,0,2,RauliL
4971,0,5,gaurcs
4972,0,15,louisblythe
4973,0,5,leohajder
4974,0,10,HenryLiu0
4975,0,61,Starefossen
4976,0,9,taogelose
4977,0,1,NikitchenkoSergey
4978,0,29,ClaudiaJKang
4979,0,7,astritzeqiri
4980,0,2,MoHax22rus
4981,0,16,phivh
4982,0,76,hellyeah
4983,0,2,thepunitsingh
4984,0,3,cherry979988
4985,0,2,lucasblaas
4986,0,12,tampham47
4987,0,8,haibnu
4988,0,8,lintanghui
4989,0,13,Jeremboo
4990,0,15,rcdilorenzo
4991,0,6,gunanksood
4992,0,18,eirslett
4993,0,6,isofarro
4994,0,8,cookrn
4995,0,3,nicarq
4996,0,2,Hansiyuan131
4997,0,1,lamabiker
4998,0,3,nikos-glikis
4999,0,2,jeffstokes72
5000,0,15,shauntrennery
5001,0,2,safly
5002,0,57,hsnaydd
5003,0,8,Abdullah-Waqet
5004,0,2,mak42
5005,0,12,nigma
5006,0,36,Kami
5007,0,3,BernardoMG
5008,0,16,proycon
5009,0,26,jwulf
5010,0,2,thefill
5011,0,2,daedeloth
5012,152,2,sidrocks123
5013,0,16,panjf2000
5014,0,7,iriszero
5015,0,32,dengzhirong
5016,0,1,ordram
5017,0,49,chrismatthieu
5018,0,5,Gregory-Phillips
5019,0,7,CtheSky
5020,0,5,Chyngyz
5021,0,3,Goose-Bomb
5022,0,14,NiklasMerz
5023,0,1,robikovacs
5024,0,4,marwenhlaoui
5025,0,1,mrbusche
5026,0,5,kartubi
5027,0,1,maxmin93
5028,0,7,arunsadhasivam
5029,0,2,mfathirirhas
5030,0,18,Wronskia
5031,0,1,Richeir
5032,0,1,chrisshiplet
5033,0,11,davidawad
5034,0,5,mydnic
5035,0,1,dany2691
5036,0,3,ikok
5037,0,1,pfftdammitchris
5038,0,5,kphf1995cm
5039,0,6,GabrielDvt
5040,0,4,alessiobortone2
5041,0,2,mariano-aguero
5042,0,5,RamsesMartinez
5043,0,3,chris--young
5044,0,21,robbiet480
5045,0,13,rakibulislam
5046,0,3,romeboards
5047,0,6,aidai524
5048,0,136,iheanyi
5049,0,1,pdpark
5050,0,6,anauleau
5051,0,24,pixelastic
5052,0,8,grodansparadis
5053,0,1,orykami
5054,0,4,tdutrion
5055,0,1,gmolveau
5056,0,3,iridion9
5057,0,27,Crizstian
5058,0,10,petekp
5059,0,17,Quantisan
5060,0,2,aheroaa
5061,0,262,SamyPesse
5062,0,4,NabiKAZ
5063,0,7,benkamphaus
5064,0,12,Liu-Yujia
5065,0,2,leandroluquetti
5066,0,3,Liux0047
5067,0,1,MattReimer
5068,0,1,QFP-ZJT
5069,0,14,runyan-co
5070,0,9,Jiang-Xuan
5071,0,2,OliviaLan
5072,0,20,kenhowardpdx
5073,0,1,Ritcheyy
5074,0,8,jonrandahl
5075,0,4,suuzee
5076,0,19,numb95
5077,0,1,joaopaulomoraes
5078,0,1,pranavjindal999
5079,0,8,Hearen
5080,0,18,everget
5081,0,31,dviramontes
5082,0,1,CpuID
5083,0,1,oracion7
5084,0,21,shril
5085,0,59,Jayin
5086,0,4,testower
5087,0,11,faithandbrave
5088,0,2,hamdongunner
5089,0,3,picheli20
5090,0,11,aslihanozfidan
5091,0,1,rudreshgp
5092,0,1,roymcfarland
5093,0,6,adtsegaye
5094,0,6,liaobaocheng
5095,0,1,silvarafael
5096,0,25,VinciShark
5097,0,3,thangdnsf
5098,0,1,AndresReyesTech
5099,0,4,rutujar
5100,0,5,jordisala1991
5101,0,1,jerisalan
5102,0,12,ericsonluciano
5103,0,33,neekey
5104,0,1,ducanh841988
5105,0,13,pavsidhu
5106,0,19,cjyetman
5107,0,37,kdplus
5108,0,32,liushuaikobe
5109,0,8,Stwissel
5110,0,6,Mikhus
5111,0,35,connor11528
5112,0,17,JeremyMorgan
5113,0,2,guitaowufeng
5114,0,2,chenqiuyuan
5115,0,14,Rishat7c
5116,0,1,rmallols
5117,0,2,hhaoyan
5118,0,3,hcientist
5119,0,1,schegde
5120,0,4,kplattret
5121,0,3,frankxiao008
5122,0,19,pontusab
5123,0,13,dguido
5124,0,6,shamhardy
5125,0,3,prudhv16
5126,0,2,faelks
5127,0,14,mebusw
5128,0,7,christianheyn
5129,0,5,stevemclaugh
5130,0,28,JaniAnttonen
5131,0,23,DymanZy
5132,0,2,gmsotavio
5133,0,1,flyboarder
5134,0,2,sekwah41
5135,0,29,ShichenLiu
5136,0,2,dourgey
5137,0,2,LiuVII
5138,0,2,shyr
5139,0,23,gAmUssA
5140,0,15,elmindreda
5141,0,2,rcorreia
5142,0,16,brunobbbs
5143,0,26,klaytonfaria
5144,0,2,arnautov
5145,0,13,kurisubrooks
5146,0,10,idugalic
5147,0,2,lsfgrd
5148,0,5,AsserHong
5149,0,10,pravn
5150,0,2,jamesxuhaozhe
5151,0,2,grocky
5152,0,18,luanshixia
5153,0,1,felipealbrecht
5154,0,1,minkymorgan
5155,0,6,RamonGebben
5156,0,6,entire
5157,0,14,dgoodlad
5158,0,16,nov
5159,0,2,case141
5160,0,8,kuuyee
5161,0,47,LooMaclin
5162,0,3,archx3
5163,0,6,hotstu
5164,0,4,thearyanahmed
5165,0,11,lfpelison
5166,0,3,FanHuaRan
5167,0,1,HugoLuna5
5168,0,12,adiatma9024
5169,0,19,kamicut
5170,0,17,blindspoter
5171,0,2,mordaroso
5172,0,1,ameno-
5173,0,11,atom2ueki
5174,0,6,takuwan0405
5175,0,9,Angelof7
5176,0,1,bunlert274
5177,0,9,NealST
5178,0,11,linbojin
5179,0,3,Tony7lee
5180,157,2,ReemmaMP
5181,0,2,thomas-alrek
5182,0,1,samtux
5183,0,10,LinGoWei
5184,0,3,misgeatgit
5185,0,10,gaogao1030
5186,0,2,pholanda
5187,0,74,aayusharora
5188,0,142,YunaiV
5189,0,1,malic0
5190,0,22,simonefrancia
5191,0,10,PendragonDevelopment
5192,0,8,grillorafael
5193,0,1,rodgolpe
5194,0,11,seanbehan
5195,0,10,Chive
5196,0,2,mouhidine
5197,0,17,MarcoHengstenberg
5198,0,1,jluchuang
5199,0,77,alvarowolfx
5200,0,23,anistark
5201,0,14,AlinaWithAFace
5202,0,3,gcunhase
5203,0,4,nbrosowsky
5204,0,4,nettyxiong
5205,0,5,georgiosrizos
5206,0,23,jadore801120
5207,0,2,hajimurtaza
5208,0,2,NicholasRBowers
5209,0,1,MatheusRich
5210,0,204,dongweiming
5211,0,13,ben519
5212,0,15,0xDing
5213,0,3,mengxiangjian13
5214,0,7,329530588
5215,0,4,guptakhil12
5216,0,1,ovaisahmed43
5217,0,1,FUZHIYI
5218,0,15,krystalcampioni
5219,0,3,Lucas12138
5220,0,4,michaelabehsera
5221,0,1,chutiphon-k
5222,0,15,Caratpine
5223,0,6,baesparza
5224,0,3,mehdirezaei5
5225,0,4,Goddard
5226,0,3,Olsondy
5227,0,6,mindwing
5228,0,3,lexholden
5229,0,1,pmcfernandes
5230,0,4,idris95
5231,0,39,burkeholland
5232,0,3,JeuneApprenti
5233,0,5,AlexandreBourdeaudhui
5234,0,10,davidfekke
5235,0,3,cledesma
5236,0,2,llstarscreamll
5237,0,1,TimoHanisch
5238,0,19,imeoer
5239,0,3,kesumu
5240,0,6,KurtTaylan
5241,0,13,diegoferigo
5242,0,5,kaisellgren
5243,0,3,PianoCat
5244,0,4,tigereatsheep
5245,0,7,huygn
5246,0,1,jda
5247,0,5,shanhuashuiqing
5248,0,1,JoshTheWanderer
5249,0,4,nicholasadamou
5250,0,2,Deniall
5251,0,3,doomdagger
5252,0,11,mohammad19991
5253,0,6,morganfly
5254,0,1,SpiralMoon
5255,0,12,helgee
5256,0,8,shiv4nsh
5257,0,1,dongzhuoer
5258,0,20,podiumdesu
5259,0,3,denvers
5260,0,7,suleymandtr
5261,0,9,andrewborstein
5262,0,8,liclac
5263,0,3,arjanfrans
5264,0,38,serranoarevalo
5265,0,4,prafulrana
5266,0,33,keithpitt
5267,0,9,porridgec
5268,0,3,Guihgo
5269,0,1,mi2428
5270,0,6,hushinghai
5271,0,11,lucien0coder
5272,0,1,junyuGao
5273,0,9,imcuttle
5274,0,3,DuckDeck
5275,0,5,liucaizhong
5276,0,6,MihaelIsaev
5277,0,2,AJStacy
5278,0,5,Thiagodemas
5279,0,2,gou4shi1
5280,0,2,neylsoncrepalde
5281,0,6,jkiss
5282,0,1,khuongdv
5283,0,7,sullimander
5284,0,8,atjs
5285,0,1,splyy
5286,0,5,nhitze
5287,0,6,EEmery
5288,0,8,rcassola
5289,0,4,haandol
5290,0,7,Sylvia23
5291,191,2,RafaelZarate
5292,0,3,Pyjou
5293,0,2,chenxygx
5294,0,16,meteorlxy
5295,0,5,PDKSophia
5296,0,9,samie820
5297,0,3,jameswburke
5298,0,10,ZhimingZhou
5299,0,18,ryota-murakami
5300,0,412,XadillaX
5301,0,3,raghadt
5302,0,29,randyammar
5303,0,3,reivhax
5304,0,1,radixzz
5305,0,11,d4n1elchen
5306,0,8,avelardi
5307,0,1,hequan2017
5308,0,26,LukasReschke
5309,0,7,asela-wijesinghe
5310,0,102,KOUISAmine
5311,0,2,mvsde
5312,0,12,paulovpcotta
5313,0,2,Lucius0
5314,0,105,the-dagger
5315,0,166,berwin
5316,0,12,MrPeak
5317,0,3,ljeabmreosn
5318,0,40,baisheng
5319,0,11,sbrichards
5320,0,11,longXboy
5321,0,1,SevenYoung
5322,0,5,jamhed
5323,0,441,geeeeeeeeek
5324,0,3,Firewall
5325,0,4,seungwookim
5326,0,47,luk4z7
5327,0,6,ZeddG93
5328,0,10,brianmwadime
5329,0,8,MartinDelille
5330,0,19,fre5h
5331,0,2,ceddc
5332,0,16,cultofmetatron
5333,0,8,jmingov
5334,0,6,dnsbty
5335,0,46,bpedro
5336,0,3,pengshiqi
5337,0,1,ivogeorg
5338,0,8,danogwok
5339,0,1,alphonsusadubredu
5340,0,5,OmarAflak
5341,0,9,brynbellomy
5342,0,1,lugq1990
5343,0,1,cemdrman
5344,0,53,hharnisc
5345,0,2,kaychn126
5346,0,7,ashenden
5347,0,7,DreamAndDead
5348,0,47,icindy
5349,0,2,Processoriented
5350,0,6,loki-one
5351,0,4,PrajaktaDeosthali
5352,0,1,archeryue
5353,0,1,KINGH242
5354,0,1,cbarcenas
5355,0,1,chen-123
5356,0,2,eXt-Ra
5357,0,1,PWaryszak
5358,0,27,MatiasVerdier
5359,0,3,nkoik
5360,0,5,MicroDreamIT
5361,0,90,nucliweb
5362,0,118,jasnell
5363,0,5,dansackett
5364,0,1,sravindravmd
5365,0,8,lixinso
5366,0,84,pepelsbey
5367,0,17,claudiainbytes
5368,0,1,fake-or-dead
5369,0,36,shahidhk
5370,0,1,edwardceballos
5371,0,9,hexfaker
5372,0,2,serundeputy
5373,0,5,douglasnavarro
5374,0,15,mehulmpt
5375,0,3,k9luo
5376,0,1,aanlinuxer
5377,0,2,rajatdeshpande
5378,0,6,EmiiKhaos
5379,0,5,rengokantai
5380,0,3,Myzhar
5381,0,7,madbat
5382,0,3,kimhogeling
5383,0,5,srinify
5384,0,9,78ij
5385,0,8,clemensv
5386,0,21,jameswork
5387,0,4,alepolidori
5388,0,3,gabriel-lima
5389,0,16,tanvir-ux
5390,0,8,qjy981010
5391,0,1,bluefrg
5392,0,9,raybesiga
5393,0,2,sebastianks
5394,0,12,DominikAngerer
5395,0,31,changbiao
5396,0,7,danriti
5397,0,21,prayerslayer
5398,0,8,danilosoba
5399,0,3,Dineshs91
5400,0,12,erolkaftanoglu
5401,0,3,kirmani
5402,0,3,chrisns
5403,0,2,skingchan
5404,0,23,arielyang
5405,0,6,suevalov
5406,0,4,charan1922
5407,0,5,allentv
5408,0,28,cpcloud
5409,0,11,RuanAragao
5410,0,17,stone0090
5411,0,2,invkrh
5412,0,7,jaredforth
5413,0,1,artiii
5414,0,1,chouteau
5415,0,3,LarsBuur
5416,0,10,adhenawer
5417,0,3,mhyhre
5418,0,2,serraventura
5419,0,94,dfalbel
5420,0,17,biigpongsatorn
5421,0,5,juandjara
5422,0,4,adioslabs
5423,0,3,abdo-host
5424,0,6,biril
5425,0,10,amucinom
5426,0,18,a1studmuffin
5427,0,43,shinygang
5428,0,9,Huang-Wei
5429,0,57,robhawkes
5430,0,43,HalidCisse
5431,0,20,haoflynet
5432,0,5,ImMathanR
5433,0,2,rolspace
5434,0,2,nickwhite917
5435,0,2,iceNuts
5436,0,4,cardwing
5437,0,4,shantanoo-desai
5438,0,2,Gatix
5439,0,5,thinhvoxuan
5440,0,13,AgusRdz
5441,0,16,fatrbaby
5442,0,2,deadoggy
5443,0,15,nuc
5444,0,5,thomasblaymire
5445,0,8,guohaoyu110
5446,0,11,leolord
5447,0,5,quangson91
5448,0,1,arnaudleyder
5449,0,37,huang303513
5450,0,3,mrh-jishan
5451,0,9,samuraime
5452,0,59,codemonkey85
5453,123,2,Oyamasiphula
5454,0,2,jam1e
5455,0,10,Dharmesh-Poddar
5456,0,8,mawenke
5457,0,58,jessecogollo
5458,0,13,Orlandster
5459,0,1,guyuewuren
5460,0,12,mirianfsilva
5461,0,11,jidesakin
5462,0,3,Jalaj-khajotia
5463,0,5,marmos91
5464,0,11,joshua
5465,0,52,forsigner
5466,0,3,rogerpolvr
5467,0,2,cattong
5468,0,22,mehedi432
5469,0,35,hojberg
5470,0,6,Piuliss
5471,0,2,sidraw27
5472,0,1,hectnandez
5473,0,2,NathanMacedo
5474,0,10,ereslibre
5475,0,64,nghialv
5476,0,6,anefzaoui
5477,0,5,thomashagstrom
5478,0,4,Differlong
5479,0,26,ananagame
5480,0,2,edisongustavo
5481,0,17,cameronehrlich
5482,0,4,pepoipod
5483,0,5,pseudomuto
5484,0,10,Denniskamau
5485,0,45,beydogan
5486,0,8,SoldierCorp
5487,0,12,he9qi
5488,0,6,shibulijack
5489,0,2,ilovintit
5490,0,53,matthew-andrews
5491,0,4,baolibin
5492,0,8,Jefferson227
5493,0,1,cwyaml
5494,0,8,carlowens
5495,0,35,mateogianolio
5496,0,20,chennqqi
5497,0,85,shidhincr
5498,0,1,kumsh
5499,0,3,pein0119
5500,0,13,racx
5501,0,2,ConstFly
5502,0,23,thanksdanny
5503,0,9,jlom
5504,0,3,pinedamg
5505,0,2,AnasTawfeek
5506,0,266,technoweenie
5507,0,11,koushikpillai
5508,0,8,hileon
5509,0,3,davidsawyer
5510,0,1,mk200789
5511,0,1,AlexXiao95
5512,0,1,BenjaminDebotte
5513,0,71,sdhutchins
5514,0,6,kharvd
5515,0,12,dopplershift
5516,0,3,luck7
5517,0,1,JoelSchecheleski
5518,0,4,suzumi49n
5519,0,3,babakness
5520,0,3,pranoyr
5521,0,5,artfuldev
5522,0,4,chnselim
5523,0,2,YinshawnRao
5524,162,2,Linging
5525,0,9,jcserracampos
5526,0,51,gustavobigardi
5527,0,1,herry13
5528,0,3,NYAZAK
5529,0,26,jamiewilson
5530,0,15,cadu-tech
5531,0,2,donsalari
5532,0,1,thanosparavantis
5533,0,11,linking123
5534,0,11,FireZenk
5535,0,1,finnbear
5536,0,13,daipeihust
5537,0,5,ericlifka
5538,0,28,dragon3
5539,0,2,citizenk
5540,0,2,aguzro
5541,0,6,ddellacosta
5542,0,13,sriharshakappala
5543,0,9,marcelog
5544,0,3,ML78
5545,0,11,alexbevi
5546,0,3,gejialun8888
5547,0,193,ravidsrk
5548,0,3,relaxnow
5549,0,3,deavon
5550,0,3,SaigyoujiYuyuko233
5551,0,3,anandkumar
5552,0,5,Yohager
5553,0,7,orashi
5554,0,7,quartz010
5555,0,13,gabrielcsapo
5556,0,1,howenx
5557,0,2,sfuchinesefellowship
5558,0,4,RonLek
5559,0,1,nadnoslen
5560,0,5,nyelonong
5561,0,17,jaredthecoder
5562,0,6,mzajkowski
5563,0,2,kerberjg
5564,0,1,mmasashi
5565,0,4,DongDeming
5566,0,1,im-sure
5567,0,138,BolajiAyodeji
5568,0,4,chesstrian
5569,0,4,awfulaxolotl
5570,0,30,serby
5571,0,6,dkrutsko
5572,0,4,shangt15
5573,0,40,PauloLuan
5574,0,4,UXBox-Design
5575,0,3,jasonlovescoding
5576,0,6,eliias
5577,0,6,jiashuw
5578,0,1,sjtuchris
5579,0,5,brianrusso
5580,0,9,euqen
5581,0,2,elissatong
5582,0,1,hamczu
5583,0,3,danhon
5584,0,56,cutmail
5585,0,1,XUSean0118
5586,0,5,Asher978
5587,0,2,suyear
5588,0,17,ReiiYuki
5589,0,17,bruce3x
5590,0,8,geonnave
5591,0,10,rclanan
5592,0,4,Tianji95
5593,0,2,jiangzihanict
5594,0,3,RainyTong
5595,0,2,haoruozhang
5596,0,1,AlexHolderDeveloper
5597,0,7,sethmlarson
5598,0,7,sevazhidkov
5599,0,23,ChinaHDJ
5600,0,12,andream16
5601,0,8,Striptik
5602,0,9,ionescu77
5603,0,2,AlexLeung
5604,0,2,MesumRaza
5605,0,3,martijndevalk
5606,0,40,Jermic
5607,0,1,MichealXie
5608,0,2,moldovancsaba
5609,0,12,Cppowboy
5610,0,5,Aldin-SXR
5611,0,6,lukehalley
5612,0,3,hibbie
5613,0,15,aruprakshit
5614,0,10,liudianpeng
5615,0,64,purnimamehta
5616,0,5,alexdovzhanyn
5617,0,32,jnhwkim
5618,0,2,JackyCSer
5619,0,9,rezacsedu
5620,0,4,cyberinferno
5621,0,22,natmark
5622,0,9,7ayushgupta
5623,0,2,AzeredoGabriel
5624,0,13,Edward-Sun
5625,0,2,bchewy
5626,0,18,mrowa44
5627,0,3,prabhant
5628,0,21,JensRantil
5629,0,1316,pengliheng
5630,0,4,DhayanandBaskar
5631,0,23,bkeating
5632,0,2,gzwgq222
5633,0,1,madebydiego
5634,0,52,caiyongmin
5635,0,6,dhaveed
5636,0,17,MrGru
5637,0,3,lei-clearsky
5638,0,3,AerysNan
5639,0,6,AmbarZaidi
5640,0,2,danielpaul
5641,0,8,robigus
5642,0,13,gongbaochicken
5643,0,4,nielsenmg
5644,0,3,AliCanAydogdu
5645,0,6,gerhardsletten
5646,0,6,brecke
5647,0,28,fulmicoton
5648,0,7,shiwano
5649,0,11,KMKNKK
5650,0,3,duan602728596
5651,0,3,soaringEveryday
5652,0,24,ceeker
5653,0,1,ShunboZHOU
5654,0,9,rishabhs95
5655,0,1,RamananSharma
5656,0,9,thesachinmittal
5657,0,8,gavinmh
5658,0,1,jlerouge
5659,0,9,k9uma
5660,0,5,markkohdev
5661,0,17,rjurney
5662,0,7,erictherobot
5663,0,4,NoCLin
5664,0,13,tedteddy
5665,0,5,shashkovdanil
5666,0,31,bryancatanzaro
5667,0,7,razibchamp
5668,0,1,Defite
5669,0,4,bersace
5670,0,2,somous-jhzhao
5671,0,5,chenbowen
5672,0,5,irishquinn
5673,0,187,boxvc
5674,0,1,mohdmurtuzakhan
5675,0,1,poepanda
5676,0,7,sajuptpm
5677,0,6,erayakartuna
5678,0,11,pfmiles
5679,0,16,karbassi
5680,0,17,thebritican
5681,51,3,skumailraza
5682,0,4,acs
5683,0,7,hemant19cse
5684,0,1,loadwiki
5685,0,6,ThomWright
5686,0,2,Koff
5687,0,9,duykhoa
5688,0,50,pradeeprajkumar
5689,0,2,prakritidev
5690,0,6,thetwosents
5691,0,14,ismailcaakir
5692,0,1,jpinz
5693,0,8,romanzipp
5694,0,100,Srijancse
5695,0,4,kanokgan
5696,0,54,Wildhoney
5697,0,4,ranavc32
5698,0,7,manneshiva
5699,0,4,mirzadeh
5700,0,1,shuoyuanxu
5701,0,1,ndkshr
5702,0,2,siteriaitaliana
5703,0,11,rafaelcn
5704,0,1,bingomanatee
5705,0,3,blurymind
5706,0,5,leomrl
5707,0,1,itpwang
5708,0,7,Yuziquan
5709,0,5,jhkang
5710,0,3,thEpisode
5711,0,12,SuyashLakhotia
5712,0,9,gssify
5713,0,1,shipengcheng1230
5714,0,2,apepa
5715,0,7,arora-72
5716,0,2,Mahmuttalemdar
5717,0,7,sophielee1
5718,0,7,Matt-Deacalion
5719,0,1,phonethantko
5720,0,11,Gvinod1991
5721,0,11,nathanbirrell
5722,0,7,carlosvq
5723,0,3,easybird
5724,0,8,martywallace
5725,0,70,molefrog
5726,0,1,astrocket
5727,0,19,dhruv-chitkara27
5728,0,16,ashtonlance
5729,0,5,iamsantto
5730,0,25,GarthDB
5731,0,10,rrdelaney
5732,0,5,arturocastro
5733,0,3,liaohandel
5734,0,2,abhishekcghosh
5735,173,2,Fewald
5736,0,11,rkotze
5737,0,90,keppelen
5738,0,3,gijo-varghese
5739,0,3,himynameistimli
5740,0,3,NMNS93
5741,0,1,gabeno
5742,0,15,rahulroy9202
5743,0,74,fengzilong
5744,0,17,sconfield
5745,0,2,audunfo
5746,0,3,milindsingh
5747,0,5,DaiXiang
5748,0,78,therebelrobot
5749,0,12,ahmadRagheb
5750,0,12,subhadeep-123
5751,0,54,stevedekorte
5752,0,22,ryands17
5753,0,6,felipefarias
5754,0,13,Kiwka
5755,0,35,acacha
5756,0,1,keech
5757,0,7,CodinCat
5758,0,2,SasanFarrokh
5759,0,8,JoaoGFarias
5760,0,5,jcwalmsley
5761,0,3,jorgejr568
5762,0,4,muzammilpeer
5763,0,3,mariogrip
5764,0,2,qixin1991
5765,0,26,pwcong
5766,0,1,VinnyFonseca
5767,0,7,complxalgorithm
5768,0,3,ismail1432
5769,0,1,JTOne123
5770,0,1,NewtonJoaquim
5771,0,12,HOHOOO
5772,0,7,k-nut
5773,0,12,halk
5774,0,12,iHiD
5775,0,11,rusith
5776,0,1,SPY-Ming
5777,0,1,szikszail
5778,0,5,moliusmile
5779,0,5,Stevengu999
5780,0,8,pilt
5781,0,12,sujono91
5782,0,6,nelsonpecora
5783,0,5,ZHANGHeng19931123
5784,0,5,beride
5785,0,1,mariobustosjmz
5786,0,6,runningskull
5787,0,2,rishsriv
5788,0,5,raidery
5789,0,5,mikecmpbll
5790,0,14,mglaman
5791,0,9,shinxi
5792,0,4,seekcx
5793,0,11,jofftiquez
5794,0,2,suwangcompling
5795,0,1,soutogustavo
5796,0,14,JFKingsley
5797,0,15,lytasky
5798,0,7,dudesl
5799,0,19,cncuckoo
5800,0,74,DiegoRBaquero
5801,0,28,Zophyr
5802,0,41,Jackey-Sparrow
5803,0,2,RuyiLi
5804,0,10,iamukasa
5805,0,18,generalhenry
5806,0,14,dbouwman
5807,0,6,siddharatha
5808,0,3,knight2010
5809,0,7,Lulalaby
5810,0,3,swooder
5811,0,1,carlosquijano
5812,0,19,ItsJonQ
5813,0,11,karenkgs
5814,0,23,cw1997
5815,0,4,ImMrMa
5816,0,11,fairfieldt
5817,0,53,sballesteros
5818,0,15,josh-deprogram
5819,0,6,iqeq00
5820,0,4,jeremybeasley
5821,0,6,levibuzolic
5822,0,3,shramee
5823,0,7,keepzero
5824,0,2,MorrisDa
5825,0,20,Raincoolly
5826,0,1,artiveloper
5827,0,6,AnkushMalik
5828,0,24,argentinaluiz
5829,0,5,JeemyJohn
5830,0,13,fatih-yavuz
5831,0,9,kochie
5832,0,8,esilvajr
5833,0,15,geniusgordon
5834,0,3,bwang29
5835,0,1,Sigm0oid
5836,0,32,lubien
5837,0,20,JoelOtter
5838,0,29,electrum
5839,0,11,iswanulumam
5840,0,19,pierreozoux
5841,0,16,cireric
5842,0,5,danilogit
5843,0,12,hafei
5844,0,2,MeteorInfinity
5845,0,17,shoota
5846,0,21,akshitarora
5847,0,2,brajeshkokkonda
5848,0,10,satyampatro
5849,0,1,nce3xin
5850,0,2,arran4
5851,0,2,ponggung
5852,0,3,distributedlife
5853,0,2,bryanlds
5854,108,2,cannc4
5855,0,4,CainLuo
5856,0,3,danielkatz
5857,0,2,nathanlong
5858,0,2,gadsbyfly
5859,0,31,prydonius
5860,0,6,futhr
5861,0,9,kyo504
5862,0,1,alexandrevribeiro
5863,0,2,benjamingregory
5864,0,1,kaflan
5865,0,49,mikenieva
5866,0,12,tanchao90
5867,0,7,dfghj44444
5868,0,1,atulapra
5869,0,9,reliq
5870,0,2,SamuelToh
5871,0,4,0xPr0xy
5872,0,9,tarun1475
5873,0,8,denisbrodbeck
5874,0,19,chee
5875,0,5,gosukiwi
5876,0,2,jarcodallo
5877,0,19,DaniilSydorenko
5878,0,1,noahpeden
5879,0,18,illinifellow
5880,0,8,maukoese
5881,0,1,kuramu1108
5882,0,18,iammapping
5883,0,20,jwhitlock
5884,0,9,daviddalpiaz
5885,0,3,WhoSV
5886,0,8,codethereforam
5887,0,7,matejlatin
5888,0,1,rjtsdl
5889,0,3,jpgnotgif
5890,0,20,dougalsutherland
5891,0,3,AwalDeep
5892,0,14,jpuncle
5893,0,7,f3n1Xx
5894,174,1,kschingiz
5895,0,35,akameco
5896,0,38,alex1504
5897,0,28,syedfquadri
5898,0,2,crazyfrogspb
5899,0,8,gkhan496
5900,0,26,sunkuo
5901,0,7,328
5902,0,6,fccoelho
5903,0,86,chenchenyuyu
5904,0,9,ayon115
5905,0,34,Khaledgarbaya
5906,0,2,kaiomagalhaes
5907,0,46,softprops
5908,0,16,monthol8th
5909,0,1,pubudu08
5910,0,8,rainboxx
5911,0,8,novaugust
5912,0,4,ErosHai
5913,0,3,qinmao
5914,0,22,julitroalves
5915,0,3,rmrfself
5916,0,19,IJEMIN
5917,0,31,radeksimko
5918,0,7,anand-singh
5919,0,2,Anonymous26
5920,0,97,n1k0
5921,0,100,malukenho
5922,0,4,dogukanayd
5923,0,5,jeffersonsalvador
5924,0,3,muaz234
5925,0,1,mariusleu
5926,175,1,jstenquist
5927,0,9,ruizhengyun
5928,0,4,hrace009
5929,0,5,YesayaSoftware
5930,0,8,raymondsze
5931,0,4,rejiejay
5932,0,6,gaoyuankidult
5933,0,16,just1and0
5934,0,3,sandipbhuyan
5935,0,30,jrf0110
5936,176,2,jasondecastro
5937,0,12,raj-subhankar
5938,0,1,AndersonAltissimo
5939,0,3,kafeidou1991
5940,0,1,maxadamski
5941,0,4,gotar
5942,0,1,plus2047
5943,0,5,Kavignon
5944,0,4,lancelote
5945,0,25,adrianbrink
5946,0,9,iamMehedi
5947,0,2,shibei00
5948,0,46,baptistebriel
5949,0,4,redmoses
5950,0,15,githubhaohao
5951,0,19,mastersilvio
5952,0,3,jvanvugt
5953,0,71,maddox
5954,0,10,Yurickh
5955,0,2,RikoLi
5956,0,1,Alohasprit
5957,0,9,magetron
5958,0,2,srikanth-sfu
5959,213,2,Jhird
5960,0,19,haaakon
5961,0,1,GeorgeIpsum
5962,0,1,Tarpelite
5963,0,6,orivaldosantana
5964,0,56,ferreiro
5965,0,15,hughgrigg
5966,0,1,armintoepfer
5967,142,1,helios741
5968,0,5,dwhieb
5969,0,5,MobliMic
5970,0,3,NickDunas
5971,0,23,lodestone
5972,0,9,bararchy
5973,0,66,matheusfrancisco
5974,0,42,phpnode
5975,0,5,huos3203
5976,0,2,christhoval06
5977,0,2,fozziethebeat
5978,0,17,qiuyesuifeng
5979,0,3,littlewey
5980,0,4,TaekyungHeo
5981,0,4,Kaceykaso
5982,0,8,hden
5983,0,7,cromagnonninja
5984,0,22,arnolanglade
5985,0,7,colbygk
5986,0,4,iurimattos
5987,0,12,rootux
5988,0,7,esarafianou
5989,0,2,devhyunjae
5990,0,10,shubhamzanwar
5991,0,5,fallenwood
5992,0,3,dPacc
5993,0,25,bmcmahen
5994,0,19,rkgudboy
5995,0,1,aakashkerawat
5996,0,1,mardianto
5997,0,43,dev4mobile
5998,0,8,bash
5999,0,4,ishank011
6000,0,10,mamchenkov
6001,0,1,longaspire
6002,0,6,Roemerb
6003,0,27,hoosin
6004,0,2,ryanspletzer
6005,0,141,huanglong
6006,0,10,gujiaxi
6007,0,1,alecjd
6008,0,4,Antwnis
6009,0,1,dylanblanchard
6010,0,4,TheGrimmScientist
6011,0,16,Codetector1374
6012,0,2,dongshiqian
6013,0,12,patomarques
6014,177,2,praneet195
6015,0,15,santhosh-chinnasamy
6016,0,10,ningshixian
6017,0,3,neohope
6018,0,11,jeffamstutz
6019,0,2,northys
6020,0,12,aatrostle
6021,0,6,Troy-Yang
6022,0,13,robertopc
6023,0,15,taikongfeizhu
6024,0,8,janajri
6025,0,86,HintikkaKimmo
6026,0,6,samridhishree
6027,0,3,askeluv
6028,0,10,lijuan-su
6029,341,2,QuanyuLong
6030,0,2,iworldtong
6031,0,9,GandophSmida
6032,0,21,daverau
6033,0,7,Colin6618
6034,0,2,changzhiga
6035,0,3,caironm
6036,0,2,kislerdm
6037,0,20,dotenorio
6038,0,5,strackoverflow
6039,0,18,javimarlop
6040,0,1,argaghulamahmad
6041,0,29,saluber
6042,0,16,obengwilliam
6043,0,1,lihr04
6044,0,3,erichhhhho
6045,0,3,emrahday
6046,0,4,rickhallett
6047,0,16,strongit
6048,0,1,chrisquinnr
6049,0,12,RileyBlue
6050,0,5,Aliezliu
6051,0,1,mrn-aglic
6052,0,25,marcusramberg
6053,0,11,santihbc
6054,0,4,Quadriphobs1
6055,0,1,meghdadFar
6056,0,6,champagnepappi
6057,0,11,bruth
6058,0,2,Dillonb
6059,0,28,Jeiwan
6060,0,4,Charlottecuc
6061,0,3,dizys
6062,0,7,AmirTahani
6063,0,3,edoardocavazza
6064,0,34,big-kahuna-burger
6065,0,6,nitu2003
6066,0,8,dongweiq
6067,0,2,danalex97
6068,0,28,LinyangHe
6069,0,6,mentorgashi
6070,0,3,kpalmvik
6071,0,5,jatinchauhann
6072,0,4,agrawal-priyank
6073,0,9,joshdholtz
6074,0,3,ExiaSR
6075,0,3,meeeejin
6076,0,4,jordanh
6077,0,21,gumutianqi
6078,0,3,saktibuana
6079,0,9,elliott-beach
6080,0,5,SmokinCaterpillar
6081,0,1,isaacsultan
6082,0,3,kristijanbartol
6083,0,58,shisoft
6084,0,74,Snailclimb
6085,0,59,jashmenn
6086,0,13,herval
6087,0,3,quangChe
6088,0,6,mircobabini
6089,0,17,khofaai
6090,0,13,rlucha
6091,0,1,LOpSSH
6092,0,21,nornagon
6093,0,5,hackerchai
6094,0,90,luismayta
6095,0,2,gustavoaz7
6096,0,2,ArthurJordao
6097,0,15,BillBillBillBill
6098,0,1,Maximeesilv
6099,0,8,silentred
6100,0,9,bilalbayasut
6101,0,11,MithunMJ
6102,0,3,saifazmi
6103,0,21,ged
6104,0,7,gedennis
6105,0,8,ljhang
6106,0,31,kamilkisiela
6107,0,31,premasagar
6108,0,21,mlosev
6109,0,19,Chathula
6110,0,1,ganorberg
6111,0,1,Peschonaut
6112,0,33,dipjyotimetia
6113,0,2,Yangyangii
6114,0,2,shaoxiongji
6115,0,6,SaxxonPike
6116,0,8,drzhnin
6117,0,14,suryast
6118,0,24,ericsk
6119,0,23,Almo7aya
6120,0,4,faouzioudouh
6121,0,20,anarute
6122,0,7,samaralii
6123,0,1,Fomchenkov
6124,0,8,crevillo
6125,0,10,sinsunsan
6126,0,7,sinedied
6127,0,29,jeffreysbrother
6128,0,8,duluca
6129,0,4,timcdlucas
6130,0,5,phannaly
6131,0,2,deepakdargade
6132,0,2,anortef
6133,0,5,MarcosSpessatto
6134,0,317,indexzero
6135,0,17,nervetattoo
6136,0,4,ragingsmurf
6137,0,26,tdpetrou
6138,0,4,ShivamGoyal1899
6139,0,44,VikramTiwari
6140,0,3,baliomega
6141,0,22,frank-jian
6142,0,1,rizqiaryansa
6143,0,2,razielar
6144,0,5,oya163
6145,0,8,bobwongs
6146,0,33,hkedia321
6147,0,1,ajzdunek
6148,0,8,Dobeis
6149,0,154,sriharsha0806
6150,0,10,helloqiu
6151,0,2,maplethorpej
6152,0,37,ArloJamesBarnes
6153,0,10,timmyreilly
6154,0,18,07101994
6155,0,2,flaviol-souza
6156,0,13,BOT-Man-JL
6157,0,15,iamsk
6158,0,9,ivansviatenko
6159,0,2,HDHunter
6160,0,4,Jackie-Chou
6161,0,2,lnittman
6162,0,7,pbondoer
6163,0,3,IamBlueSlime
6164,0,10,singee77
6165,0,211,rhiokim
6166,0,4,patrickedelen
6167,0,8,cristianossd
6168,0,5,stefanbirkner
6169,0,1,lucascantor
6170,0,2,ChillyBwoy
6171,0,18,DAA233
6172,0,3,rafaelcavalcanti
6173,0,28,Shouheng88
6174,0,2,dmitru
6175,0,1,AlfredUg
6176,0,2,nathanfrancy
6177,0,32,ordepdev
6178,0,24,michuanhaohao
6179,0,5,GonzaloRizzo
6180,0,1,OzanKurt
6181,0,17,arnav-t
6182,0,11,spicyboiledfish
6183,0,157,eonist
6184,0,6,navix
6185,0,4,mako34
6186,0,11,kcliu
6187,0,9,chekalsky
6188,0,9,krzemienski
6189,0,26,rodrigotello
6190,0,4,anaypaul
6191,0,1,Xiphe
6192,0,6,jouderianjr
6193,0,11,ianre657
6194,0,1,boctulus
6195,0,1,LousyLory
6196,0,1,mlnjsh
6197,0,3,a865143034
6198,0,2,nickNaniviaa
6199,0,3,hanayashiki
6200,0,2,tarikbc
6201,0,3,senlinzhan
6202,0,2,Saftophobia
6203,0,10,kumailn
6204,0,15,ismailmechbal
6205,0,26,Musbell
6206,0,26,mads-hartmann
6207,0,1,HectorUnicorn
6208,0,1,Webstylerin
6209,0,12,ramlaxman
6210,0,6,niclupien
6211,0,3,JalalSordo
6212,0,11,jake-billings
6213,0,1,gshartnett
6214,0,2,avacariu
6215,179,2,Ajackster
6216,0,2,core-process
6217,0,3,alayo
6218,0,75,glouppe
6219,0,10,rosepac
6220,0,4,eduardomartins
6221,0,25,marcellcsiszar
6222,0,3,andrew749
6223,0,48,LeeRayno
6224,0,8,ericrallen
6225,0,12,leaderliang
6226,0,3,mkaradeniz
6227,0,17,adalberht
6228,0,37,gileno
6229,0,258,SlexAxton
6230,0,7,peterforgacs
6231,0,2,juliotux
6232,0,4,farhansalam
6233,0,1,jackcoral89
6234,0,6,danielblair
6235,0,1,Fyzu
6236,0,10,benjaminoakes
6237,0,3,arahansen
6238,0,8,stephenlautier
6239,0,10,NickYang1988
6240,0,7,jonkalleja
6241,0,7,Aries0d0f
6242,0,16,GaryChangCN
6243,0,5,nukosuke
6244,0,4,dwitherspoon
6245,0,36,CatTail
6246,0,9,prithvisingh18
6247,0,4,Stanislas-Poisson
6248,0,3,edwardclem
6249,0,1,ryanC1993
6250,0,25,alemesa
6251,0,4,bytesnz
6252,0,16,baqirfarooq
6253,0,2,juanvillegas
6254,0,5,chrisblackwell
6255,0,8,imxana
6256,0,17,Naresh1318
6257,0,1,justinforce
6258,0,3,SemteulGaram
6259,0,12,patarkf
6260,0,4,ottoman91
6261,0,67,mmoaay
6262,0,2,soulshifter
6263,0,25,previousdeveloper
6264,0,14,bearded-avenger
6265,0,7,TravnikovRN
6266,0,2,ravi-sharma
6267,0,3,rogiersbart
6268,0,13,ozaydinb
6269,0,25,junorouse
6270,0,8,mark-hoffmann
6271,0,13,Rubensigner
6272,0,7,OmidPoursaeed
6273,0,14,nulldreams
6274,0,37,shoheiyokoyama
6275,0,4,cympfh
6276,0,24,Gerson-Nascimento
6277,0,1,egorikas
6278,0,6,stabgan
6279,0,3,mhiro2
6280,0,52,FlyAndNotDown
6281,0,1,c0un7-z3r0
6282,0,4,rault-a
6283,0,3,map7
6284,0,3,conormdurkan
6285,0,10,fuunnx
6286,0,13,hilerchyn
6287,0,1,AdvancedCat
6288,0,11,dkinzer
6289,0,89,tangqi92
6290,0,1,lihtiandxc
6291,0,11,ikardi420
6292,0,3,pcanella
6293,0,2,Aldrog
6294,0,1,adamtootle
6295,0,37,lawlite19
6296,180,2,Ksreenivas
6297,0,5,ealbinu
6298,0,16,addityasingh
6299,0,3,GSZS
6300,0,5,JLiao98
6301,0,284,lexrus
6302,0,6,dmortem
6303,0,10,coderhs
6304,0,7,sherrycattt
6305,0,1,Nitwoe
6306,0,1,AkeemMYU
6307,0,28,PytLab
6308,0,9,DevAspirerKlaus
6309,0,52,soapdog
6310,0,19,avatsaev
6311,0,9,dmelo
6312,0,7,gorkalaucirica
6313,0,2,jongon
6314,0,16,jstart
6315,0,10,Wilo
6316,0,1,hokru
6317,0,12,colepeters
6318,0,5,alanschlindvein
6319,0,18,elykahn
6320,0,9,reworkhow
6321,0,6,demonSong
6322,0,24,Ethan-Arrowood
6323,0,11,codyjames
6324,0,8,JonathanGTH
6325,0,1,mIcHyAmRaNe
6326,0,21,jjperezaguinaga
6327,0,25,jigsawye
6328,0,4,rogeriomq
6329,0,4,ceslami
6330,0,3,sh0416
6331,0,4,gabrielgoncalves95
6332,0,6,tarunmangukiya
6333,0,2,Naurislv
6334,0,19,Hancoson
6335,0,3,Madebym
6336,0,2,smatyas
6337,0,1,SharifElfouly
6338,0,1,hamedtorky
6339,0,3,tasoskakour
6340,0,4,devilhtc
6341,0,18,michaeljdennis
6342,0,3,Aaronong
6343,0,14,gustavobeavis
6344,0,33,OtacilioN
6345,0,74,VincentGarreau
6346,0,7,sauln
6347,0,19,mgrachev
6348,0,3,rfsbsb
6349,0,4,harmanpa
6350,0,3,BjornW
6351,181,2,beantowel
6352,0,2,aakricha
6353,0,1,guopingxiao
6354,0,5,rajanit2000
6355,0,5,juankuquintana
6356,182,1,Alexis-Bize
6357,0,2,Jzucca
6358,0,2,himanshuladia
6359,0,2,nimxj
6360,0,3,taixhi
6361,0,4,azzcatdesign
6362,0,3,kirinlin
6363,0,11,alamin-mahamud
6364,0,12,rzhao1
6365,0,7,kirilkirkov
6366,0,3,dexterastin
6367,0,9,joshualeung
6368,0,11,leiquan
6369,0,2,Eihen
6370,0,7,niklas-heer
6371,0,23,Achint08
6372,0,20,ekas
6373,0,6,jbtronics
6374,0,10,jrwren
6375,0,5,Hc747
6376,0,5,ASH1998
6377,0,18,tiagolpadua
6378,0,5,johnwalley
6379,0,3,evervasquez
6380,0,3,cdbullones
6381,0,1,nidhinmahesh
6382,0,6,melanke
6383,0,12,Phlicess
6384,0,9,Irvinglove
6385,0,2,benrudolph
6386,0,74,galvez
6387,0,2,Magica-Chen
6388,0,7,ashwin711
6389,0,45,ruanmartinelli
6390,0,16,favstats
6391,0,1,ipalongengi
6392,0,5,little-white
6393,0,9,hmelenok
6394,0,51,amdegroot
6395,0,2,littlelotta
6396,0,3,frederikprijck
6397,0,9,kvzl
6398,0,4,ihainan
6399,0,26,onlylemi
6400,0,6,lukassnoek
6401,0,2,TomKellyGenetics
6402,0,3,shihaohong
6403,0,3,PatrickPrakash
6404,0,1,skycat-me
6405,0,28,makiftutuncu
6406,183,3,Lemma1
6407,0,1,Kitefr
6408,0,4,jxllh123456
6409,0,6,mlncn
6410,267,1,abstractart
6411,0,7,duffn
6412,0,1,piyushwalia
6413,0,7,Akramz
6414,0,1,storybynumbers
6415,0,2,The-Atul-Sharma
6416,184,1,WisZhou
6417,0,28,quentinyang
6418,0,6,js2me
6419,0,4,restrepo
6420,0,5,emeka-osuagwu
6421,0,2,jamesaustin
6422,0,9,anuraggautam77
6423,0,6,acriacao
6424,0,126,romainfrancois
6425,0,22,aassou
6426,0,1,fcornelius
6427,0,2,codesicario
6428,0,10,prithaupadhyay
6429,0,25,kbyyd24
6430,0,33,maxcountryman
6431,0,4,huyabin
6432,0,29,ritheshkumar95
6433,0,1,sajjadkazemi10ss
6434,0,9,skarif2
6435,0,1,clari182
6436,0,30,jiajunlin
6437,55,2,Eclipsess
6438,0,2,oniice
6439,0,4,ihoru
6440,0,2,marcos0x
6441,0,4,rikopernando
6442,0,4,miyunluo
6443,0,5,kariminf
6444,0,5,gokultp
6445,0,5,simerplaha
6446,0,5,narongdejsrn
6447,0,9,nickbouton
6448,0,1,jmoralesv
6449,0,1,acamargofb
6450,0,2,pgomesdev
6451,90,1,lucaspetry
6452,0,95,SuperVeggy
6453,0,6,sweep3092
6454,0,1,labidiaymen
6455,0,56,SmartDengg
6456,0,1,a1tavista
6457,0,4,lurraca
6458,0,3,EkaterinaAbramova
6459,0,2,Awdrtgg
6460,0,1,NovaHe
6461,0,3,sanjivsoni
6462,0,8,adaltojunior86
6463,0,7,ionicc
6464,0,16,jeasoft
6465,0,2,conoramanatullah
6466,0,5,klevis
6467,0,8,robi42
6468,0,2,GauntletWizard
6469,0,11,ahmetkotan
6470,0,36,st0012
6471,0,2,quanvuong
6472,0,12,freddiev4
6473,0,32,coodoo
6474,0,1,HDTran
6475,0,6,oshalygin
6476,0,4,iNishant
6477,0,11,Alireza29675
6478,0,7,parox2014
6479,0,37,liaopeiyuan
6480,0,3,lavela
6481,0,3,takashabe
6482,0,1,daaning
6483,0,17,luciy
6484,0,11,ianmjones
6485,0,5,Joohee-Park
6486,0,77,snakeUni
6487,0,35,LucasBassetti
6488,0,3,DengYiping
6489,87,2,frytg
6490,24,2,juliensagot
6491,0,97,favourch
6492,0,1,huija
6493,0,3,mizdra
6494,0,7,diegaco
6495,0,4,leegeunhyeok
6496,0,1,jes2ica
6497,0,3,johnhout
6498,0,19,arpit1997
6499,0,2,diogoAntunes
6500,0,27,AvatarQing
6501,0,6,pfinazzo
6502,0,10,mridulnagpal
6503,0,6,scutuyu
6504,0,4,quanru
6505,0,1,angellagunas
6506,0,2,dnvyrn
6507,0,27,siddharthlatest
6508,0,1,drschilling
6509,0,5,V-I-C-T-O-R
6510,0,2,chendotjs
6511,0,4,santipuch590
6512,0,19,jiayangchen
6513,0,14,WhiteBlue
6514,0,7,jgosier
6515,0,7,timgws
6516,0,1,IbrahimAbdallahElgendy
6517,0,13,jiehu5114
6518,0,3,bcschiffler
6519,0,1,jnorberg
6520,0,3,hsuanhauliu
6521,0,6,pkqs90
6522,0,12,sjlu
6523,0,29,ChristopherA
6524,0,5,andmos
6525,0,9,createbang
6526,0,4,amasawa
6527,0,4,ddiu8081
6528,0,111,andru255
6529,0,2,VaclavSir
6530,0,20,samuell
6531,0,4,ceddybi
6532,0,1,rahulpowar
6533,0,6,heeyngpark
6534,0,1,mdyang
6535,0,8,520hacker
6536,0,49,stammy
6537,0,9,lovejoy
6538,0,16,Sanzidikawsar
6539,0,4,ohsusannamarie
6540,0,1,AndrewAtanov
6541,0,82,iros
6542,0,11,paupereira
6543,0,8,Ar11rA
6544,0,28,llllllllll
6545,0,5,EloimEssaim
6546,0,6,larbibaraka
6547,0,22,acornwall
6548,0,4,manjrekarom
6549,0,7,adamryman
6550,0,18,qcl
6551,0,10,sunorry
6552,0,4,PeterGooo
6553,0,1,humayun
6554,0,55,djalmaaraujo
6555,0,1,Hypnoes
6556,0,9,BIXIAOJIE
6557,0,1,tharlesamaro
6558,0,39,syt123450
6559,0,5,RemoteSensingFrank
6560,0,5,ashikCodecamper
6561,0,1,nielskrijger
6562,0,18,mfbx9da4
6563,0,1,deefourple
6564,0,3,McCulloughRT
6565,0,2,artifactsauce
6566,0,5,TerribleDev
6567,0,10,chaserx
6568,0,2,RocketFlash
6569,0,121,dnomak
6570,0,7,sddamico
6571,0,13,JenyaNem
6572,0,5,benjaminapetersen
6573,0,7,mealeyst
6574,0,86,loretoparisi
6575,0,99,suhao
6576,0,22,terlar
6577,0,3,joeyFuck
6578,0,159,grabbou
6579,0,1,a-barbieri
6580,0,20,Takumi0901
6581,0,7,stormqx
6582,0,2,acyouzi
6583,0,18,GendSmith
6584,0,2,sagarnildass
6585,0,3,stanislav-web
6586,0,1,ewinchen
6587,0,1,peskotivesgeroff
6588,0,1,Mudassar045
6589,0,1,JoanSerna
6590,0,1,ekshaks
6591,0,6,mattonit
6592,0,22,brunowmoreno
6593,0,1,pdenis
6594,0,6,TevinLi
6595,0,2,maliut
6596,0,8,SaladJack
6597,0,1,pskalyber
6598,0,3,ankush981
6599,0,30,Zamy97
6600,0,59,rubennorte
6601,0,3,danjohnson95
6602,0,20,brunoxd13
6603,0,9,lmribeiro
6604,0,22,aaemnnosttv
6605,0,2,romajs
6606,0,10,chinakids
6607,0,3,p8ul
6608,0,24,shang-vikas
6609,0,2,JolyZhang
6610,0,9,slightlytyler
6611,0,2,enjoyhot
6612,0,1,Pritom14
6613,0,1,mfcollins3
6614,187,2,lidalei
6615,0,2,gabrielrincon
6616,0,71,ghostwriternr
6617,0,3,laoertongzhi
6618,0,3,carloe
6619,0,13,mpakus
6620,0,3,mrhieu
6621,0,3,joshSummerhays
6622,0,3,shawnatnk
6623,0,7,rhysforyou
6624,0,8,ArmandBiteau
6625,0,51,taehoonlee
6626,0,21,markdregan
6627,0,15,romandev
6628,0,4,cmorent
6629,0,9,guoylyy
6630,0,9,claesenm
6631,0,613,mxstbr
6632,0,5,lanking520
6633,0,8,cuzok
6634,0,2,daredevel
6635,15,4,sa-akhavani
6636,0,7,dotpegaso
6637,0,4,sks
6638,0,26,EcutDavid
6639,0,50,jamescarr
6640,0,5,therimalaya
6641,0,58,joway
6642,0,1,jemjam
6643,0,6,nikitalarionov
6644,0,14,litonarefin
6645,0,255,amatsuda
6646,0,1,JFTavares
6647,0,16,ohall
6648,0,2,gentamura
6649,0,9,stecb
6650,0,1,aretw0
6651,0,9,johnatandias
6652,0,3,sushahnt
6653,0,2,clayzermk1
6654,0,3,caiobzen
6655,0,4,denjones
6656,0,3,mattevenson
6657,0,3,subashp
6658,0,1,GS7271
6659,0,32,smallstrong0
6660,42,2,YijiongLin
6661,0,6,jonasmalacofilho
6662,0,4,ganine
6663,0,1,pablobirukov
6664,0,10,deraru
6665,0,1,RaduMilici
6666,0,15,jpdias
6667,0,4,subvertallchris
6668,0,6,Bumbleblo
6669,0,56,ankitsharma07
6670,0,4,Facyla
6671,0,1,qiushi2012
6672,0,3,davideanastasia
6673,0,8,kr15h
6674,0,2,rolandschuetz
6675,0,2,jramun
6676,0,10,mmagnus
6677,0,17,cizel
6678,0,3,navneetkrc
6679,0,6,TheCodeDestroyer
6680,0,1,megaDRONe86
6681,0,1,mgoldbas
6682,0,1,idoleat
6683,0,1,ckho
6684,0,3,TerenceLiu98
6685,0,3,piousbox
6686,0,54,christianroman
6687,0,17,dzfweb
6688,0,3,UyCode
6689,0,3,pjox
6690,0,12,technovangelist
6691,0,17,geoah
6692,0,4,atiladelcanton
6693,0,17,laphets
6694,0,28,liangzhitao
6695,0,13,BenJWard
6696,0,37,simonepri
6697,0,2,CarlosBonetti
6698,0,5,boanergepro
6699,0,19,colin4124
6700,0,19,JagadishSivakumar
6701,0,10,chetmancini
6702,0,9,luipillmann
6703,0,7,ifrontend-xyz
6704,0,6,fanxiaochen
6705,0,40,Timtech4u
6706,0,10,mauraodev
6707,0,11,jecihjoy
6708,0,2,furrki
6709,0,5,syedraihan
6710,0,2,codewired
6711,0,53,glauberramos
6712,0,40,liuliangsir
6713,0,9,alexpearce
6714,0,12,shuza
6715,0,14,jolyon129
6716,0,15,jongrover
6717,0,1,Zzing-gu
6718,0,5,kushalpandya
6719,0,12,JV-BugMaker
6720,0,18,csming1995
6721,0,4,rsj217
6722,0,5,TommyLike
6723,0,9,hys1440248234
6724,0,4,azhry
6725,0,1,JerryKuan
6726,0,5,mjshiggins
6727,0,1,dpossas
6728,0,3,djbu
6729,0,26,lynncyrin
6730,0,2,jcm300
6731,0,2,McGrady00H
6732,0,31,firmianay
6733,0,12,ACMoretxj
6734,0,2,Shamash2014
6735,0,3,jongwonIee
6736,0,2,Noba1anc3
6737,0,2,braveS
6738,0,2,chiotis
6739,0,18,geta6
6740,0,1,NagnathMasali
6741,0,5,ShirleyHan6
6742,0,28,leogif
6743,0,4,mkginfo
6744,0,2,seppinho
6745,0,7,PhotoArtLife
6746,0,44,nathvarun
6747,0,1,nikhilvibhav
6748,0,9,kopax
6749,0,2,dxas90
6750,0,4,Electronicshelf
6751,0,81,nabilov
6752,0,1,davecates
6753,50,2,pshi2005
6754,0,3,Wendersonandes
6755,0,3,adrianodennanni
6756,0,43,afronski
6757,0,4,reasn
6758,0,17,pietercolpaert
6759,0,8,handayu
6760,0,27,bgshih
6761,0,17,danlourenco
6762,0,4,captainl1993
6763,0,68,Houfeng
6764,0,5,RichardLee0211
6765,0,3,MukeshDubey1420
6766,0,15,jinjor
6767,0,3,alice1017
6768,0,2,joshuadeguzman
6769,0,14,ticean
6770,0,4,alairock
6771,0,9,killpanda
6772,0,28,prateekpandey14
6773,0,1,ppone
6774,0,5,T-M-L-C
6775,0,28,leaofelipe
6776,190,2,oketafred
6777,0,6,marvin08
6778,0,8,pengzhao-intel
6779,0,10,isuvorov
6780,0,4,bazscott
6781,0,1,phillippbertram
6782,0,2,acidjazz
6783,0,2,fredderf204
6784,0,40,e911miri
6785,0,6,raymondjavaxx
6786,0,17,sagar-gavhane
6787,0,9,pedrogimenez
6788,0,3,WitoldSlawko
6789,0,2,gpolek
6790,0,179,markzhai
6791,0,1,sumeetpareek
6792,17,1,samcrane8
6793,0,41,abresler
6794,0,24,OrekiSH
6795,0,5,GuiAfonso
6796,0,7,ashu17706
6797,0,51,kevingo
6798,0,17,AlexWan1027
6799,0,7,RichAyotte
6800,0,4,AdiFahmi
6801,0,9,hzxie
6802,0,1,ZhengheShangguan
6803,0,6,StevenLangbroek
6804,0,6,JithinKS97
6805,0,11,MikeMnD
6806,0,12,geoffb
6807,0,1,FeaturedSpace
6808,0,15,JeepLin
6809,0,8,manjusv
6810,0,7,Nhanderu
6811,0,7,adham90
6812,0,9,fengzhike
6813,0,8,irohitb
6814,0,16,iloire
6815,0,18,oalders
6816,13,2,france193
6817,0,3,jkuruzovich
6818,0,24,johnh2o2
6819,0,5,deva7mad
6820,0,8,jperasmus
6821,0,1,chrisknowscode
6822,0,1,AdamasFR
6823,0,5,prateeksan
6824,0,2,XylitolLin
6825,0,75,krzyzanowskim
6826,0,4,Lynazhang
6827,0,29,shaohui10086
6828,0,3,dogvane
6829,0,5,jchen236
6830,0,5,mariusrugan
6831,0,6,enimo
6832,0,2,gskachkov
6833,0,18,blackwinter
6834,0,9,seglo
6835,0,1,qingma1
6836,0,11,jldbc
6837,0,2,cmnstmntmn
6838,0,1,Yogurt-lei
6839,0,9,nicoa
6840,0,1,perronosaurio
6841,0,11,guweigang
6842,0,16,carlomazzaferro
6843,0,65,hcatlin
6844,0,16,johnhaley81
6845,0,5,shelomentsevd
6846,0,3,aahmed-se
6847,0,3,simplecooler
6848,0,12,kmust-why
6849,0,21,seiyria
6850,0,30,csgillespie
6851,0,3,rizkypjt
6852,0,5,naweskil
6853,0,2,sjzabel
6854,0,75,hushicai
6855,0,7,jparr721
6856,0,2,shashvatshahi1998
6857,0,1,little-eyes
6858,0,2,mkozjak
6859,0,2,drupler
6860,0,1,leejaymin
6861,0,3,susemeee
6862,0,9,Huooo
6863,0,1,WengerK
6864,0,16,progress44
6865,0,7,rsouza
6866,0,5,bgaillard
6867,0,16,GeekRishabh
6868,0,2,hyrmn
6869,0,9,Yangruipis
6870,0,8,ldaochen
6871,0,37,Foxboron
6872,0,85,heyushuo
6873,0,15,BabyDuncan
6874,0,5,ErwinYong
6875,0,15,jobovy
6876,0,4,clouby
6877,0,10,paulandrieux
6878,0,5,MANSOUL
6879,0,5,brandoconnor
6880,0,4,matuu
6881,0,7,CaelumTian
6882,0,1,Felixls
6883,0,7,supreethmanyam
6884,0,8,queicherius
6885,0,3,happy-alex
6886,0,7,leafoflegend
6887,0,5,CarrieGuts
6888,0,1,thiagoa
6889,0,7,hugojosefson
6890,0,5,neilor
6891,0,7,BaDos
6892,0,3,shankar-shiv
6893,0,1,liamkendall
6894,0,1,nbatfai
6895,0,4,prateekkumarweb
6896,0,5,theikkila
6897,0,2,hhsadiq
6898,0,2,fabricepayet
6899,0,12,ryanlntn
6900,0,21,thesephist
6901,0,1,nickttng
6902,0,18,DruidSmith
6903,0,2,hchouhan
6904,0,6,Abhijit-2592
6905,0,7,kingiw
6906,0,5,MilesCranmer
6907,0,52,jeremyjbowers
6908,0,7,garciadias
6909,0,8,ahmetozlu
6910,0,13,jokieleung
6911,0,2,stelcheck
6912,0,7,henrinormak
6913,0,7,hemin1003
6914,0,30,mahong125
6915,0,1,DenisDPR
6916,0,10,philippfrenzel
6917,0,1,DigitalMachinist
6918,0,2,amikahmad
6919,0,7,helanan
6920,0,8,gabrielspmoreira
6921,0,46,stavrossk
6922,0,3,said3427
6923,0,3,brian-gates
6924,0,1,drakvuf
6925,0,5,sgranitz
6926,0,1,freitasgustavos
6927,0,4,adamprocter
6928,0,11,Cleysonlb
6929,0,4,Liyunfan1998
6930,0,2,abalad
6931,0,3,mabelvj
6932,0,6,Luchanso
6933,0,9,haniokasai
6934,0,4,mraichelson
6935,0,10,jjulian
6936,0,2,atner
6937,0,2,XavierCHN
6938,0,11,asarode
6939,0,4,nupamore
6940,0,38,schlessera
6941,0,7,alexhulbert
6942,0,57,Rokt33r
6943,0,6,sonnyit
6944,0,8,hgwood
6945,0,29,Sorosliu1029
6946,0,12,akhilNair
6947,0,7,angelsk
6948,0,5,jamesti
6949,0,19,qxl1231
6950,0,5,fnnzzz
6951,0,9,adconk
6952,0,82,MRebati
6953,0,3,olls
6954,0,22,miguelcobain
6955,0,1,haoyuanz13
6956,0,2,bakhtiyor
6957,0,115,boygaggoo
6958,0,7,sople1
6959,0,1,jaydestro
6960,0,3,Sibozhu
6961,0,9,KevinHu2014
6962,0,6,SamStudio8
6963,0,6,croustibat
6964,0,4,ericvh
6965,0,4,JThanat
6966,0,3,blakedietz
6967,0,1,Techget
6968,0,2,nav74neet
6969,0,1,ilyasst
6970,0,7,HugoPresents
6971,0,30,flesler
6972,0,17,h-hub
6973,0,13,tano297
6974,0,9,Germanaz0
6975,0,2,JunhengH
6976,0,2,interstellerS
6977,0,7,ClaytonJY
6978,0,2,civilizeddev
6979,0,7,linsyorozuya
6980,0,17,harshitbansal05
6981,0,114,federicobucchi
6982,0,1,brianz
6983,0,9,rdingwall
6984,0,70,agramfort
6985,0,6,emanlodovice
6986,0,9,eprev
6987,66,1,liuaishan
6988,0,7,jhaals
6989,0,28,lethalskillzz
6990,0,13,Beelzenef
6991,0,4,caglarergul
6992,0,1,sjha2048
6993,0,2,stephenbhope
6994,0,1,dominiklohmann
6995,0,26,fxcosta
6996,0,5,gilsonterra
6997,0,1,Cheezykins
6998,0,3,lord19871207
6999,0,1,hwangtamu
7000,0,13,radium-v
7001,0,6,sperezm97
7002,0,5,thediaval
7003,0,24,nnecec
7004,0,13,SpontaLeo
7005,0,16,aikar
7006,0,365,indutny
7007,0,12,petrbrzek
7008,0,3,grumpydev-net
7009,0,1,tekwiz
7010,0,1,antipin
7011,0,11,ejsmith
7012,0,1,syamkakarla98
7013,0,39,70kg
7014,0,2,MegOBonus
7015,0,8,mysterycommand
7016,81,2,ggoboogy
7017,0,7,hlian
7018,0,3,majidalavizadeh
7019,160,2,hannakfoo
7020,0,6,dmiro
7021,0,3,jjcorreao
7022,0,4,d4em0n
7023,0,2,bravely
7024,0,11,hi-manshu-kumar
7025,0,2,owain-stratton
7026,0,1,sergeyzheleznov
7027,0,1485,jeresig
7028,0,23,michaeldouglas
7029,0,4,qmcree
7030,0,5,robneal
7031,0,20,Naramsim
7032,0,10,almokhtarbr
7033,0,5,onursimsek94
7034,0,22,lisaross
7035,0,12,ccczzzf
7036,0,8,jondkinney
7037,0,20,chapin666
7038,0,6,oguzhanvrl
7039,0,5,antopolskiy
7040,0,1,beninada
7041,0,9,gandalf1819
7042,0,1,matheus-crivellari
7043,0,4,dannyshaw
7044,0,19,PhilChina
7045,0,1,echo-Mike
7046,0,2,luishendrix92
7047,0,17,AustinRochford
7048,0,15,fellahi-ali
7049,0,19,antono
7050,0,49,devpato
7051,0,4,inje
7052,0,4,PierBover
7053,0,1,mfk-smart
7054,0,3,benigeri
7055,0,13,emodo
7056,0,3,athanasiosem
7057,0,5,gerlis18
7058,0,5,cmalard
7059,0,5,dbachrach
7060,0,18,lysu
7061,0,29,ogzcn
7062,0,1,alexobenauer
7063,0,1,phoenixSP
7064,0,2,suisiyuan
7065,0,4,FelixMalfait
7066,0,5,abdumu
7067,0,7,romanroibu
7068,0,11,AndrewSkelton
7069,0,10,kad0108
7070,0,10,cesaramirez
7071,0,3,simonmawole
7072,0,1,jaredcwhite
7073,0,17,ErickPetru
7074,0,32,ayush1997
7075,0,164,alexellis
7076,0,3,aleksihakli
7077,0,2,panfengfeng
7078,0,3,amruthkiran94
7079,0,29,tghelere
7080,0,17,aretecode
7081,0,58,snipe
7082,0,4,lecepin
7083,0,4,samvinanzi
7084,0,7,ShenHongFei
7085,0,3,dro248
7086,0,2,polybahn
7087,0,2,18600597055
7088,0,38,Phonbopit
7089,0,7,sud335
7090,0,122,othiym23
7091,0,2,jahenkor
7092,0,9,itzsaga
7093,0,7,somiari
7094,0,4,prasanthkarukkuvel
7095,0,7,DavidBendahan
7096,0,12,BersonCrios
7097,0,12,odashi
7098,0,2,OldQuinn
7099,0,2,JohannesHa
7100,0,8,alwint3r
7101,0,3,ragrok
7102,0,8,lukasklein
7103,0,37,gokaygurcan
7104,0,155,neonichu
7105,0,28,sahilbansal17
7106,0,12,eluleci
7107,0,13,ganemone
7108,83,2,cloderic
7109,0,13,sylus
7110,0,6,594677298
7111,0,2,danschoonover
7112,0,1,Luwangel
7113,0,6,ileri
7114,0,1,monkey-programmer
7115,0,18,gokul-uf
7116,0,2,samacker77
7117,0,6,MatthewScholefield
7118,0,3,miyachik
7119,0,1,SIMONNNNNNNNNN
7120,0,7,joaovinicius
7121,1,2,isrugeek
7122,0,7,mxgrn
7123,0,48,Theaxiom
7124,0,13,felipebastosweb
7125,0,2,PhilipMay
7126,0,16,liangtongzhuo
7127,0,6,LeonidasCl
7128,0,15,qingsong-xu
7129,0,10,alex-arriaga
7130,0,5,samt
7131,0,2,mosamlife
7132,193,1,LukeSchlangen
7133,0,35,opsnull
7134,0,7,asampat3090
7135,0,2,Kiryous
7136,0,9,benedictflorance
7137,0,11,frabaglia
7138,0,9,biodunch
7139,0,21,prakharchoudhary
7140,0,24,emoryjianghang
7141,0,2,swnesbitt
7142,0,5,eirikref
7143,0,2,codeex
7144,0,10,ktamas77
7145,0,20,gofornaman
7146,0,5,amitasviper
7147,0,4,RickeyBoy
7148,0,4,lhtin
7149,0,4,robrbecker
7150,0,3,nimble-123
7151,0,7,newkozlukov
7152,0,14,alissonpelizaro
7153,0,11,qcminecraft
7154,0,17,PmcFizz
7155,0,8,Brant-Ma
7156,0,6,GoldenCheese
7157,0,13,ibare
7158,0,2,moslandwez
7159,0,2,raidenz
7160,0,18,leuchine
7161,0,6,bichenkk
7162,0,7,pku-wuwei
7163,0,3,microdesign
7164,0,4,LionelPaulus
7165,0,11,hjd919
7166,0,42,saketkc
7167,0,2,rootclay
7168,0,10,thecyberlord
7169,0,39,nitinstp23
7170,0,10,shirejiang
7171,0,5,rmoralp
7172,0,4,ezekielaquino
7173,0,38,jkzing
7174,139,2,liuwuliuyun
7175,0,1,jaejunha
7176,0,3,thE-iNviNciblE
7177,0,129,christianechevarria
7178,0,9,ArashDerArcher
7179,0,2,b5710547221
7180,0,4,steveruizok
7181,0,40,forestsen
7182,0,12,JulianoGTZ
7183,0,3,john-hewitt
7184,0,2,IshtarGate
7185,0,21,Tmeister
7186,0,7,luoxubin
7187,0,35,lpgray
7188,0,6,happydenn
7189,0,14,dvmoomoodv
7190,0,4,Baifann
7191,0,39,sunfmin
7192,0,2,justin1121
7193,0,3,albertopiras
7194,0,12,mylukin
7195,0,604,silky
7196,0,25,giuem
7197,0,2,mathewphilipc
7198,0,15,neurotoxinvx
7199,0,17,JustWon
7200,0,12,johnwatsondev
7201,0,14,ricardonunesdev
7202,0,1,romanenko
7203,0,11,sekmet
7204,0,3,sreeram-0xb5e
7205,0,22,lixuancn
7206,0,11,mrandrewandrade
7207,0,8,Jaime5
7208,0,3,morealaz
7209,0,2,jaimeguaman
7210,0,43,ahmadalfy
7211,0,144,championswimmer
7212,0,1,FelixKri
7213,0,142,Ir1d
7214,0,6,rozbo
7215,0,3,subodh101
7216,0,5,Razatastic
7217,0,2,Georg-W
7218,0,3,moewiz
7219,0,4,phpzc
7220,261,1,jimmy18dev
7221,0,2,shimeng28
7222,0,18,Stinky-Tofu
7223,0,2,nirvanpagooah
7224,0,3,appelsiini
7225,0,3,elheremes
7226,0,15,MaxGfeller
7227,0,22,marcociccone
7228,0,5,chaselee
7229,0,8,Mithrilwoodrat
7230,159,2,klaseskilson
7231,0,21,abhinav-adtechs
7232,0,6,YellowDi
7233,0,69,XGHeaven
7234,0,36,SanjithKanagavel
7235,0,2,kekeho
7236,0,6,codehacken
7237,0,49,leocavalcante
7238,0,3,jizongFox
7239,0,6,markpalfreeman
7240,0,13,PREMPRAKASHSINGH
7241,0,34,forevertga
7242,0,1,godwinxunwang
7243,0,1,chriseckhardt
7244,0,11,foxted
7245,0,6,phansch
7246,0,16,iteong
7247,0,9,mpivaa
7248,0,8,jpchateau
7249,0,13,ogrergo
7250,0,1,sanjaynath
7251,0,21,santoshpurbey
7252,0,22,CaddyDz
7253,0,9,andrewcao95
7254,0,1,Zephyr0402
7255,0,5,esymeptoo
7256,0,3,halles
7257,0,6,Dandi007
7258,0,2,Tikam02
7259,0,4,andrewmunro
7260,0,8,LongLiveCHIEF
7261,0,9,eduardogch
7262,0,3,JaredLees
7263,0,3,ChaofanTao
7264,0,1,AndyDune
7265,0,1,HirotoYamamoto3
7266,0,4,hosjiu1702
7267,0,209,afonsopacifer
7268,0,1,maestre19
7269,0,15,gameknife
7270,0,4,RobertoPrevato
7271,0,21,caiofsouza
7272,0,2,ftfarias
7273,0,12,MatthewJA
7274,0,19,GabrielCarneiroDeveloper
7275,0,14,davej
7276,0,32,seutje
7277,0,4,iliuqiang
7278,0,6,Primroses
7279,0,1,robihidayat
7280,0,5,skeiter9
7281,0,6,saymagic
7282,0,10,aa1143
7283,0,5,ccorral
7284,0,42,lukasmartinelli
7285,326,1,haochenli
7286,0,11,cardeo
7287,0,6,Reta110
7288,0,13,taliesinb
7289,0,3,eljirg
7290,0,5,dowoncha
7291,0,52,rodrigok
7292,0,63,UnisonCodeWorks
7293,0,4,panco95
7294,0,2,herko
7295,0,7,rickyall
7296,0,6,davequinta
7297,0,14,divyum
7298,0,5,mikeres0
7299,0,3,SeoFood
7300,0,43,lxtGH
7301,0,4,deini
7302,0,12,goldcoast
7303,0,3,seangarner
7304,0,1,joshspicer
7305,0,7,berockguo
7306,0,9,mhucka
7307,0,11,sreegodavarthi
7308,0,1,ssepil
7309,0,3,bringking
7310,0,2,bugaevc
7311,0,3,ashwanijanghu
7312,0,2,bfaure
7313,0,2,chieroz
7314,0,19,bmagyar
7315,0,13,samagra14
7316,0,5,tandavala
7317,0,218,julianduque
7318,0,16,leonardo-ferreira07
7319,0,3,lettucebo
7320,0,1,gammaseeker
7321,0,45,ntwb
7322,0,9,jkk
7323,0,3,sssw01
7324,0,1,shaikhzhas
7325,0,3,robwalkerco
7326,0,10,Shies
7327,0,1,colesteaks
7328,0,17,KarlRixon
7329,0,6,gautamamber
7330,0,2,Jorghi12
7331,0,11,SahilC
7332,0,4,MatthewPChapdelaine
7333,0,6,alikahwaji
7334,199,1,russelldj
7335,0,5,georch
7336,0,2,polatbilek
7337,0,20,100cm
7338,0,2,alexandreio
7339,0,230,simsketch
7340,0,10,chunza2542
7341,0,3,artifacts
7342,0,2,rasacris
7343,0,51,maddhruv
7344,0,13,bitkylin
7345,0,3,piotrmacha
7346,0,10,oxinabox
7347,0,1,pkozelka
7348,0,5,fuzhenxin
7349,0,15,andreiglingeanu
7350,0,1,meiyouqing
7351,0,5,lukeberry99
7352,0,2,sunilnandihalli
7353,0,3,apuntovanini
7354,0,71,jdnichollsc
7355,0,9,PiyushGoyal443
7356,0,19,ederribeiro
7357,0,17,dhmspector
7358,0,1,mul1sh
7359,0,2,ankitksharma
7360,0,7,mindaslab
7361,0,16,goel42
7362,0,1,greekrode
7363,0,71,pranitbauva1997
7364,0,14,saddamcrr7
7365,0,4,ksakash
7366,0,2,ChicaoDev
7367,0,1,cassiodias
7368,0,13,KeithYokoma
7369,0,1,phoenixzqy
7370,0,2,psambit9791
7371,0,2,arunsatyarth
7372,0,4,mahapo
7373,0,14,hggeorgiev
7374,0,40,filipeximenes
7375,75,1,blackccpie
7376,0,7,rahatarmanahmed
7377,0,11,GertjanReynaert
7378,0,2,MasterIzumi
7379,0,4,Gutem
7380,0,7,lanshark
7381,0,6,balsikandar
7382,0,2,jefft255
7383,0,1,JunGao95
7384,0,21,krzysztof-magosa
7385,0,9,geoffharcourt
7386,0,4,krichprollsch
7387,0,8,jingedawang
7388,0,2,neo-mashiro
7389,0,91,huzidaha
7390,0,1,eshaan90
7391,0,9,NutshellySima
7392,0,8,arturoleon
7393,0,4,sercand
7394,0,47,ricmoo
7395,0,23,emersonsoares
7396,0,4,josecanhelp
7397,0,1,caioblima
7398,0,6,cocowh
7399,0,63,lsqy
7400,0,6,93gaurav93
7401,0,5,leventebalogh
7402,0,3,Jatin-8898
7403,0,13,briankoech
7404,0,1,aleexzhang
7405,0,5,forrestbing
7406,0,3,Vermeille
7407,0,3,ajoros
7408,0,6,crizzs
7409,0,8,prabod
7410,0,1,Jevin754
7411,0,9,mathiasgrimm
7412,0,6,Cecil0o0
7413,0,8,lzf0402
7414,0,28,fengminchao
7415,0,28,easepan
7416,0,3,Utenaq
7417,0,4,Luis-Palacios
7418,0,5,netaddi
7419,0,15,ardeshir
7420,0,2,jyangtum
7421,0,1,MarShin
7422,0,9,prateekguptaiiitk
7423,0,6,AkshayRaul
7424,0,3,nati
7425,0,18,NimitzDEV
7426,0,32,extreme-assistant
7427,0,14,csgsky
7428,0,12,tanzhongyibidu
7429,0,2,danpoynor
7430,0,3,juno249
7431,0,23,making
7432,0,1,caiooaugusto
7433,0,2,lz199144
7434,0,1,kanhua
7435,0,25,ryotarai
7436,0,12,devarajphukan
7437,0,13,jsmayo
7438,0,38,savokiss
7439,0,8,chrisfosterelli
7440,0,1,justin107
7441,0,7,GregoireHebert
7442,0,60,benaadams
7443,0,4,swyoon
7444,0,4,ofou
7445,0,11,prannayk
7446,0,22,leoyb
7447,0,8,coreymcmahon
7448,0,3,Sergic
7449,0,29,funcwj
7450,0,18,szaghi
7451,0,2,brynner
7452,0,10,amishas157
7453,171,2,AnnaBrakowska
7454,0,4,IBYoung
7455,0,26,SpongeBobSun
7456,0,5,sinkcup
7457,0,4,mouradev
7458,0,7,AsbertMa
7459,0,7,TOKdawn
7460,0,40,mrb
7461,0,1,magedevjosh
7462,0,100,luuman
7463,0,1,arisng
7464,0,2,hyonzin
7465,0,8,sangnguyenplus
7466,0,9,Pawka
7467,0,3,kertal
7468,0,3,garcianavalon
7469,0,13,dminkovsky
7470,0,15,tabokie
7471,0,5,clivewalkden
7472,0,2,glauberportella
7473,0,26,WynterDing
7474,200,1,DylanAllen
7475,0,1,seanrife
7476,0,1,Strum355
7477,0,2,dhananjaymehta
7478,0,3,alister
7479,0,3,pixelsize
7480,0,1,TerenceWang
7481,0,4,huguiqi
7482,0,57,Yorko
7483,0,3,hoxsec
7484,0,4,ane
7485,0,14,alexandrevicenzi
7486,0,18,loris
7487,0,1,affige
7488,0,3,gplv2
7489,0,2,newagebegins
7490,0,27,linersheng
7491,0,149,ryanpcmcquen
7492,0,9,coudenysj
7493,203,1,JohnRattz
7494,0,10,molovo
7495,0,6,Centaur
7496,0,38,shmsw25
7497,0,19,niaogege
7498,0,23,simpleapples
7499,0,48,aploium
7500,0,15,jmsv
7501,0,20,bmann
7502,0,29,FaisalAbid
7503,0,21,swiftdiaries
7504,0,19,p3k
7505,0,5,masiur
7506,0,1,jadielam
7507,0,44,1995parham
7508,0,11,dandanlee
7509,0,22,TylerBrock
7510,0,5,darklordli
7511,0,19,g3k0
7512,0,13,salexzee
7513,0,196,angus-c
7514,0,3,abhijeet2015
7515,0,8,DarrenMan
7516,0,23,sis0k0
7517,0,1,joshaidan
7518,0,4,NaKouNa
7519,0,10,eseiker
7520,0,1,georgesimos
7521,0,28,mamomu
7522,0,15,nims11
7523,0,2,malinosqui
7524,0,3,sarathchandra97
7525,34,2,squareRoot3
7526,0,7,TaurusXi
7527,0,7,mohamed-akef
7528,0,15,roadev
7529,0,2,edoardo849
7530,0,9,ApoorvSaxena
7531,0,5,linusg
7532,0,9,logangorence
7533,0,2,GyuminLee
7534,0,13,JonathanItakpe
7535,0,3,akdilsiz
7536,204,4,PCTipsGR
7537,0,7,Duroktar
7538,0,1,hadihammurabi
7539,0,1,cthem
7540,0,9,qiangzi7723
7541,0,16,dLobatog
7542,0,58,GlenGithub
7543,0,30,krunal3kapadiya
7544,0,8,Alexorz
7545,0,5,JT-Ushio
7546,0,8,joehdodd
7547,0,28,jogboms
7548,0,8,NONGFUER
7549,0,3,christianrd
7550,0,5,sillylogger
7551,0,5,danresende
7552,0,1,owususamuel
7553,0,32,enilsen16
7554,0,13,kabirbaidhya
7555,0,26,kdwycz
7556,0,1,GD06
7557,0,2,0xsuu
7558,84,2,Rolos
7559,205,2,lucasbsimao
7560,0,3,brunoanken
7561,0,1,Lijie0981
7562,0,257,pissang
7563,0,4,jrslv
7564,0,6,LynnScarlett
7565,0,9,ohlookitsderpy
7566,0,7,annygutierrez
7567,0,29,sebdeckers
7568,0,12,luzmcosta
7569,0,2,jackbdu
7570,0,5,forrestbe
7571,0,6,mikewei
7572,0,6,felipemarinho97
7573,0,12,kodie
7574,0,21,luuuyi
7575,0,1,mohammedmatar
7576,0,2,GiacomoMineo
7577,0,5,bagheria
7578,0,4,heavensloop
7579,0,2,XiaoGene
7580,0,7,JiahuiLei
7581,0,13,andrerpena
7582,0,12,StorytellerCZ
7583,0,3,cpurta
7584,0,2,MoistCode
7585,0,1,mauricekleine
7586,0,3,fantasyKing
7587,0,12,ilkerhalil
7588,197,3,caiogranero
7589,0,4,Docyue
7590,0,5,darkodemic
7591,0,2,gemacjr
7592,0,9,andrehNSFW
7593,0,1,threeq
7594,0,9,shengslogar
7595,0,3,argolo
7596,0,3,leoChaoGlut
7597,0,12,DavidLiedle
7598,0,151,jysperm
7599,0,11,kaidul
7600,0,26,DannyFeliz
7601,0,1,reeselaye
7602,0,24,tianxuzhang
7603,0,5,tccbest
7604,0,1,mizuka-wu
7605,0,4,hagzag
7606,0,7,LcsK
7607,0,9,mitchellvanw
7608,0,1,runelaenen
7609,0,2,crazygirlfym
7610,0,3,VenDream
7611,0,17,interaminense
7612,0,4,allspiritseve
7613,0,1,TY-Cheng
7614,0,17,cjroth
7615,0,3,thebapi
7616,0,4,inatu
7617,0,12,saeedseyfi
7618,0,14,rodolfoestevam
7619,0,10,akangaziz
7620,0,5,mimukit
7621,0,3,jpbernius
7622,0,35,EYHN
7623,189,2,aplatanado
7624,0,1,carol007
7625,0,22,icrtiou
7626,0,1,NutNon
7627,0,21,andreascreten
7628,0,1,icedream
7629,0,5,alioygur
7630,0,1,TechnoSayge
7631,0,177,VakinduPhilliam
7632,0,1,richardaum
7633,0,15,henriquenasc
7634,0,4,Flowsnow
7635,0,20,kh-kim
7636,0,4,eksahin
7637,0,15,firashamila33
7638,0,4,ChinHui-Chen
7639,0,20,jgrossi
7640,0,1,excalibur44
7641,0,1,Kodrin
7642,0,8,hermesnetto
7643,0,7,extend1994
7644,0,16,brunobrasilweb
7645,0,5,nathanlentz
7646,0,19,eniz
7647,0,9,haehn
7648,0,1,jszpila
7649,0,2,savkov
7650,0,6,dengel29
7651,0,3,ShihanUTSA
7652,0,11,Log1x
7653,0,9,q977734161
7654,0,136,orhanobut
7655,0,6,crispinheneise
7656,0,3,gregorybolkenstijn
7657,0,6,narayand4
7658,0,8,iesteban
7659,0,4,CaseyKelly
7660,0,9,1046102779
7661,0,2,brunoqualhato
7662,0,1,sergiomeza
7663,0,16,ouyangshikang
7664,0,12,MAXakaWIZARD
7665,0,8,dimaip
7666,0,1,bhatabhijithn
7667,0,5,pawiromitchel
7668,0,7,No5stranger
7669,0,2,shakirul15-311
7670,0,19,DMarby
7671,0,13,friconelli
7672,0,5,abhinaykumar
7673,0,4,matheuspiaui
7674,0,11,Jaggle
7675,0,37,elinaldosoft
7676,0,2,humford
7677,0,14,Feywell
7678,0,23,thejsj
7679,0,17,orsenthil
7680,0,1,denniss17
7681,0,5,factsfinder
7682,0,5,derpixler
7683,0,6,beduffy
7684,0,38,ahmetsina
7685,0,13,devcircus
7686,0,2,iesta
7687,0,4,jhonyskywalker
7688,0,6,githinkcn
7689,0,1,adelsedighi
7690,0,8,AndriiSiuta
7691,0,13,celso
7692,0,2,jamesduan
7693,0,9,cpolitano
7694,0,3,chrisscastaneda
7695,0,2,mberkom
7696,0,3,qualiaa
7697,0,10,KellyHwong
7698,0,13,rubenarslan
7699,0,3,SiddAjriY2Jaccount
7700,0,1,esomnofu
7701,0,5,ntuwang
7702,0,14,HJava
7703,0,6,gicappa
7704,0,5,bettiolo
7705,0,5,rodrigodma
7706,0,1,LinShanify
7707,0,27,Bloss
7708,0,12,hamedbaatour
7709,0,3,noeleon930
7710,0,41,nkbt
7711,0,7,derekli66
7712,0,66,shivenmian
7713,0,24,gustavlrsn
7714,0,6,sheweichun
7715,0,9,ikucheriavenko
7716,0,13,kirakik
7717,0,29,TAKETODAY
7718,0,1,Enrique199413
7719,0,9,plusplusjiajia
7720,0,9,hayoung-kim
7721,0,98,mnapoli
7722,0,1,ainiaa
7723,0,35,sendya
7724,0,1,jpark96
7725,0,1,dzboy
7726,0,7,rbudiharso
7727,0,1,doorBW
7728,0,12,Tom32i
7729,0,2,phareim
7730,0,11,HuangDayu
7731,0,4,rldt
7732,0,4,erickluan
7733,0,15,sanjayankur31
7734,0,3,krishnr
7735,0,3,HexRabbit
7736,0,4,hasanakg
7737,0,5,prrashi
7738,0,18,rajanand02
7739,0,5,theosp
7740,0,81,ccforward
7741,0,2,rossgardt
7742,0,3,P1n3appl3
7743,0,1,figure8labs
7744,0,6,hveiras
7745,0,5,afifsohaili
7746,0,9,dancryer
7747,0,13,javahub
7748,0,2,ALSchwalm
7749,0,22,saintplay
7750,0,41,NoahZu
7751,0,7,danyork
7752,0,2,stoneWangL
7753,0,15,nekomeowww
7754,0,19,Wei-Xia
7755,0,11,chandanndeep
7756,0,15,chris-martin
7757,0,3,timelessz
7758,0,7,jackjennings
7759,0,3,samuelterra22
7760,0,9,haijianyang
7761,0,5,Georgette
7762,0,20,Gabri3l
7763,0,2,krgn
7764,0,6,Fax
7765,0,1,khan-farhan
7766,0,5,shiv19
7767,0,12,dvdrtrgn
7768,0,5,puik
7769,0,12,lewismc
7770,0,17,Chemaclass
7771,0,15,MummyDing
7772,0,2,alexiscordova
7773,0,11,KevCaz
7774,0,11,ianrtracey
7775,0,36,jonpappalord
7776,0,7,cuneydtural
7777,0,54,Triple-Z
7778,0,16,imwcl
7779,0,3,JayHuster
7780,0,29,stigwue
7781,0,6,androolloyd
7782,0,1,acheema90
7783,0,8,overkazaf
7784,0,3,aaronjolson
7785,0,5,Wei-1
7786,0,5,mrmoree
7787,0,2,TracyMcgrady6
7788,0,2,teabow
7789,0,26,patrickmn
7790,0,1,lbassin
7791,0,13,ferbncode
7792,0,3,Machy8
7793,0,1,ravishchawla
7794,0,5,bhague1281
7795,0,14,Thunderlbc
7796,0,13,paul-phan
7797,0,23,flyingalex
7798,0,29,mylxsw
7799,0,10,cai-lw
7800,0,12,ozorku
7801,0,15,shalakhin
7802,0,21,ShenJieSuzhou
7803,0,4,christirichards
7804,0,9,Ekhoo
7805,0,26,AdeDZY
7806,0,2,lexor90
7807,0,20,helianthuswhite
7808,0,5,anishsheela
7809,0,2,spiderings
7810,0,51,Robin-front
7811,0,2,martinjc
7812,0,5,itzrahulsoni
7813,0,1,Gabriel-Kang
7814,0,3,mx54039q
7815,0,34,glo26
7816,0,28,ajhsu
7817,0,11,ZeningQu
7818,0,9,ryanscherler
7819,0,5,mangelsnc
7820,0,1,mmatl
7821,0,3,amanjain1992
7822,0,1,binoysinha
7823,0,1,JonahAragon
7824,0,1,maksimluzik
7825,0,307,jawil
7826,0,44,jindulys
7827,0,10,bmcclure
7828,0,27,elmariofredo
7829,0,5,alexfarrill
7830,0,2,guspavia
7831,0,5,SiTaggart
7832,0,25,scaelles
7833,0,51,MohammedRashad
7834,0,5,KSanjayReddy
7835,0,75,geek
7836,0,28,qaisjp
7837,0,48,linyang23
7838,0,2,taoeaten
7839,0,31,jomonkj
7840,0,5,hozefaj
7841,0,3,dily3825002
7842,0,1,chz
7843,0,11,dgfigueroa29
7844,0,3,Newt0n
7845,0,15,patricknelson
7846,0,16,coderbyheart
7847,0,52,eed3si9n
7848,0,7,gcraig
7849,0,10,mgmgpyaesonewin
7850,0,8,jfresco
7851,0,2,hu-zhiyu
7852,0,65,ifyour
7853,0,10,Tao-Quixote
7854,0,13,alnutile
7855,0,14,sampathg9
7856,0,19,n3tr
7857,0,3,dtun
7858,0,2,MinuKang
7859,0,74,terinjokes
7860,0,14,FenrirWillow
7861,0,2,ricann
7862,0,1,lin826
7863,0,8,kuznetsovandrey76
7864,0,1,edavidj
7865,0,35,pandazheng
7866,0,12,QCCS
7867,0,26,kapsali29
7868,0,3,asch3ron
7869,0,2,meigesir
7870,0,2,MichaelYxWang
7871,0,1,YuefanZhu
7872,0,4,teodortalov
7873,0,1,adamsdotter
7874,0,1,bz866
7875,0,1,Code-0x00
7876,0,2,BAI-Yeqi
7877,0,4,ipang-dwi
7878,0,29,iblis17
7879,0,5,777720
7880,0,5,cspanring
7881,0,8,manuasir
7882,0,126,libin1991
7883,0,7,Alinshans
7884,0,11,Saka7
7885,0,13,Basilakis
7886,0,5,hogenishi
7887,0,8,staticnull
7888,0,4,Seb-L
7889,0,7,AnixPasBesoin
7890,0,9,adhaka
7891,0,19,tevko
7892,0,5,biancassilva
7893,0,2,luckykris
7894,0,1,Ckbhatia
7895,0,5,tang-junjie
7896,0,7,matthieumoreau
7897,0,28,abradley2
7898,0,3,codejamninja
7899,0,11,maykefreitas
7900,0,3,apbendi
7901,0,2,ceciliavision
7902,0,14,SunJieMing
7903,0,3,3xxx
7904,0,9,notandrewkaye
7905,0,3,j3l11234
7906,0,1,aryraj
7907,0,5,moyui
7908,0,6,tamorim
7909,0,11,Olaw2jr
7910,0,1,cvle
7911,0,3,davilious
7912,0,16,bodokaiser
7913,0,34,JuZiSang
7914,0,13,itsmepetrov
7915,0,18,cleanunicorn
7916,0,1,AvikHasija
7917,0,2,stevenfollis
7918,0,13,iampujan
7919,0,4,adamzr
7920,0,16,TahiriAbdou
7921,0,3,cosmomathieu
7922,0,12,Raul1718
7923,0,24,snwfdhmp
7924,0,8,Deol
7925,0,17,hcjk
7926,0,15,leonardovilarinho
7927,0,2,gouthamkallempudi
7928,0,23,Beth3346
7929,0,19,sri-ni
7930,0,1,matzika
7931,0,1,Bioinformatics-Surgeon
7932,0,12,jondeandres
7933,0,5,kaierlong
7934,0,2,ishaantaylor
7935,0,3,qizhuli
7936,0,5,monzy613
7937,0,3,encaion
7938,0,28,PedramMarandi
7939,0,1,HCMY
7940,0,6,10xLaCroixDrinker
7941,0,19,BraulioV
7942,0,37,mustafah15
7943,0,10,AliMD
7944,0,21,Jeffwan
7945,0,2,jwangkun
7946,0,5,abdalrahman-ahmed
7947,0,37,hokaccha
7948,0,7,ehsangazar
7949,0,1,system65
7950,0,2,engrsriram
7951,0,63,exagil
7952,0,13,92arpitgoyal
7953,0,1,HyunjunJeon
7954,0,5,LuaxY
7955,0,5,rldnjs3258
7956,0,32,Showfom
7957,0,13,ISosnovik
7958,0,62,labnol
7959,0,3,isGabe
7960,0,24,donatj
7961,0,1,fmosca
7962,0,3,christiancoleman
7963,0,2,mingzhaochina
7964,0,8,ammadk
7965,0,12,guylepage3
7966,0,4,skcin7
7967,0,3,ferralucho
7968,0,5,muratdogan17
7969,0,9,terenceponce
7970,0,13,duythien
7971,0,22,leninhasda
7972,0,14,b-z
7973,0,4,duboya
7974,0,3,atomicptr
7975,0,6,EINDEX
7976,0,312,cloudhead
7977,0,1,allanpaiste
7978,0,4,ceosilvajr
7979,0,38,dantehemerson
7980,0,1,eslizn
7981,51,3,amughalbscs16
7982,0,3,Yesterday17
7983,0,3,abaga129
7984,0,12,Imsiaocong
7985,0,4,grok
7986,0,4,Marcus20
7987,0,7,pascaldekloe
7988,0,4,clsung
7989,0,3,micafe
7990,0,11,ZhouYK
7991,0,19,leotada
7992,0,60,cesarferreira
7993,0,60,FGRibreau
7994,0,1,mateuszzwierzycki
7995,0,30,thiagoricieri
7996,0,3,KeoH
7997,0,6,amansrivastava17
7998,0,22,superlin
7999,0,13,fardog
8000,0,34,jeneser
8001,0,5,natdm
8002,0,5,erfansahaf
8003,0,35,bennuttall
8004,0,4,ajainvivek
8005,0,23,AxeMea
8006,0,2,Luehang
8007,0,1,Dr-D12345
8008,0,14,jakemmarsh
8009,0,27,lagden
8010,4,2,kazuki-ma
8011,0,9,johann-petrak
8012,96,2,dkzlv
8013,0,1,apostolidhs
8014,0,7,Ged0
8015,0,1,saibotd
8016,0,27,newming
8017,0,3,pixari
8018,0,7,boye
8019,0,10,kendemu
8020,0,9,JR93
8021,0,8,hifiveszu
8022,0,1,jindigiordano
8023,0,13,samuelbeek
8024,0,11,hellozhangran
8025,0,3,nelsonkimaiga
8026,0,1,razonrus
8027,0,1,konkontos
8028,0,2,YoongChanKim
8029,0,2,brycehenson
8030,0,4,robertgrzonka
8031,0,16,Glitchbone
8032,0,9,rejahrehim
8033,0,3,booler
8034,0,8,maxchou415
8035,0,2,milky2028
8036,0,19,Twipped
8037,0,63,jalalazimi
8038,0,3,scottluskcis
8039,0,5,senorcarbone
8040,0,11,bfmjr
8041,0,2,larrytin
8042,0,2,bespider
8043,0,2,gield
8044,0,6,martin-svk
8045,0,22,aladin002dz
8046,0,17,dustingetz
8047,0,2,gitaarik
8048,0,2,loganwhite
8049,0,5,pwaring
8050,0,24,renatogalvones
8051,0,14,lrosa007
8052,0,1,joolsa
8053,0,10,andyyankai
8054,0,266,biezhi
8055,0,4,kanalasumant
8056,0,2,andrs1294
8057,0,5,iglocska
8058,0,10,PaulCapestany
8059,0,3,fmind
8060,0,2,DevelopCarlosMD
8061,0,54,SoyGema
8062,0,4,ohtangza
8063,0,10,simonoff
8064,0,3,calebdel
8065,0,22,thrashr888
8066,0,4,miyamotok0105
8067,0,2,YoshifumiShiiba
8068,0,9,calini
8069,0,6,mcgtts
8070,0,2,puzankov
8071,0,3,swider
8072,0,2,johannydls
8073,0,5,marceloperini
8074,0,3,cherishsantosh
8075,0,4,jf---
8076,0,11,DanielJDufour
8077,0,4,ha2emnomer
8078,0,3,superscott
8079,0,1,gotin
8080,0,3,ruthmd
8081,0,6,mschipperheyn
8082,0,6,antoinechalifour
8083,0,7,conan7882
8084,0,3,deuxpi
8085,0,9,lucassoares
8086,0,6,surrenderios
8087,0,5,gmarcial
8088,0,39,losfair
8089,0,3,guidomb
8090,0,4,mahon94
8091,0,6,ErichDonGubler
8092,0,1,jonahseguin
8093,0,66,markpairdha
8094,0,2,lampropoul
8095,0,9,DarringZhang
8096,0,16,jiazt
8097,0,45,UtkarshGupta-CS
8098,0,9,abhishektiwari
8099,0,2,naeem95
8100,87,1,mxmtsk
8101,0,17,robzienert
8102,0,20,aswinzz
8103,0,2,chihimng
8104,0,7,jinyx728
8105,0,7,blardo
8106,0,6,JoshTheDerf
8107,0,12,boxp
8108,0,4,rafaelsilvestre
8109,0,7,YangKing0834131
8110,0,1,jmackie
8111,0,1,jakswa
8112,0,1,IS908
8113,0,3,dhruv857
8114,0,1,jtleon
8115,0,1,PassionZale
8116,0,8,appinho
8117,0,1,SitiBanc
8118,0,3,FarhadMohammadi
8119,0,22,liuzwei
8120,0,21,charlesliucn
8121,0,15,shannonmoeller
8122,0,17,pubdreamcc
8123,0,4,chrislonge
8124,0,3,Geon-wooBryanKim
8125,0,5,jackaduma
8126,0,2,suhitp
8127,0,1,FreeCTB
8128,0,6,cschram
8129,0,3,CacheDoor
8130,0,2,scottwernervt
8131,0,8,priteshrnandgaonkar
8132,0,1,Toruitas
8133,0,4,stonexjr
8134,0,4,Hzzone
8135,0,2,dsugden
8136,0,87,salamer
8137,0,2,andreas-weber
8138,0,2,erwanp
8139,0,5,clairton
8140,0,4,borankux
8141,0,6,karldoenitz
8142,0,68,jasonhavenD
8143,0,1,hansenmakangiras
8144,0,25,amanvishnani
8145,0,1,Drea1989
8146,0,5,FX196
8147,0,13,PatrickChrist
8148,0,31,1602
8149,0,7,ZengTianShengZ
8150,0,3,bbrodriges
8151,0,6,kiknaio
8152,0,3,max-min
8153,0,4,godofwharf
8154,0,3,mrgrain
8155,0,8,JackyChiu
8156,0,1,pbalan
8157,0,98,mthli
8158,0,6,cnobile2012
8159,0,17,602903230
8160,0,2,tak-wah
8161,0,13,VRamazing
8162,0,19,lpan
8163,0,30,akalongman
8164,0,2,axelx5
8165,0,32,maciejczyzewski
8166,0,7,devhero
8167,0,20,chuyik
8168,0,19,packagethief
8169,0,5,PDFangeltop1
8170,0,9,AlexeyBuzdin
8171,0,3,aalekz
8172,0,125,skevy
8173,0,3,kishorevaishnav
8174,0,6,1beb
8175,0,35,davelab6
8176,0,5,classpro
8177,0,39,osteele
8178,0,3,hopeztm7500
8179,0,1,iseekwonderful
8180,0,17,XuYanci
8181,0,3,pipo02mix
8182,0,5,namanbiyani
8183,0,6,ivalue2333
8184,0,2,banqhsia
8185,0,6,SirRawlins
8186,0,2,anchitagarwal
8187,127,2,77Vincent
8188,0,3,rahul2041
8189,0,2,timkinnane
8190,0,59,WendellAdriel
8191,0,3,AcroMace
8192,0,4,lnikell
8193,0,2,moggers87
8194,0,4,gsouf
8195,0,28,aferreira44
8196,0,5,carrierlxk
8197,0,7,prakasa1904
8198,0,1,songanz
8199,0,1,flexzuu
8200,0,11,thescientist13
8201,0,3,Vezarachan
8202,0,1,harlanc
8203,0,6,alessandromarotta
8204,0,4,franklinharvey
8205,0,24,shvelo
8206,0,1,chiawase
8207,0,1,dedoogong
8208,0,7,svenjacobs
8209,0,17,JHurricane96
8210,0,9,debaonline4u
8211,0,7,feilaoda
8212,0,2,erayhanoglu
8213,0,2,fanmcgrady
8214,0,1,roachmd
8215,0,11,kimkevin
8216,0,5,JRJurman
8217,0,1,KaylaX
8218,0,4,fedeLarregle
8219,0,8,matthewharwood
8220,0,1,joicesena
8221,0,17,Esdeath
8222,0,24,sebastiaanluca
8223,0,10,hedtorresca
8224,0,7,POJOa
8225,0,35,andersevenrud
8226,0,9,rvanmil
8227,0,3,JaxXu
8228,0,5,amussey
8229,0,3,anjiang2016
8230,0,3,chriskol
8231,0,18,alexmanno
8232,0,12,srdjan
8233,0,4,myloveCc
8234,0,2,arpane4c5
8235,208,2,F915
8236,0,6,cauethenorio
8237,0,2,binaryPUNCH
8238,0,12,killthekitten
8239,0,1,bruceCzK
8240,177,2,rraks
8241,0,9,submagr
8242,0,5,skyverd
8243,0,9,ismailrei
8244,0,8,alejandrocq
8245,0,8,sachin1092
8246,0,4,SivanSong
8247,0,5,gonzaloplaza
8248,0,2,ozeetee
8249,0,3,mageddo
8250,0,9,EricTendian
8251,0,8,flipflopapp
8252,0,3,V1ncNet
8253,0,4,rasecoiac03
8254,0,26,junqiangchen
8255,0,3,mit2nil
8256,0,9,Amokrane
8257,0,7,agarwal-akash
8258,0,2,arnavgrg
8259,0,3,Sufi-Al-Hussaini
8260,0,12,alakra
8261,0,16,a1600012888
8262,0,18,jason90929
8263,0,46,Baoyx007
8264,0,5,cassianogf
8265,0,19,nlpenguin
8266,0,4,evanhammer
8267,0,2,hu2di
8268,0,3,pladaria
8269,0,8,DBULL7
8270,0,2,barinbritva
8271,0,4,rjgu
8272,0,2,OdNairy
8273,0,18,qixuxiang
8274,0,36,aystlzh
8275,0,40,hetz
8276,0,6,3riccc
8277,0,6,joeldrapper
8278,0,2,sajjad-shirazy
8279,0,11,denkensk
8280,0,1,codenaz
8281,0,6,emansom
8282,0,1,dotneet
8283,0,5,dawnarc
8284,0,9,danopia
8285,0,15,davetoxa
8286,0,2,Risez25
8287,0,3,MriLiuJY
8288,0,22,acauamontiel
8289,0,27,AnmolTomer
8290,0,4,eventEmitter
8291,0,2,christ0089
8292,0,25,kolier
8293,0,22,hlmerscher
8294,0,3,djin31
8295,0,4,raghav-kukreti
8296,0,11,stephy
8297,0,4,ariabid
8298,0,8,alykhank
8299,0,5,iebb
8300,0,15,StephenMayeux
8301,0,34,calebsylvest
8302,0,5,jtcramer
8303,0,9,neiker
8304,0,1,kimwnasptd
8305,0,5,claudiosegala
8306,0,9,claudey
8307,0,12,Nek-
8308,0,5,gongxijun
8309,0,2,s3w47m88
8310,0,13,neuqzxy
8311,0,3,riyazbhat
8312,0,17,BruceWeng
8313,0,10,fredpolicarpo
8314,0,5,sevaho
8315,0,1,rtamizh
8316,0,6,susiwen8
8317,0,91,nWidart
8318,0,46,shashankmehta
8319,0,3,GuruCharan94
8320,0,1,sergiy
8321,0,10,sijanonly
8322,0,14,hookex
8323,0,6,LiXizhi
8324,0,8,mbrostami
8325,0,7,simareeno
8326,0,34,SirPhemmiey
8327,0,91,explooosion
8328,0,38,bacongobbler
8329,0,14,SauceCat
8330,0,9,Zemke
8331,0,8,tanmay7270
8332,0,17,evancohen
8333,0,30,davetheflashguy
8334,0,4,Xinguang
8335,0,1,Hoijof
8336,0,24,bgamari
8337,0,75,javve
8338,0,4,anupjha
8339,0,1,guumeyer
8340,0,11,matheuscas
8341,0,50,prigoyal
8342,0,14,punkstar
8343,0,5,isdaniel
8344,0,2,juneoh
8345,0,4,ennerperez
8346,0,9,thomasknoll
8347,0,3,gatero
8348,0,2,breningham
8349,0,6,HaoDaWang
8350,0,9,mbuchetics
8351,0,66,clucasalcantara
8352,0,2,plusreed
8353,0,2,heregoes
8354,0,25,codebryo
8355,0,6,rodolfojt
8356,0,12,chaiyujin
8357,0,258,anishathalye
8358,0,9,cristianferrarig
8359,0,1,quaddy
8360,0,90,killme2008
8361,0,8,dulei0508
8362,0,1,ampatspell
8363,0,6,sewardlee337
8364,0,36,bearloga
8365,0,60,fabianp
8366,0,7,XueLianjie
8367,0,1,BoyuanYan
8368,186,2,oskarflygare
8369,0,8,jasonleewilson
8370,0,8,Awilum
8371,0,8,brunocramos
8372,0,2,diepdao
8373,0,4,KeyHui
8374,0,8,ravirajthedeveloper
8375,0,11,shaohung001
8376,0,1,forddavis
8377,0,2,DLavin23
8378,0,2,jmltn
8379,0,10,jfbaquerocelis
8380,0,9,rodgarcialima
8381,0,3,nguyenkhacbaoanh
8382,0,1,banjuanshu
8383,0,1,bynelus
8384,0,7,EvanOman
8385,0,1,edwerd
8386,0,11,chivee
8387,0,3,spiros
8388,0,4,Fallenstedt
8389,0,8,mrabbani
8390,0,44,diegonvs
8391,0,1,tcye
8392,0,8,onnimonni
8393,0,6,arteymix
8394,0,40,fanzeyi
8395,0,1,danielspofford
8396,0,77,dweinstein
8397,0,8,chchwy
8398,0,5,bernatferragut
8399,0,7,forslund
8400,0,1,coffeeboo
8401,0,2,PrabhatCS
8402,0,8,andyforever
8403,0,2,siazeroli
8404,0,5,jvtrudel
8405,0,1,rbavery
8406,0,17,carlogilmar
8407,0,3,leog
8408,0,1,pizuricv
8409,0,13,minhajuddin
8410,0,15,santoshyadav198613
8411,0,14,TomLous
8412,0,18,IsenrichO
8413,211,2,BrandanMiller
8414,0,6,anandp033
8415,0,7,shogo82148
8416,0,41,evantahler
8417,0,20,ricardosierra
8418,0,5,stevefloyd
8419,0,1,Leon-Jin
8420,0,24,carlosrberto
8421,0,2,cr0wst
8422,0,20,HaijunMa
8423,0,7,BideoWego
8424,0,5,theneva
8425,0,2,gscho
8426,0,1,rahacker2006
8427,0,7,XiongKezhi
8428,0,5,jnwelzel
8429,0,5,ashishnegi
8430,103,2,daniel-code
8431,0,14,chaitan94
8432,212,1,StanislavMayorov
8433,0,19,hskang9
8434,0,3,Green-li
8435,0,4,markkasaboski
8436,0,1,oceanoverflow
8437,0,2,ruslan-kurchenko
8438,0,5,qjuanp
8439,0,22,odoe
8440,0,51,RusinovAnton
8441,0,11,futuremint
8442,0,22,gbabula
8443,0,1,guicunha
8444,0,11,endroid
8445,0,2,ckshitij
8446,0,6,Sylvadoc
8447,0,3,oknono
8448,0,11,VinHuang
8449,0,17,saccohuo
8450,0,21,csarrazi
8451,0,15,Kavinjsir
8452,0,16,davidohlin
8453,0,7,heyimalex
8454,0,9,marcelomf
8455,0,10,ondrae
8456,0,15,superboum
8457,0,6,sorki
8458,0,33,olebedev
8459,0,3,DSanzh
8460,0,11,malhotraguy
8461,0,48,ousamabenyounes
8462,0,14,blade-demon
8463,0,9,rakeshcheekatimala
8464,0,37,eddywashere
8465,0,18,altruity
8466,0,25,jingsam
8467,0,5,simonrenoult
8468,0,1,huminghao16
8469,47,2,aksell
8470,0,8,CZXBigBrother
8471,0,2,jartmez
8472,0,11,Emanon42
8473,0,10,scottzirkel
8474,0,3,gulisashvili
8475,0,9,limianhust
8476,0,2,bbezanson
8477,0,7,FourEyebrowXiake
8478,0,13,gijzelaerr
8479,0,2,themoonraker13
8480,0,8,plotor
8481,0,15,efegurkan
8482,0,14,nocoolyoyo
8483,0,8,80000v
8484,0,2,ghenry
8485,0,1,schorndorfer
8486,0,25,andreaazzini
8487,0,22,netcan
8488,0,11,nogsantos
8489,0,31,pvictor
8490,0,1,sinanbozkus
8491,0,9,XiaoLer
8492,0,8,DevAlves1993
8493,0,23,studioego
8494,0,1,rlouf
8495,0,15,ameerthehacker
8496,0,28,pstadler
8497,0,40,josephdburdick
8498,0,13,jerry
8499,0,15,carlvlewis
8500,0,6,Makazone
8501,0,1,aritztg
8502,0,1,pohsu
8503,0,27,rajikaimal
8504,0,3,nks5295
8505,0,6,jfoshee
8506,0,5,imankit
8507,0,48,Younes-Charfaoui
8508,0,9,lartpang
8509,0,5,Tallyb
8510,0,2,jianwolf
8511,0,9,BoBinLee
8512,0,7,JesusGarciaValadez
8513,0,3,akunzai
8514,0,12,jwcn
8515,0,71,kraaas
8516,0,8,brunohulk
8517,0,1,JPurinsh
8518,0,144,mamadoo
8519,0,9,JorgeDeLosSantos
8520,0,41,jhollist
8521,0,2,arttema
8522,0,6,asyrique
8523,0,3,anthonytec2
8524,0,1,LAIBOLIN
8525,0,1,calmrund
8526,0,6,aayush26
8527,0,3,gsiou
8528,0,28,SriniVest
8529,0,42,joyoyao
8530,0,17,cihanozhan
8531,0,32,pomelo-nwu
8532,0,3,RealXuan
8533,0,3,davegonzalez
8534,0,7,juanfernandes
8535,0,5,ryan-blunden
8536,0,1,ptulsyan10
8537,0,4,lesimoes
8538,0,3,joseolinda
8539,0,5,GauthierD-
8540,0,11,jharmn
8541,0,46,greengerong
8542,0,9,AustineGwa
8543,0,4,aby0
8544,0,2,mrferos
8545,0,11,leeclemnet
8546,0,32,caijw
8547,0,7,laojie
8548,0,1,RomeuG
8549,0,68,thinkphp
8550,0,1,anassinator
8551,0,19,favourori
8552,0,1,kalms
8553,0,14,merlinJie
8554,0,5,ae86208
8555,0,4,Gaku13
8556,0,3,MayV
8557,0,7,dinatih
8558,0,7,amywork
8559,0,15,ehmorris
8560,0,2,mistermjtek
8561,0,2,demetrio812
8562,0,2,Ahnyechan
8563,0,9,EricDupertuis
8564,0,6,jlozano254
8565,0,4,EvertonMelo
8566,0,9,indexofire
8567,0,9,dgwight
8568,0,3,FeMaffezzolli
8569,0,29,tilaprimera
8570,0,70,riywo
8571,0,13,alexvbush
8572,0,5,sky15179
8573,0,9,cheen
8574,0,1,HMBSbige
8575,0,9,ShuaiChenBIGR
8576,0,97,pakastin
8577,0,5,gregdhill
8578,0,30,pateketrueke
8579,0,1,subversivo58
8580,0,55,ApolloZhu
8581,0,42,certik
8582,0,9,lu1s
8583,0,4,PabloAlexandre
8584,0,5,fobidlim
8585,0,29,condef5
8586,0,12,RuiChen96
8587,0,21,lzl124631x
8588,0,2,BladeYoung
8589,0,7,stc
8590,0,10,srtfisher
8591,0,9,pytlesk4
8592,0,4,Masavi
8593,0,9,SupaHam
8594,0,3,aikuyun
8595,0,20,hg-pyun
8596,0,5,izzydoesit
8597,0,4,cmmaster
8598,0,8,acpmasquerade
8599,0,1,kaanekinci
8600,0,3,schliffen
8601,0,3,gboston
8602,0,5,abougouffa
8603,0,12,prankshaw
8604,0,4,jaonoctus
8605,0,19,jqr
8606,0,1,X-Nicolo
8607,0,6,maxujie
8608,0,3,develician
8609,0,13,Shraddha2702
8610,0,20,missingfaktor
8611,0,52,Qard
8612,0,4,andrew-boyd
8613,0,16,soareschen
8614,0,1,beesandtrees
8615,0,3,handworker
8616,0,3,michaeimm
8617,0,29,Hitomis
8618,0,16,leandro
8619,0,8,LiMeng95
8620,0,3,ricky-wong
8621,0,4,sven1977
8622,0,19,ilgooz
8623,0,28,thelastinuit
8624,0,4,aexol
8625,0,81,slashhuang
8626,0,21,shidephen
8627,0,9,Abdelrahman-Atia
8628,0,3,andion
8629,0,1,Raiondesu
8630,0,4,francisoliverlee
8631,0,5,jourdanrodrigues
8632,0,2,tchiss
8633,0,4,github1586
8634,0,1,eduards
8635,0,544,afc163
8636,0,8,tauseefk
8637,0,50,aniruddha-adhikary
8638,0,2,gayashanbc
8639,0,15,ekko100120
8640,0,1,mkung6
8641,0,5,skiritsis
8642,0,1,HibisciDai
8643,0,5,kepta
8644,0,1,rgiovanini
8645,0,16,eWangsf
8646,0,51,jackyzonewen
8647,0,1,benrobinson20
8648,0,23,develoser
8649,0,1,YCIrving
8650,214,2,jameron
8651,0,6,WenRuige
8652,0,4,labs00
8653,0,3,olaferlandsen
8654,0,10,orogersilva
8655,0,6,gpxlcj
8656,0,13,alesshh
8657,0,18,Mays
8658,0,11,cyyyu
8659,0,11,pepoeverton
8660,0,1,NikolaBorislavovHristov
8661,0,13,eos21
8662,0,1,fedebonisconti
8663,0,15,sgotti
8664,0,1,kyleolivo
8665,0,2,BoykaDan
8666,0,5,keldLundgaard
8667,0,9,lfamorim
8668,0,65,deepakkarki
8669,0,3,ArtemGordinsky
8670,0,2,cpannwitz
8671,0,1,babim
8672,0,3,marek-stoj
8673,0,11,ggoog
8674,0,2,dairdr
8675,0,3,GauravSahu
8676,0,2,alifarazz
8677,0,1,cmark
8678,0,5,everson
8679,0,32,Natumsol
8680,0,10,akmittal
8681,0,13,montoulieu
8682,0,4,gatarelib
8683,0,46,EslaMx7
8684,0,2,huangyuyao
8685,0,6,oesukam
8686,0,1,KaraAJC
8687,0,2,fangleai
8688,0,2,billp
8689,0,1,emanuelcasco
8690,0,1,AurelienVigne
8691,0,19,hhkaos
8692,0,21,digaru19
8693,0,5,marioestrada
8694,0,5,Bhargee
8695,0,17,rayning0
8696,0,27,eldalo
8697,0,7,aeyakovenko
8698,0,8,scokmen
8699,0,7,bogren
8700,0,3,lukasamd
8701,0,2,hankliu62
8702,0,32,hzhu
8703,0,5,Mannaio
8704,0,1,SnowzTail
8705,0,3,mescalchuan
8706,0,2,jinyikuang000
8707,0,6,ifraincoat
8708,0,11,kunsun
8709,0,3,brzuchal
8710,0,1,Techassi
8711,0,17,Wjerry5
8712,0,2,bsorrentino
8713,0,2,Shwetank30
8714,0,4,kunaltyagi
8715,0,11,jherdman
8716,0,7,spilth
8717,0,7,callmedadaxin
8718,0,3,mrova
8719,0,5,pinxue
8720,0,14,cchamberlain
8721,0,8,constsync
8722,216,2,EndruK
8723,0,97,chrisenytc
8724,0,43,lgh06
8725,0,8,h4ck4life
8726,0,12,GongchuangSu
8727,0,5,alvinkl
8728,0,4,saibimajdi
8729,0,19,CHEF-KOCH
8730,0,8,duellsy
8731,0,4,gulshan-mittal
8732,0,12,kuaikuaikim
8733,0,4,Dmchale92
8734,0,41,DSKSD
8735,0,21,stepankuzmin
8736,0,3,maremun
8737,0,2,gaarangoa
8738,0,3,heruan
8739,0,4,TheGeekyM
8740,0,4,fegemo
8741,0,3,RyanFleck
8742,0,3,prateekagarwal3
8743,0,7,liuyangzuo
8744,217,4,OIdiotLin
8745,0,4,edivangalindo
8746,0,12,cdrage
8747,0,5,sakamies
8748,0,3,jorgecasas
8749,0,4,donlion
8750,0,10,karinakozarova
8751,0,4,tahsinsevinch
8752,244,2,Godan
8753,0,187,leeluolee
8754,0,15,BonDoQ
8755,0,3,sohelrana820
8756,0,8,dcooney
8757,0,31,Derek-Wds
8758,0,1,LittleNewton
8759,0,63,krisjin
8760,0,6,fangge
8761,0,14,nayunhwan
8762,0,2,mscharlock
8763,0,2,Cabezaa
8764,0,23,cjcliffe
8765,0,3,knice
8766,0,7,devndone
8767,0,19,adamwaite
8768,0,16,syedmisbah
8769,0,3,juandelossantos
8770,0,36,Synchro
8771,0,4,Ding-Ye
8772,0,26,TheAlgo
8773,0,7,fearlex
8774,0,21,Stichoza
8775,0,18,kwelch
8776,0,3,jmcerrejon
8777,0,7,anruence
8778,0,9,liurongfang
8779,0,10,andreynering
8780,0,12,jfbcb
8781,0,10,dumplings
8782,0,6,lvaldovinos
8783,0,46,mathlf2015
8784,0,30,ladislas
8785,0,16,salman-bhai
8786,0,12,phansys
8787,0,35,komagata
8788,0,1,doghappy
8789,0,1,appbir
8790,0,5,mmaguero
8791,0,9,alvinsj
8792,0,2,essicolo
8793,0,3,LinjianMa
8794,0,9,Superlee506
8795,0,5,Enapiuz
8796,0,10,jeffochoa
8797,0,7,albertoperezf
8798,0,5,alexarnautu
8799,0,1,radimklaska
8800,0,1,muigaiunaka
8801,0,16,sean-perkins
8802,0,3,rajmani1995
8803,0,11,DongpingZhu
8804,0,27,edkf
8805,0,26,Ci-Jie
8806,0,7,PerfectShen
8807,0,2,adetante
8808,0,47,PetarV-
8809,0,8,carabina
8810,0,15,crcastle
8811,0,2,nafeu
8812,0,12,emanoelvianna
8813,0,3,ddiez
8814,0,63,ColinFay
8815,0,21,chenmingbiao
8816,0,6,limingxinleo
8817,0,1,Kulak
8818,0,3,jurby
8819,0,6,PeterKow
8820,0,49,thebergamo
8821,0,21,bengourley
8822,0,22,thejonanshow
8823,0,5,iChebbi
8824,0,9,GabrielaBezerra
8825,0,8,nairihar
8826,0,33,glzjin
8827,0,1,starburst997
8828,0,7,chenxofhit
8829,0,22,k0nsl
8830,0,5,shimulch
8831,0,45,larryzhao
8832,0,7,sumnulu
8833,0,7,hsoi
8834,0,22,staticfloat
8835,0,1,maharshi95
8836,0,14,enderdzz
8837,0,1,LiorZ
8838,0,1,geanfelipe
8839,0,11,gjy3035
8840,0,26,eymel
8841,0,8,RunAtWorld
8842,0,2,syntacticsolutions
8843,0,15,redshiftzero
8844,0,3,sheiy
8845,0,4,oinak
8846,201,2,Nejel
8847,0,17,klorenzo
8848,0,2,AFZL95
8849,0,3,skarface
8850,0,4,bilxio
8851,0,6,alyakhtar
8852,0,2,andrerod
8853,0,6,JLChnToZ
8854,0,23,coder-pig
8855,0,9,gjvpaet
8856,0,9,nmakes
8857,0,2,OkGoDoIt
8858,0,1,romejiang
8859,0,9,RoyalMjz
8860,0,41,JimmyLee05
8861,0,2,King-Of-Overload
8862,0,13,apollonian11
8863,0,12,ppq1991
8864,0,13,jia58960
8865,0,3,Arcko
8866,0,42,chnouman
8867,0,3,benavern
8868,0,17,sperlingxx
8869,0,3,gavinhungry
8870,0,17,mrtuvn
8871,0,2,alicanozer
8872,0,2,nnnkit
8873,0,12,khs1994
8874,0,3,fkinaro
8875,0,7,stevedomin
8876,0,24,Norbert515
8877,0,42,abruzzihraig
8878,0,6,mbrn
8879,0,12,douglasmaiabr
8880,0,28,JunshengFu
8881,0,5,ringoyip0901
8882,0,3,swimfish09
8883,0,6,asharirfan
8884,0,32,taeguk
8885,0,11,mavisland
8886,0,11,mishak87
8887,0,5,cbsan
8888,0,2,bingfengyiren
8889,0,3,jrleszcz
8890,0,5,SmoDav
8891,0,2,JoviChan
8892,0,2,coco-napky
8893,0,9,Seminioni
8894,0,8,scorsi
8895,0,10,lhyfst
8896,0,12,IsraelAdura
8897,0,5,AMoreaux
8898,31,4,satyakisikdar
8899,0,7,beNitinhere
8900,0,19,shyyhs
8901,0,22,kirillshevch
8902,0,25,Alex-D
8903,0,18,nipunsadvilkar
8904,101,2,Paper99
8905,0,1,rexmac
8906,0,11,icefox0801
8907,0,6,Super-JJ
8908,0,5,AlexanderCannon
8909,0,4,Chriskamphuis
8910,0,9,fukata
8911,0,2,Ugness
8912,0,22,chizhu
8913,0,24,VictorZhang2014
8914,0,1,EduardCerv
8915,0,7,radarsu
8916,0,1,robotenique
8917,0,2,bezzad
8918,0,1,hitenpratap
8919,0,2,greatislander
8920,0,3,gregorym
8921,0,14,daqing
8922,0,4,priyamm
8923,0,25,preco21
8924,0,1,Diljane
8925,0,50,daengdoang
8926,0,13,sharadmv
8927,0,34,arecvlohe
8928,0,3,derekdowling
8929,0,7,dpayonk
8930,0,7,moyuanhuang
8931,0,61,cfregly
8932,0,1,jsherfey
8933,0,74,lnishan
8934,0,2,motamed
8935,0,18,claytonsilva
8936,0,15,jwvg0425
8937,0,3,mmiinnovations
8938,0,3,Dazaman
8939,169,2,Saqrag
8940,0,24,techwraith
8941,0,8,Gernot
8942,0,70,rankun203
8943,0,1,piupius
8944,0,6,JamesYing
8945,0,27,greenido
8946,0,21,heygema
8947,0,2,donychen1134
8948,0,1,ruishaopu561
8949,0,11,JiahaoYao
8950,0,2,nkmlombardi
8951,0,27,jiayihu
8952,0,15,jxgu1016
8953,0,2,YoshiyukiKato
8954,0,4,SamTebbs33
8955,0,7,andrewcode2017
8956,0,1,spudooli
8957,0,8,Dingyj3178
8958,0,33,andyshora
8959,0,8,jsanchezramos
8960,0,37,s0nskar
8961,0,1,nicoengelhardt
8962,0,6,raymelon
8963,0,9,inverse
8964,0,6,makafanpeter
8965,0,43,amouly
8966,0,10,robsonsilv4
8967,0,1,obasoro
8968,0,8,lakshaydulani
8969,0,13,henryluki
8970,0,2,redeltaglio
8971,0,2,chsahit
8972,0,20,brentonhouse
8973,0,3,iktakahiro
8974,0,1,senpp
8975,0,10,lig
8976,0,4,gagneet
8977,0,1,kokoichiro
8978,0,7,amassarwi
8979,0,37,MaxHalford
8980,0,3,aranair
8981,0,1,freemanon
8982,0,7,SalamanderJY
8983,0,3,ExcellentLife-FeiFan
8984,0,3,gaguilar
8985,0,15,ole3021
8986,0,1,dungwinux
8987,0,1,he7850
8988,0,5,bkd705
8989,0,13,liminjun
8990,0,17,dkarlovi
8991,0,3,jlguenego
8992,0,5,abhishekmalali
8993,0,32,nuptboyzhb
8994,0,4,aszzy
8995,0,5,helmutgranda
8996,92,2,palaska
8997,0,14,hevertoncastro
8998,0,2,Rohithyeravothula
8999,0,18,pedrofsn
9000,0,6,kulicuu
9001,0,7,egordorichev
9002,0,1,BrkCoder
9003,0,1,Lynkzhang
9004,0,7,Isabellle
9005,0,19,pineoc
9006,0,100,kgryte
9007,0,18,motiko
9008,0,351,rwaldron
9009,0,3,goldeneggg
9010,0,4,cmbankester
9011,0,3,CharlieEtienne
9012,0,1,PaoloFalomo
9013,0,3,thatfrankdev
9014,0,9,linpengcheng
9015,0,129,jeffreywugz
9016,0,20,ricardoerl
9017,0,1,arimogi
9018,0,10,futuredayv
9019,0,3,ScottJWalter
9020,0,2,Ardhimas
9021,0,28,bwangelme
9022,0,10,robertohuertasm
9023,0,10,aweimeow
9024,0,7,Schwad
9025,0,68,liubin1777
9026,0,1,puppybits
9027,0,1,Zalasanjay
9028,0,10,flaing
9029,0,1,ArtRichards
9030,0,6,jkvora
9031,0,1,gembin
9032,0,6,Krasaa
9033,0,4,jirayuth289
9034,138,2,mettin
9035,0,27,augustoabreu
9036,0,5,Kimeiga
9037,0,8,cshubhamrao
9038,0,9,pielco11
9039,0,67,MechanisM
9040,0,10,andersblehr
9041,0,5,houz42
9042,0,69,rafaelcaricio
9043,0,10,colelawrence
9044,0,12,FinalTheory
9045,0,1,laoshuterry
9046,0,63,kossnocorp
9047,0,1,takatoy
9048,0,13,rrevanth
9049,0,122,gnuwilliam
9050,0,5,marioquer
9051,0,1797,getify
9052,0,3,iosdev474
9053,0,3,ed-parry
9054,0,6,mfpopa
9055,0,2,CodeSchneider
9056,0,5,renhuihhh
9057,0,11,qinchao
9058,0,2,fladi
9059,0,3,maheshiv
9060,0,6,kashishgrover
9061,0,20,bluelovers
9062,0,4,Xuxue1
9063,0,8,envision
9064,0,2,cristophersfr
9065,0,104,Juanlu001
9066,0,14,gianlucatruda
9067,0,2,cjp2600
9068,0,3,donizyo
9069,0,1,paroblow
9070,0,2,lybroman
9071,0,18,mnorrish
9072,0,3,AJRdev
9073,0,2,Rexhaif
9074,0,44,ArnabBir
9075,0,115,rememberlenny
9076,0,13,Travis-S
9077,199,3,keetsky
9078,0,2,PerpetualWar
9079,0,22,benarent
9080,0,4,FredericHeem
9081,0,9,ntienvu
9082,0,8,sjooyoo
9083,0,6,ssokhey
9084,0,62,guzhongren
9085,0,1,Zhiming-Huang
9086,0,15,Terence95
9087,0,24,pearl2201
9088,0,1,regonn
9089,0,14,abhuzz
9090,0,3,BugRoger
9091,0,6,snehankekre
9092,0,42,liyaodong
9093,0,4,holtgrewe
9094,0,10,gutenye
9095,0,3,prateekralhan
9096,0,5,ashupednekar
9097,0,6,gurrrung
9098,0,43,fengnanyue
9099,0,1,delino12
9100,0,6,brianabrams
9101,0,11,ravi3222
9102,0,14,grikomsn
9103,0,2,basmoura
9104,0,10,oriolmirosa
9105,0,3,FengHaiSheng
9106,0,3,HeeKyung-Park
9107,0,2,madeleinehuish
9108,0,4,sqmk
9109,0,4,captainwz
9110,0,4,keyurparalkar
9111,0,3,jingshuangliu22
9112,0,2,Lcch
9113,0,1,realdah
9114,0,2,neamtua
9115,0,4,demerzel1
9116,0,4,dfguan
9117,223,2,PhyloStar
9118,0,9,hungtruong
9119,0,6,fianine
9120,0,7,rukmal
9121,0,15,HavenShen
9122,0,6,jmargeta
9123,0,8,phuphighter
9124,0,7,jensens
9125,0,8,Half-Shot
9126,0,2,qiushiding
9127,0,50,max
9128,0,18,kiasaki
9129,0,28,kevindragon
9130,0,33,mirzap
9131,0,2,QiujieDong
9132,0,25,rwwagner90
9133,0,4,jpovmarques
9134,0,2,benperove
9135,0,7,luozm
9136,0,7,jlaffaye
9137,0,5,puneetsl
9138,0,13,masimplo
9139,0,1,JY0284
9140,0,1,CelalTEMIZ
9141,0,4,mikecomputerscience
9142,0,7,china2015wyp
9143,0,79,alansouzati
9144,0,37,statico
9145,82,2,alexanthony813
9146,0,1,SusieXu
9147,0,2,JensTimmerman
9148,0,23,kuc2477
9149,0,3,david81brs
9150,0,7,flsilva
9151,0,3,a-trost
9152,0,11,kangqf
9153,0,3,c77cc
9154,0,3,max8hine
9155,0,5,Jac21
9156,0,26,racofix
9157,0,1,seanvree
9158,0,4,banhaclong20
9159,0,41,lfkdsk
9160,0,3,Houssk
9161,0,1,luisbaugusto
9162,0,2,silvae86
9163,155,2,blu3r4y
9164,0,1,manueljtejada
9165,0,5,phanorcoll
9166,0,45,ondrejsika
9167,0,1,gick
9168,0,43,akabiru
9169,0,42,kelvins
9170,0,11,gh2049
9171,0,19,mineiro
9172,0,2,scastlara
9173,0,10,ca057
9174,0,9,iskodirajga
9175,0,3,octamois
9176,0,7,anowell
9177,0,1,falahgs
9178,0,3,stevemats
9179,0,17,lyman
9180,0,9,mosch
9181,0,34,Shinelw
9182,0,6,salgadobreno
9183,0,16,levittlili
9184,0,6,bigzhu
9185,0,2,mikaalanwar
9186,0,5,phxsuns
9187,0,12,FFY00
9188,0,13,hlzz
9189,0,2,CodeJunS
9190,0,13,muzishuiji
9191,0,1,julian-carpenter
9192,0,4,manutromero
9193,0,10,andrewpage
9194,0,6,JayB-K
9195,0,11,atkrad
9196,0,2,SoonPoong-Hong
9197,0,5,ArrayZoneYour
9198,0,2,donovanmuller
9199,0,28,s-panferov
9200,0,1,kecoo1
9201,0,69,DanielTimLee
9202,0,4,lsinger
9203,0,16,lukeocodes
9204,0,2,kaineer
9205,0,12,arbesfeld
9206,0,4,datdevboi
9207,0,3,153957
9208,0,2,JWRanton
9209,0,3,kurtmilam
9210,0,27,margox
9211,0,1,sonarism
9212,0,26,e-jigsaw
9213,0,8,tibbon
9214,0,6,laughing-pic-zhu
9215,316,2,Hahnnz
9216,0,6,CarsonMcKinstry
9217,0,5,jinligen
9218,0,2,olafurnielsen
9219,0,9,orlandocharles
9220,0,9,igorkamyshev
9221,0,21,Maecenas
9222,0,23,lym
9223,0,4,peterarmstrong
9224,0,1,Pusungwi
9225,0,5,emredurukn
9226,0,7,peterlozano
9227,0,8,craigmartin
9228,0,2,Cein-Markey
9229,0,2,LordDarkula
9230,0,1,justinpecott
9231,0,1,luposlip
9232,0,30,hjdesigner
9233,0,1,openstring
9234,0,2,pdrummond
9235,0,10,danielsz
9236,0,1,michaelkunc
9237,0,17,kale-stew
9238,0,5,alex-myzhao
9239,0,71,409915016
9240,0,53,LeoCp
9241,0,4,akhilesh-k
9242,0,1,jorgealves
9243,0,2,shiasn
9244,0,17,lebrande
9245,0,43,patrickheng
9246,0,7,Das-Boot
9247,0,5,heykishan
9248,0,34,cwdoh
9249,0,2,pastuxso
9250,0,1,andreykishtov
9251,0,3,amazing-space-invader
9252,0,3,tcrosen
9253,0,3,hexhead
9254,0,2,jamesmaidment
9255,0,3,keisukefukuda
9256,0,11,ashiklom
9257,0,10,ajinkyachavan
9258,0,1,sebmaldo
9259,0,8,maxprog
9260,0,6,giojavi04
9261,0,4,okomestudio
9262,0,2,gponimansky
9263,0,4,evgrezanov
9264,0,1,k0mach1
9265,0,5,jgrayauskie
9266,0,15,arjun-kava
9267,0,3,cirlmcesc
9268,0,6,kimxogus
9269,0,4,felixbuenemann
9270,0,2,shreyaspadhy
9271,0,12,juliohm
9272,0,3,dkastl
9273,0,3,jenniferleveaux
9274,214,1,lexxyungcarter
9275,0,13,crazyacking
9276,0,1,brockholzer
9277,0,7,kamranayub
9278,0,8,Neurone
9279,0,19,ishareme
9280,0,4,PumpkinAndy
9281,0,1,WanLinLin
9282,0,2,AurelienPONCINI
9283,0,11,freakynit
9284,0,16,portwatcher
9285,0,1,kakegu
9286,0,11,RyanNaughton
9287,0,17,daddyrusher
9288,0,7,jmiramant
9289,0,2,Shermayster
9290,0,3,HugoOliveiraThor
9291,0,2,augard
9292,0,23,agusmakmun
9293,0,37,eveliotc
9294,0,1,joykuotw
9295,0,26,moto2002
9296,0,5,kdeng
9297,0,46,arden
9298,0,12,jonathangiamp
9299,0,4,padewitte
9300,226,2,ariG23498
9301,0,35,simalexan
9302,0,1,FUlyankin
9303,0,4,jackivan88
9304,0,10,soniolabs
9305,0,3,nathan815
9306,0,4,gokhansa
9307,0,4,schalkburger
9308,0,4,gorandodig
9309,0,14,BlackHole1
9310,0,1,tellxp
9311,0,3,natekupp
9312,0,4,Fucntion
9313,0,23,Hi-Rube
9314,0,4,managr
9315,0,45,AndrewDavid
9316,0,2,clyang82
9317,0,1,Ekranos
9318,0,13,Abdelkrim
9319,0,14,kotchuprik
9320,0,21,caok
9321,0,5,jefferson
9322,0,25,dejaneves
9323,0,1,nabito
9324,0,13,LouisShark
9325,0,49,farhadi
9326,0,3,serhii12
9327,0,6,bjlange
9328,0,6,Rish1997
9329,0,3,erickrawczyk
9330,0,19,SHERlocked93
9331,0,9,DanRigby
9332,0,3,salihsagdilek
9333,0,5,henrybv
9334,0,9,iSanchezDev
9335,0,1,Surufel
9336,0,5,jaimerosales
9337,0,4,konqr
9338,0,8,X-Mars
9339,0,32,1156721874
9340,0,41,import-yuefeng
9341,0,9,glebkuznetsov
9342,0,7,KnightBaron
9343,0,2,parsingphase
9344,0,4,khannz
9345,0,7,JPiao
9346,0,46,kaihendry
9347,0,2,deven769
9348,0,2,esampaio
9349,0,6,phatnguyenuit
9350,0,7,roarkemc
9351,0,31,achillesrasquinha
9352,0,57,kastnerkyle
9353,0,11,Mulder90
9354,0,4,robrobbins
9355,0,32,breandan
9356,0,11,Lessica
9357,0,13,stealthanthrax
9358,0,11,cassiodeveloper
9359,0,24,SayefReyadh
9360,0,12,joshangell
9361,0,11,devpranoy
9362,0,6,rgiordan
9363,0,6,MoskalenkoM
9364,0,34,Leask
9365,0,3,TigrisYu
9366,0,4,liliangqi
9367,0,2,renepenner
9368,0,10,mthadley
9369,0,3,abirpahlwan
9370,0,2,jmilagroso-c4w
9371,0,8,dongido001
9372,0,1,dyboy2017
9373,0,37,1amageek
9374,0,10,Pourghannad
9375,0,9,FalloutX
9376,0,7,ls-winds
9377,0,2,bkader
9378,0,5,arohim
9379,0,6,haohanz
9380,0,6,philson-philip
9381,0,8,mattwang44
9382,0,17,claytantor
9383,0,6,prabal1997
9384,0,6,AuthorJim
9385,0,9,ioandr
9386,0,5,agiletalk
9387,0,14,huip
9388,0,5,ShawnGregg
9389,0,4,qhan1028
9390,0,14,lotfio
9391,0,3,omar2535
9392,0,9,jenswirf
9393,0,8,chregu
9394,0,1,it-all
9395,0,303,ChenYilong
9396,0,3,bspellio
9397,0,12,anthonyterrell
9398,0,6,methuz
9399,0,1,dkokorev90
9400,41,2,anilmaurya
9401,0,2,a-quei
9402,0,12,akopcz2
9403,0,2,gsiciliano
9404,0,13,Janking
9405,0,7,theaidem
9406,0,2,theRoughCode
9407,0,5,raelga
9408,0,2,cagingulsen
9409,0,7,bitqiu
9410,0,2,argoc
9411,0,7,XXXMrG
9412,0,13,PPAbner
9413,0,20,dianjuar
9414,0,3,thibautdavoult
9415,0,29,samwuu
9416,0,3,clcron
9417,0,47,seyfer
9418,0,8,KevinRamsunder
9419,0,8,moinudeen
9420,0,1,neenjaw
9421,0,3,mikelpmc
9422,0,3,SerhatSurguvec
9423,0,1,eriknelson
9424,0,10,innocodive
9425,0,13,jongkwang
9426,143,2,jalamprea
9427,0,2,dafian47
9428,0,7,thedjinn
9429,0,2,elvisoliveira
9430,0,4,Beenking
9431,227,1,flyboyleo
9432,0,1,rivermont
9433,0,16,igniteeng000
9434,0,36,nirajkaushal
9435,0,3,noma4i
9436,0,3,fuenwang
9437,0,6,insign
9438,0,30,kamalesh0406
9439,0,7,aripalo
9440,0,6,MH15
9441,0,1,nekath
9442,0,5,marciovsena
9443,0,1,EddieNejadi
9444,0,7,sophearak
9445,0,7,raphaelli
9446,0,4,sl1673495
9447,0,77,mr-mig
9448,0,3,BrandonWingerAir
9449,0,9,Amine-H
9450,0,3,amee9451
9451,0,10,bellaj
9452,0,32,t-hiroyoshi
9453,0,51,haoxins
9454,0,6,alikemalocalan
9455,0,38,Pulkit-Khandelwal
9456,0,4,bitmage
9457,0,1,gryftir
9458,0,5,clintzh
9459,0,22,notlmn
9460,0,4,cannobbio
9461,0,1,followcat
9462,0,1,fmmarques
9463,0,2,JuanFJuradoP
9464,0,1,CrutchTheClutch
9465,0,60,oyghan
9466,0,10,magarcia
9467,0,19,dhyegocalota
9468,0,8,cmendesce
9469,0,12,ryansch
9470,0,9,ehgoodenough
9471,0,1,rustnnes
9472,0,28,richardaecn
9473,0,5,platelk
9474,0,8,feiyuw
9475,0,3,marsbergen
9476,0,5,jennyliang220
9477,0,6,picorelli
9478,0,8,jacklovepdf
9479,0,4,managam
9480,0,1,EvodiaAut
9481,0,7,crazymaster
9482,0,12,IOriens
9483,0,2,renarsvilnis
9484,0,9,sr229
9485,0,3,syferfyre
9486,0,4,kahveci
9487,0,2,clun
9488,0,1,mikeedwards
9489,0,2,nerboda
9490,0,1,DataSweeper
9491,0,34,robsonmarques
9492,0,5,andre000
9493,0,1,Ierezell
9494,0,2,thetimbanks
9495,0,20,czero1995
9496,0,12,iMicknl
9497,0,1,TheCadu
9498,0,7,iamwwc
9499,0,18,PrasannaNatarajan
9500,0,2,GerardSoleCa
9501,0,12,dansteren
9502,0,5,st-fresh
9503,0,55,andyprasetya
9504,0,6,rajatgoyal715
9505,0,2,EugeneDyachenko
9506,0,13,mreinsch
9507,0,6,mshatikhin
9508,0,3,starit
9509,0,1,DutchKevv
9510,0,1,julienr114
9511,0,1,raditia
9512,0,4,serbernar
9513,0,13,Brainiarc7
9514,0,4,TechMagister
9515,0,7,jprodrigues70
9516,0,6,himynameisjonas
9517,0,6,qq34384878
9518,0,5,JeremyWuuuuu
9519,0,3,Jussic
9520,0,1,rheiland
9521,0,2,ArmorDarks
9522,0,5,akizor
9523,0,1,mfka
9524,0,5,hoandang
9525,0,1,SharifClick
9526,0,17,marcoonroad
9527,0,9,jbroadway
9528,0,4,rozig
9529,0,13,jellekralt
9530,0,4,littlejuh
9531,0,22,joshvoll
9532,0,212,joao-alberto
9533,0,5,VGraupera
9534,0,17,hanxiaomax
9535,0,10,brandonwamboldt
9536,110,2,alinnert
9537,0,6,sandip-gavade
9538,0,1,dyt811
9539,0,23,PinkyJie
9540,0,2,RaulCifuentes
9541,0,6,ReedSun
9542,0,4,robertogyn19
9543,0,2,akasham67
9544,0,24,joelthchao
9545,0,28,achmiral
9546,0,1,Hanggi
9547,0,71,Bogdan-Lyashenko
9548,0,3,liyupi
9549,0,1,007jedgar
9550,0,1,erichseamon
9551,0,1,jiangzhongkai
9552,0,40,actank
9553,0,304,avelino
9554,0,4,jaeseokjeong
9555,0,20,itsazzad
9556,0,2,hovax
9557,0,1,11380824
9558,0,1,light24bulbs
9559,0,3,njfritter
9560,0,3,kksevta
9561,0,9,hungaikev
9562,0,8,qingguoing
9563,0,1,Dragod
9564,0,8,riccardotommasini
9565,0,2,Muchwat
9566,0,1,markhker
9567,0,9,kohlmannj
9568,0,2,Junhui-UMSI
9569,0,8,Raniazy
9570,0,5,ian13456
9571,194,2,brycexu
9572,0,66,SnailPJW
9573,0,7,luisorozoli
9574,0,11,sangwoomo
9575,0,1,arshbot
9576,0,16,justforlxz
9577,0,5,anjia0532
9578,0,8,thomasdola
9579,0,8,PunitGr
9580,0,1,Lakret
9581,0,5,Perlmint
9582,0,7,DanielAndreasen
9583,0,3,kevinjosue2326
9584,0,5,rizowski
9585,0,1,aawuley
9586,0,10,januridp
9587,0,28,atayahmet
9588,0,32,jiahui-z
9589,0,2,AudunVN
9590,0,16,MateusZitelli
9591,0,3,pepaar
9592,0,13,franckverrot
9593,0,6,mirucon
9594,0,33,karthikb351
9595,0,8,mkabilov
9596,0,29,24suixinsuoyu
9597,0,1,ian-schu
9598,0,25,RobertoGonzalez
9599,327,2,omniscient
9600,0,2,sauware
9601,0,9,RobinHossain
9602,0,26,florapdx
9603,0,19,mdagost
9604,22,3,Alvadorn
9605,0,15,qinnnnnnnn
9606,0,5,backtrackbaba
9607,0,11,aaronoah
9608,0,6,BBleae
9609,0,1,HDVinnie
9610,0,1,denisding
9611,0,43,oguzzkilic
9612,0,27,bollu
9613,0,2,kumar-akshay324
9614,0,8,priancho
9615,0,1,Rhotimee
9616,0,10,blitu12345
9617,0,3,0xFireball
9618,0,1,e2kaneko
9619,0,1,onx2
9620,0,24,gbbr
9621,0,4,ReneeVandervelde
9622,0,14,jacobmischka
9623,0,5,rsylvian
9624,0,9,calaca
9625,0,2,joseangel-sc
9626,0,2,chrispappas
9627,0,1,D-Roberts
9628,0,4,bearzk
9629,0,13,paintdream
9630,0,5,Shijir
9631,0,6,derek-duncan
9632,0,10,Nemoden
9633,0,372,Ocramius
9634,0,6,srikanthpagadala
9635,0,11,DovAmir
9636,0,1,YaLunDong
9637,0,21,awkwardusername
9638,0,28,eduardofg87
9639,0,23,Mariusmarten
9640,0,24,furf
9641,0,3,stecaron
9642,0,14,maskzh
9643,0,3,CarlosCondor
9644,0,6,ryanfeng
9645,0,44,tcr
9646,0,1,BobWalsh
9647,0,4,hivandu
9648,0,2,Gemicat
9649,0,3,omerzach
9650,0,33,ndbroadbent
9651,0,1,Jiajie-Mei
9652,0,4,kwonmha
9653,0,1,jessdaubner
9654,0,7,rockinbinbin
9655,0,3,qifanaliceyang
9656,0,26,luisdalmolin
9657,0,19,ispdnn
9658,0,10,jrvlima
9659,0,1,anthonymorast
9660,0,1,es5es5
9661,0,2,jezhou
9662,0,12,WrRan
9663,0,4,pedbarros
9664,0,7,gustavosotnas
9665,0,2,HiroIshikawa
9666,0,114,HenryLansang
9667,5,2,tathagatnawadia
9668,0,8,diaosj
9669,0,1,riturajkaushik
9670,0,5,collinstevens
9671,0,3,peterson3
9672,0,7,palanceli
9673,0,1,crazykun
9674,0,2,josueochoa
9675,0,4,oSimonXiaOo
9676,0,9,erwinwahyura
9677,0,146,song940
9678,0,17,patrickod
9679,0,2,danielstpaul
9680,0,7,michniewicz
9681,0,3,GnaneshKunal
9682,0,9,Samhanx
9683,0,1,liyemei
9684,0,2,fedecaccia
9685,0,13,perplexes
9686,0,1,maciej-zywno
9687,0,4,emilmork
9688,0,36,gillesdemey
9689,0,29,Yaccc
9690,0,5,Nasaakaa
9691,0,3,liejiayong
9692,0,6,naijab
9693,0,3,Tyraelone
9694,0,33,dvinciguerra
9695,0,9,cham11ng
9696,0,6,alchemz
9697,0,8,sandeshdamkondwar
9698,0,17,FabianTerhorst
9699,0,1,mvid
9700,0,1,halfdanrump
9701,0,4,alessandrodias
9702,0,6,Intellicode
9703,0,3,bruunoromero
9704,0,2,codelibra
9705,0,74,SaraJo
9706,0,13,Michaeljian
9707,0,18,skorasaurus
9708,0,1,lcyan
9709,0,25,9chu
9710,0,14,shenoudab
9711,0,9,lunaroja
9712,0,1,MacsDickinson
9713,0,19,poodarchu
9714,0,3,kudapara
9715,0,2,ZengChen94
9716,0,4,swapnil96
9717,0,3,Ramshackle-Jamathon
9718,0,19,romanitalian
9719,0,24,dynamicguy
9720,0,6,adrianosilvavianna
9721,0,111,tigerneil
9722,0,40,rmm5t
9723,0,1,dalazaro
9724,0,2,mcloide
9725,0,20,gmftbyGMFTBY
9726,0,1,ademar
9727,0,106,hyper0x
9728,0,1,barrylachapelle
9729,0,11,amutu
9730,0,19,alexfernandez
9731,0,17,4096void
9732,0,3,kcavagnolo
9733,0,4,MiceLiD
9734,0,1,JamesNimlos
9735,0,2,edgar4
9736,0,8,daveredrum
9737,0,32,jasonjb82
9738,0,3,CoderPat
9739,0,4,huangwenming
9740,0,3,AngusMonroe
9741,0,1,sjmatta
9742,0,4,mexpolk
9743,0,8,NickKartha
9744,0,7,guidorice
9745,0,9,leeir
9746,62,2,samehamin
9747,0,43,betatim
9748,0,45,mahnerak
9749,0,2,murphymatt
9750,0,18,kanenas
9751,0,5,sendtion
9752,0,32,demidovakatya
9753,0,3,davidmsibley
9754,0,3,avikj
9755,0,26,miqianmimi
9756,0,18,agasigp
9757,0,17,abhiskk
9758,0,6,filipesilvaa
9759,0,8,james-prado
9760,0,7,fsrocha-dev
9761,0,99,chenshenhai
9762,0,2,Judoka4662
9763,0,3,lalomts
9764,0,3,lschuermann
9765,0,2,chrisbrady
9766,0,75,allenwong
9767,0,5,johncalistro
9768,0,2,ajzeigert
9769,0,33,matheustguimaraes
9770,0,4,nullbio
9771,0,11,joao-parana
9772,0,4,Tutorgaming
9773,0,7,brodenbeck
9774,0,4,romansavrulin
9775,0,3,amrigo
9776,0,2,jczzq
9777,0,64,plusjade
9778,0,3,asbjorn
9779,0,9,KemalEmirhan
9780,0,477,matiasinsaurralde
9781,0,1,davidsivocha
9782,0,4,oteroweb
9783,0,5,PrashanthSuriyanarayanan
9784,0,3,bobby569
9785,0,13,makeclan
9786,0,7,TomHoss
9787,0,17,rahulkumaran
9788,0,3,arthurazs
9789,0,12,relign
9790,0,8,KrisCheng
9791,0,8,bipin000
9792,0,6,SadiqUltra
9793,0,7,phoenixg
9794,85,2,AuspeXeu
9795,0,2,dargaCode
9796,0,2,Asgator
9797,0,9,Gorniv
9798,0,23,gkatsev
9799,0,28,DanielMSchmidt
9800,0,1,relaxcoredev
9801,0,2,pascalgagneur
9802,0,2,banterweb
9803,0,30,BasilArackal
9804,0,3,aditya7iyengar
9805,0,3,miccpalmer
9806,0,23,rafaelkendrik
9807,41,2,spidergears
9808,0,5,malsf21
9809,0,7,Marcos-Costa
9810,0,7,mazicwong
9811,0,20,luanorlandi
9812,0,104,Skykai521
9813,0,7,flybayer
9814,0,30,linmx0130
9815,229,1,bvasilop
9816,0,1,CharlesNaylor
9817,0,24,tiagomartinho
9818,0,8,Spriz
9819,0,31,strawb3rryx7
9820,0,5,m8urnett
9821,0,2,duboff
9822,0,1,adiroiban
9823,0,15,olpeh
9824,0,7,chibani
9825,0,25,CN-Tower
9826,0,21,5hirish
9827,0,23,teepluss
9828,0,2,byronrode
9829,0,1,ike35
9830,180,4,esigler
9831,0,1,ekntrtmz
9832,0,14,TakenPilot
9833,0,1,deepakkoirala
9834,0,118,leereilly
9835,0,36,thoas
9836,0,9,MouadBH
9837,0,8,BrianGenisio
9838,0,4,manoj1995madushanka
9839,0,25,Rajkumarmagar
9840,0,8,mujjingun
9841,0,10,fokion
9842,0,2,ddnode
9843,0,3,Dekken
9844,0,1,jasonzhao0307
9845,0,4,Nanyte25
9846,0,8,ninedreams
9847,0,18,davidgatti
9848,0,10,ASMlover
9849,0,4,M16
9850,0,6,colonelpopcorn
9851,0,10,basdog22
9852,0,24,fprochazka
9853,0,1,ahester57
9854,0,18,Aniruddha-Tapas
9855,0,4,b4dnewz
9856,0,5,YongWookHa
9857,0,1,linzeqipku
9858,0,10,plant99
9859,0,7,hnryjms
9860,0,1,HiGregory
9861,0,7,codlife
9862,0,17,CoderMaggie
9863,0,3,leekad
9864,0,10,Douglas-Marques
9865,0,8,BruceWangNo1
9866,0,5,brzyang
9867,0,1,surafelml
9868,0,8,mrmorais
9869,0,12,padi
9870,0,53,nobodyiam
9871,0,7,amirfrsd
9872,0,3,JimmyDaSilva
9873,0,1,Michal-lis
9874,0,3,amansulaiman
9875,0,23,chuanfe
9876,0,46,jpuri
9877,0,8,gkjohnson
9878,0,3,AakashSYadav
9879,0,2,royalmitten
9880,0,22,codyaverett
9881,0,6,1021683053
9882,0,7,themucha
9883,0,9,raisezhang
9884,0,7,kong36088
9885,0,2,jkulak
9886,0,7,jonathan-g
9887,0,45,AshV
9888,0,14,VieVie31
9889,0,13,emilpetkov
9890,0,3,arajkumar
9891,0,29,calee0219
9892,0,5,nvminhtu
9893,0,29,rennan
9894,0,1,patosullivan
9895,0,7,hank9cao
9896,0,6,Otann
9897,0,8,aleksraiden
9898,0,3,Ekta3012
9899,0,2,fakande
9900,0,4,9262981
9901,0,2,inonjs
9902,0,23,ptomasroos
9903,0,4,deneuv34
9904,0,6,snaigle
9905,0,1,ottosichert
9906,0,37,iltercengiz
9907,0,94,lzwjava
9908,0,14,adunkman
9909,0,3,fullstackman
9910,0,20,nanhupatar
9911,0,6,hellolwq
9912,0,5,kadriyedogan
9913,0,2,ricardo-0x07
9914,0,4,SailCPU
9915,0,3,krutikabapat
9916,0,1,JCly-rikiu
9917,0,15,BouncyElf
9918,0,1,arunitgupta
9919,0,75,Damao
9920,0,33,lzhbrian
9921,0,39,roblarsen
9922,0,21,teemak
9923,0,10,ksdme
9924,0,2,amrtaher1234
9925,0,3,neksa
9926,0,1,hxl9654
9927,0,1,davidtran641
9928,0,22,ammarfaizi2
9929,0,3,lcamposgarrido
9930,0,3,feifeibear
9931,0,5,mariosant
9932,0,1,Marvinsky
9933,0,21,mzdr
9934,0,2,cheekujodhpur
9935,0,9,kagaya85
9936,0,132,hrbrmstr
9937,0,3,ZloeSabo
9938,0,3,ChrisWiles
9939,0,4,prohf
9940,0,17,leonelhrp
9941,0,19,steobrien
9942,0,16,int3rlop3r
9943,0,1,ChanMo
9944,0,1,gcmatos
9945,0,22,lcddhr
9946,0,4,glitchtank
9947,0,34,lionrock
9948,0,1,connormakh
9949,0,2,firatoltulu
9950,0,21,ggoomggoo
9951,0,1,fengxiaoyue
9952,0,4,fk2000
9953,0,3,masterrco
9954,0,7,mengjiaqi
9955,0,111,TimothyGu
9956,0,3,Aturan
9957,0,17,naodai
9958,0,20,SilvaEmerson
9959,0,11,omarduarte
9960,0,4,cgsmith
9961,0,21,hq5544
9962,0,4,kalperen
9963,0,3,huli
9964,0,17,dpetzold
9965,0,1,mfiels
9966,0,10,pkraison
9967,0,3,Entropy-xcy
9968,0,4,tech4GT
9969,0,5,andybb
9970,0,5,sshleifer
9971,0,3,mrkfn
9972,0,16,roshni-b
9973,0,1,jgmcelwain
9974,334,2,Ghitu
9975,0,27,midorikocak
9976,0,9,saschb2b
9977,0,8,gauravds
9978,0,2,guilnorth
9979,0,3,ondrejba
9980,0,18,NeerajSarwan
9981,0,62,Pines-Cheng
9982,0,6,ahsio
9983,0,7,MatheusFreitag
9984,0,52,onyxfish
9985,0,14,JeffShomali
9986,0,5,mdeggies
9987,0,9,TatsuyaShirakawa
9988,0,15,liuzuil
9989,0,1,Shard
9990,0,1,allanguys
9991,34,3,lovygit
9992,0,6,mariusv
9993,0,4,emmetdel
9994,0,5,avilano
9995,0,66,janakhpon
9996,0,8,denpalrius
9997,0,12,lijunjieone
9998,199,2,leocvml
9999,0,6,ArsalaBangash
10000,0,16,ratul0
10001,0,1568,ronenhamias
10002,0,38,scriptnull
10003,0,11,firatyenidunya
10004,0,5,nickethier
10005,0,9,rlvdx
10006,0,1,Sikurity
10007,0,33,greatabel
10008,0,4,thousight
10009,0,6,LogansUA
10010,0,2,shupiankuaile
10011,0,1,omgannie
10012,0,25,RickCogley
10013,0,2,jyzhang-bjtu
10014,0,8,OTL
10015,0,31,jacquestardie
10016,0,24,lesterchan
10017,0,4,dahnielkim
10018,0,1,kunalkamble
10019,0,1,ivanpp
10020,0,13,argenisleon
10021,0,8,marcosvlima
10022,0,8,ShawnBIT
10023,0,5,15307130116
10024,0,4,kristijanbambir
10025,0,31,digitarald
10026,0,1,danielwaltz
10027,0,1,Xin-Zheng
10028,0,1,592692070
10029,0,1,1033020837
10030,0,7,frontend-3
10031,0,11,lulalachen
10032,0,4,HemingTai
10033,0,3,grodrigues3
10034,0,29,qcoreteam
10035,0,1,gongshw
10036,0,14,dotproto
10037,0,1,girlslearningcodeyul
10038,0,3,JohanMa4
10039,0,14,alexchicn
10040,0,1,Yogurtla
10041,0,4,quanshengwu
10042,0,1,lucasltv
10043,0,18,krishna2nd
10044,0,10,gamingumar
10045,0,2,TracyNgot
10046,0,2,JoyeBright
10047,0,17,igor-alexandrov
10048,0,5,gangiman
10049,0,2,nocity
10050,0,4,ScottONeal
10051,0,2,RikieriSartor
10052,0,3,ialhamad
10053,0,6,ashwin31
10054,0,2,lucasrafagnin
10055,0,8,munizeverton
10056,0,22,hongyu315
10057,0,12,coderkevin
10058,0,8,tarunbatra
10059,0,1,aM3z
10060,0,71,nduas77
10061,0,7,chrismetcalf
10062,0,1,evisoft
10063,0,22,fixe
10064,0,4,lemchen
10065,0,2,mattiasj
10066,0,6,phraniiac
10067,0,47,carlos8f
10068,0,9,iFiring
10069,0,1,IrinaMax
10070,0,1,Wbrta
10071,0,85,DylanPiercey
10072,0,30,saylestyler
10073,0,1,4074
10074,0,22,blueandhack
10075,0,2,FabioLanzi
10076,0,3,burkaydurdu
10077,0,7,linfaimom
10078,0,7,Vishesh-Gupta
10079,0,3,KingJA
10080,0,558,indrajithbandara
10081,0,83,hiroppy
10082,0,8,tanklin
10083,0,2,JasonZHM
10084,0,1,Dohxis
10085,0,20,WarpPrism
10086,0,15,Origheart
10087,0,43,davidalves1
10088,0,1,lauro-cesar
10089,0,5,slonoed
10090,0,2,mlpassos
10091,0,26,arzola
10092,0,1,shadowwalker
10093,0,13,chuckreynolds
10094,0,8,opyate
10095,0,6,sharpred
10096,0,6,leandro-almeida
10097,0,2,leyiwang
10098,0,4,kuhel
10099,0,2,mofhu
10100,0,25,lmangani
10101,0,37,ofek
10102,0,22,justinushermawan
10103,0,17,firefly1126
10104,0,4,patotoma
10105,0,10,ngo275
10106,0,3,StefanoCecere
10107,0,2,Seancheey
10108,0,16,Mensyne
10109,0,54,kefzce
10110,0,21,ikwattro
10111,0,18,kazunori279
10112,0,17,amallia
10113,0,11,erlend-sh
10114,0,16,subhojit777
10115,0,2,nathanjdunn
10116,0,2,qbob
10117,0,48,hkulekci
10118,0,21,becxer
10119,0,2,harshagrwl
10120,0,9,sahilm
10121,0,6,samuelcotterall
10122,0,4,shenpvip
10123,0,7,sudohello
10124,0,19,slankdev
10125,0,17,shemul
10126,0,24,LenKIM
10127,0,9,WA9ACE
10128,0,13,gjlacerda
10129,0,5,jvgreenaway
10130,0,10,Kartikvenkat98
10131,0,3,alexfqc
10132,0,8,ravelmello
10133,0,14,lsvih
10134,0,7,LukeTowers
10135,0,2,2sin18
10136,0,3,albertvp
10137,0,8,alvis
10138,0,4,ro6ley
10139,0,8,starduliang
10140,0,1,avi0gaur
10141,0,2,NathanBWaters
10142,0,13,joshua-scott
10143,0,19,KengoTODA
10144,0,7,mloberg
10145,0,7,B2BProgrammer
10146,0,7,calbertts
10147,0,33,aminukano585
10148,0,3,naggie
10149,0,1,flairyu
10150,0,10,qiaoin
10151,0,1,davidmaneuver
10152,0,8,hoshinotsuyoshi
10153,0,4,jonotron
10154,0,158,Wyntau
10155,0,7,thak123
10156,0,5,Utkarshnamdeo
10157,0,5,MJGao
10158,0,5,Ivan97
10159,0,10,huangsam
10160,0,6,kschrader
10161,0,9,duoduo369
10162,0,2,martinbcg
10163,235,2,J2TeamNNL
10164,0,24,WesSouza
10165,0,1,rtucek
10166,0,16,Kento75
10167,0,1,agungsb
10168,0,5,jawahar273
10169,0,1,Vardiak
10170,0,1,ArticSeths
10171,0,1,localdisk
10172,0,3,sdli
10173,0,13,guivr
10174,0,1,jiminkk
10175,0,41,LawlietZe
10176,0,10,cjkoepke
10177,0,1,notus629
10178,0,5,adarqui
10179,0,34,elyor0529
10180,0,6,jeetgangele
10181,0,1,jefjabs
10182,0,18,michaelcarrano
10183,0,3,chandra10207
10184,0,21,j5ik2o
10185,0,5,jiezai-cbd
10186,0,3,pcgreat
10187,0,2,kindlychung
10188,0,13,gvsharma
10189,0,1,liuxing3169
10190,0,1,htigrett
10191,0,1,snetts
10192,0,14,shianqi
10193,0,10,sachaos
10194,0,3,igor-lemon
10195,0,10,jonpday
10196,0,9,1999
10197,0,2,MLDOliveira
10198,0,5,noodle-xia
10199,0,1,jogi
10200,0,1,scammo
10201,0,8,ajaymodi
10202,0,4,HevLfreis
10203,0,1,pytong
10204,0,35,madbence
10205,302,1,martinferianc
10206,0,8,kostyaev
10207,0,9,brunoneve
10208,0,6,basemkhirat
10209,0,51,Andrew-liu
10210,0,2,mikesol
10211,0,1,chaiyiping
10212,0,3,VeN
10213,0,1,mbukosky
10214,0,13,jzhang300
10215,0,12,Kevin170113664
10216,0,3,dldx
10217,0,3,KamelAbdelouahab
10218,0,5,liduanwei
10219,0,37,marcospereira
10220,0,66,lnfnunes
10221,0,3,DilicelSten
10222,0,1,D1N910
10223,0,14,MatthewCallis
10224,0,26,thanhleviet
10225,0,1,gaperton
10226,0,9,the1sky
10227,0,10,rookiefly
10228,0,8,gupuru
10229,0,13,algope
10230,0,6,johnbarrierwilson
10231,0,3,mariotoledo
10232,0,1,nivaldogmelo
10233,0,3,matux
10234,0,5,leandroagudelo189
10235,0,11,krasnoukhov
10236,0,4,gegaojian-richard
10237,0,1,JavierRodriguez78
10238,0,2,mgogoulos
10239,192,1,ryanstull
10240,0,18,praveendath92
10241,0,25,motyar
10242,0,5,paraofheaven
10243,0,22,thomasjo
10244,0,4,ilyasjabar
10245,0,4,BrunoQuaresma
10246,0,2,MicroDroid
10247,0,6,MD-AZMAL
10248,0,2,doodeec
10249,0,5,delong45
10250,0,1,rakshithvasudev
10251,0,4,ihaichao
10252,0,11,ANTON072
10253,0,1,bhanu13
10254,0,4,miscbits
10255,0,4,loverdeveloper
10256,0,1,douglaslise
10257,0,9,Karn
10258,0,6,kmui2
10259,0,2,Rohithzr
10260,0,10,rootulp
10261,0,3,dan-lennox
10262,0,1,AbhishekKumar4
10263,0,3,nuttapolkung
10264,0,2,devmohamedamr
10265,0,2,gcrsaldanha
10266,0,12,j-rewerts
10267,0,29,codeforgeek
10268,0,1,Salihan04
10269,0,5,codeheadshopon
10270,0,1,mattehicks
10271,0,79,VitorLuizC
10272,0,9,de-sh
10273,0,1,soyoes
10274,0,8,justinph
10275,0,4,fatihalp
10276,0,2,ChaitanyaPramod
10277,0,4,lowply
10278,0,6,Jack3113
10279,0,3,riseno
10280,0,8,jonatascastro12
10281,0,53,SaitoWu
10282,0,3,oogatta
10283,0,7,WandersonAlves
10284,0,22,theharveyz
10285,0,1,fingerskier
10286,0,3,AshwiniSwain
10287,0,10,lucidstack
10288,0,6,Kirshry
10289,0,69,skt-t1-byungi
10290,0,7,kyungkoo
10291,0,9,BookGin
10292,0,3,okasakihiro
10293,0,11,danmalarkey
10294,0,2,lmiguelvargasf
10295,0,33,OscarGodson
10296,0,7,saurabhkhattry
10297,0,22,FanhuaandLuomu
10298,0,2,orhanbhr
10299,0,4,ejalee
10300,0,6,engma
10301,0,4,BackWorld
10302,0,2,aliyesilkanat
10303,0,2,glennliu
10304,0,22,iaincollins
10305,0,8,TobiasNickel
10306,0,2,asakpke
10307,0,1,jonlunsford
10308,0,8,schnogz
10309,0,12,mokkabonna
10310,0,1,Surzhikov
10311,0,1,Alien-nick
10312,0,1,fno2010
10313,0,1,chgrivas
10314,0,3,Avolons
10315,0,10,dgyesbreghs
10316,0,4,KodkodGates
10317,0,13,alexandresaiz
10318,0,3,bassrock
10319,0,2,henrikakselsen
10320,0,29,godfat
10321,0,1,elliotlanderson
10322,0,2,cdcabrera
10323,0,7,dye784
10324,0,5,Michael-Gong
10325,0,1,Shukl
10326,0,1,Arka161
10327,0,5,cyf-gh
10328,0,11,JadeTao
10329,0,65,blixt
10330,0,9,tianxin1860
10331,0,10,buck3000
10332,0,95,eiriklv
10333,0,1,k42jc
10334,0,1,charlie-volpe
10335,0,4,seantcoyote
10336,0,2,E-Samuel
10337,0,18,qinhanmin2014
10338,0,20,kranthilakum
10339,0,2,NuarkNoir
10340,0,14,CJohnDesign
10341,0,5,happyhj
10342,0,19,rbqdev
10343,0,11,bquast
10344,0,3,GengGao
10345,0,12,bskim45
10346,0,7,allyson316
10347,0,104,juzhiyuan
10348,0,8,kastentx
10349,0,11,cameronfabbri
10350,0,2,djreed
10351,0,5,lqbilbo
10352,0,76,ergenekonyigit
10353,0,14,krig
10354,0,4,imingyu
10355,0,2,DongdongBai
10356,0,10,bfwg
10357,0,1,flaport
10358,0,6,HeinThuraWynnn
10359,0,14,mailtoharshit
10360,0,11,deanblackborough
10361,0,11,chrischien
10362,0,1,Kamilnaja
10363,0,2,patrickdevivo
10364,0,4,Libertual
10365,0,11,ahmadshah
10366,0,11,pronix
10367,0,13,maur8ino
10368,0,1,michalchmura
10369,0,3,gakaki
10370,0,4,luhof
10371,0,2,Romop5
10372,0,40,stefanv
10373,0,24,shenshanlaoyuan
10374,0,4,NicoleRobin
10375,0,3,heyoni
10376,0,1,hiercelik
10377,0,1,karminkarmen
10378,0,19,XiqingLiu
10379,0,5,shaialon
10380,0,2,purnomoeko
10381,0,2,fumengyao5544
10382,0,25,cgspine
10383,0,1,birdyboy18
10384,0,5,smadha
10385,0,4,asabaylus
10386,0,2,thedustin
10387,0,2,thonly
10388,0,4,PavelJurasek
10389,0,15,latexstudio
10390,0,1,Jasmine1231
10391,0,8,achacond
10392,0,10,jorgechato
10393,0,2,kevin-zhaoshuai
10394,0,7,AmrodSeregon
10395,258,2,GAONNR
10396,0,4,arapat
10397,0,102,Glavin001
10398,0,3,gurghet
10399,0,1,cg15
10400,0,2,Dougley
10401,0,20,ZiyueHuang
10402,0,126,jlevy
10403,0,249,terkelg
10404,0,1,lolafarinas
10405,0,2,Hskye
10406,0,11,idist-hn
10407,0,13,TigerHix
10408,240,2,FilipeVoges
10409,0,4,LiamLiang
10410,0,21,blessingoraz
10411,0,1,hiteshnayak305
10412,0,8,mayank-17
10413,0,4,Flukas88
10414,0,1,hv15
10415,0,48,stoeffel
10416,0,49,sikachu
10417,0,12,fernanDOTdo
10418,0,2,maximn
10419,0,5,theflofly
10420,0,1,Heeby
10421,0,4,Topthinking
10422,0,7,sathwikcm
10423,0,1,afief
10424,0,36,gyliu513
10425,0,9,tdgunes
10426,0,3,dungpt3003
10427,0,53,kjhealy
10428,0,1,ExPixel
10429,0,10,simplepeng
10430,0,3,ajccom
10431,0,27,dayvson
10432,0,5,ocorso
10433,0,2,7ylee
10434,0,19,taegon
10435,0,15,KenanSulayman
10436,0,3,gaozhidf
10437,0,3,TangMonk
10438,0,18,iamoperand
10439,0,2,roberttwomey
10440,0,27,stearruda
10441,0,20,eneko
10442,0,1,MiloCasagrande
10443,0,12,HyanCat
10444,0,50,tatsuyah
10445,0,5,joshmarlow
10446,0,11,evandrododo
10447,0,2,KMnP
10448,0,1,shineshore
10449,0,15,ddossot
10450,0,8,tilast
10451,0,12,nguyenquangtin
10452,0,3,jeraldrich
10453,0,1,shawlu95
10454,0,1,geeklive
10455,0,8,mrjerryli
10456,0,108,davglass
10457,0,4,akinolu52
10458,0,1,elijahmurray
10459,0,52,qiujuer
10460,0,4,extwiii
10461,0,3,autocyz
10462,0,7,nursnaaz
10463,0,2,stoplion
10464,0,10,gavinfish
10465,0,3,XilongPei
10466,0,33,ConsoleTVs
10467,0,3,christophermayfield
10468,0,3,navjotdhanawat
10469,44,2,mdelhey
10470,0,6,lukencode
10471,0,2,islamozbek
10472,0,9,jensechu
10473,0,7,niklaskorz
10474,0,7,joshbeitler
10475,0,3,RodrigoSaint
10476,0,2,PancakeAwesome
10477,0,7,Simpleyyt
10478,0,8,MarcioFWeb
10479,0,20,kaidesu
10480,0,13,Guactoshi
10481,0,6,davebarnwell
10482,0,11,cristofersousa
10483,0,5,gongeek
10484,0,5,DamienDoumer
10485,0,2,dominickp
10486,0,5,msasikanth
10487,0,84,koistya
10488,0,42,ShanaMaid
10489,0,6,sjones6
10490,0,1,jshamley
10491,0,1,WadsonGarbes
10492,0,5,JianLoong
10493,0,8,gusaiani
10494,0,36,akasranjan005
10495,0,2,lavong
10496,0,36,abbshr
10497,0,33,lionsoul2014
10498,0,2,juliosouzam
10499,0,1,kokobing
10500,0,2,paulbalogh
10501,0,9,jcinis
10502,0,2,rockymanobi
10503,0,53,ragnraok
10504,0,3,breuerfelix
10505,0,1,ranasheel2000
10506,0,46,Italoa2015
10507,0,1,sushilk1991
10508,0,12,gringogidget
10509,0,20,raykle
10510,0,93,r9y9
10511,0,2,proin
10512,0,3,jonathanrocher
10513,0,10,joeltonmats
10514,0,6,bankorh
10515,0,8,jiminycricket
10516,0,4,jasonwei20
10517,0,21,meleantonio
10518,0,6,ThomasGreiner
10519,0,4,amosbird
10520,0,10,ejoebstl
10521,0,35,kleicht
10522,0,1,sylvao08
10523,0,11,kirb
10524,0,3,calmandniceperson
10525,0,2,jackkoppa
10526,0,2,busyboxs
10527,0,17,braian125
10528,0,130,stone-jin
10529,0,2,ambikarajbadal
10530,0,1,kevgao
10531,0,34,ViniciusAugusto
10532,0,26,AshikNesin
10533,0,1,kiselev1189
10534,0,4,ashfanahamed
10535,0,14,alexandre
10536,0,15,Tofull
10537,0,5,Linell
10538,0,5,TaeJoongYoon
10539,0,3,HonestmanChen
10540,0,4,renestalder
10541,0,15,csjunxu
10542,0,3,omidkh68
10543,0,45,runc
10544,0,12,mateusfreira
10545,0,7,andrewjamesford
10546,0,62,Hermanya
10547,0,5,jojuniori
10548,0,2,futan
10549,0,4,qkdreyer
10550,0,23,S-Co
10551,0,1,jcezarms
10552,0,18,giosakti
10553,0,1,gaithoben
10554,0,2,frdiniz
10555,0,6,kleberandrade
10556,0,1,asadhaider
10557,0,24,robert-chiniquy
10558,0,4,chashikajw
10559,0,48,mopig
10560,0,3,Akasky70
10561,0,16,leblancfg
10562,0,4,andrewcpacifico
10563,0,2,shannonjen
10564,0,9,AmruthPillai
10565,0,5,emushtaq
10566,0,3,SuryodayBasak
10567,0,12,finaldie
10568,0,493,mcollina
10569,0,5,huangtao00
10570,0,15,alustau
10571,0,4,danielqsj
10572,0,1,Pham3n
10573,0,9,luizguilhermefr
10574,0,61,Carnival7
10575,0,22,serkanalgur
10576,0,7,michaelneale
10577,0,7,joseadilson
10578,0,6,junchenfeng
10579,0,5,SomeHats
10580,0,2,anoopms1988
10581,0,9,devetude
10582,0,11,estliberitas
10583,0,7,feaswcy
10584,0,4,huangsanshi
10585,0,17,RicoSuter
10586,0,1,leemcd56
10587,0,33,butchewing
10588,0,7,mewfree
10589,0,39,sunshineatnoon
10590,0,7,matheusportela
10591,0,28,ooade
10592,0,18,ashkanRmk
10593,0,34,tayfunoziserikan
10594,0,40,erikfig
10595,0,1016,daimajia
10596,0,4,kyleludlow
10597,192,2,mullanaphy
10598,0,2,atrujillofalcon
10599,0,2,mwalkerwells
10600,0,6,mrkem598
10601,0,24,MaxMilton
10602,0,9,meikidd
10603,0,12,AakashMallik
10604,0,4,dingcang
10605,0,13,alex2wong
10606,0,5,mavidser
10607,0,2,gattia
10608,0,4,benjaminbixby
10609,0,97,goldsborough
10610,0,4,johnnysparks
10611,0,3,FlowingSPDG
10612,0,2,rodineicosta
10613,0,11,djinn
10614,242,2,quhailong
10615,0,6,eorroe
10616,0,3,mbbender
10617,0,4,ELD
10618,22,3,Emethium
10619,0,1,Versoo
10620,0,14,huybery
10621,0,7,haocong
10622,0,2,BrennanJones
10623,0,8,puffsun
10624,0,1,graycarl
10625,0,5,KuoHaoZeng
10626,0,4,hprezia
10627,0,5,melkir
10628,0,6,Dashron
10629,0,1,stephanvierkant
10630,0,2,styree
10631,0,68,Binlogo
10632,0,3,christhekeele
10633,0,6,jetmuffin
10634,0,8,romshark
10635,0,3,lucianlature
10636,0,67,rahmatcmos
10637,0,11,petermartigny
10638,0,16,hoangduchuu
10639,0,7,bgadrian
10640,0,3,mknorps
10641,0,7,caseyWebb
10642,0,4,corcoran
10643,0,3,boxlab
10644,0,4,SkouRene
10645,0,1,maslovw
10646,0,1,thanhtv2
10647,0,4,aelnouby
10648,0,1,joncodo
10649,0,1,GianlucaPaolocci
10650,0,12,ThatToti
10651,0,7,blogcin
10652,0,2,jagadeeshpalaniappan
10653,85,2,naunauyoh
10654,0,3,dewinterjack
10655,0,10,prp1277
10656,0,8,rffensick
10657,0,19,mpadge
10658,0,12,patrickmonteiro
10659,0,1,ndkline
10660,0,92,philferriere
10661,0,2,evanezcent
10662,0,16,aggarwalpulkit596
10663,0,31,rfviolato
10664,0,1,Knlsharma
10665,0,3,nsdevaraj
10666,0,14,maiordom
10667,0,8,davidyen1124
10668,0,3,KevinsBobo
10669,0,1,renderlife
10670,0,1,ridesky
10671,0,9,SASUKE40
10672,0,1,bnolens
10673,0,9,dwbutler
10674,243,2,WanNJ
10675,0,2,pollonium
10676,0,3,navonacalarco
10677,0,19,maichanchinh
10678,0,7,boddicheg
10679,0,3,jiyonghong
10680,0,1,ningxia
10681,0,15,leonchen83
10682,0,7,mathcale
10683,0,5,EdwardGoomba
10684,0,8,dengwb1991
10685,0,75,potato4d
10686,0,14,AndreaOrru
10687,0,8,cssoul
10688,0,6,hamadatakaki
10689,0,77,dav009
10690,0,3,saidbouig
10691,0,4,NoJsJa
10692,0,44,dingyi
10693,0,22,RayeRen
10694,0,2,Gulshan-gaur
10695,0,4,matthewhuff89
10696,0,2,ricgu8086
10697,0,1,happylin0x29a
10698,0,10,kostandinang
10699,0,2,odelrio
10700,0,5,adebayo-maborukoje
10701,0,4,RubenGuerrero
10702,160,2,bramwillemse
10703,0,53,ap229997
10704,0,10,mai92
10705,0,1,muarine
10706,0,21,CEOehis
10707,0,17,adohe
10708,0,1,DQ0408
10709,0,11,daerduoCarey
10710,0,10,podarok
10711,0,7,linsamtw
10712,0,44,herrmannplatz
10713,0,61,bytebook
10714,0,1,ezra-obiwale
10715,0,20,koringz
10716,0,12,CreaModZ
10717,0,13,owendall
10718,231,2,huangjiu
10719,0,7,mattpardee
10720,0,2,anglepoised
10721,0,10,Link913
10722,0,3,ddawx123
10723,0,3,jcanelis
10724,0,4,nigarcia88
10725,0,5,intrepidkarthi
10726,0,3,houssamzenati
10727,0,13,colin1994
10728,0,1,paterlinimatias
10729,0,7,DoisLucas
10730,0,4,FLHonker
10731,0,6,marlonfurtado
10732,0,1,PauloRui
10733,0,17,eltonlaw
10734,0,11,RobusGauli
10735,0,3,huynhpeter
10736,0,4,alanpcurrie
10737,0,123,frogoscar
10738,0,11,samstefan
10739,0,17,lijinke666
10740,0,37,lutfuyucel
10741,30,1,QuynhND
10742,0,9,andweeb
10743,0,78,kiranshahi
10744,0,19,chrisdemars
10745,0,4,noiges
10746,0,26,ermik
10747,0,2,AuroraDysis
10748,0,18,felipekm
10749,0,2,abenchi
10750,0,1,HaotMan
10751,0,3,bit1002lst
10752,0,1,nidhitvaishnav
10753,0,2,arturogutierrez
10754,0,18,sHilgert
10755,0,6,Pr0duktiv
10756,0,4,sauercrowd
10757,0,19,jangdelong
10758,0,2,lordstone
10759,0,8,theY4Kman
10760,0,1,frankcaron
10761,0,87,ljmf00
10762,0,8,danigosa
10763,0,1,goooodday
10764,0,57,cfsghost
10765,0,5,tiago-pereira
10766,0,2,Araraki
10767,0,4,jamqd
10768,0,2,kurechon
10769,0,1,chenyuanqi
10770,0,4,BingKui
10771,0,1,harkon
10772,0,29,abhinavralhan
10773,0,2,aneesv
10774,31,2,jg-you
10775,0,6,kwzm
10776,0,12,JJ81
10777,0,1,syedaraza
10778,0,5,liumin1128
10779,0,1,delabassee
10780,0,5,aryasadeghy
10781,0,8,allejo
10782,0,6,michelole
10783,0,7,fyddaben
10784,0,7,rs0x29a
10785,0,16,enginebai
10786,0,8,kaunteya
10787,0,16,htmlk
10788,0,17,samchon
10789,0,4,marykatefain
10790,0,9,PeterMu
10791,0,1,rishabmps
10792,0,14,thecb4
10793,0,3,philperusse
10794,0,82,ZoomQuiet
10795,0,3,mintsweet
10796,0,2,jlongtine
10797,0,8,subblue
10798,0,1,Metroxe
10799,0,34,mpeshev
10800,0,1,deepaksisodiya
10801,0,6,mamigot
10802,0,10,CristianAmbrosi
10803,0,24,suwoncjh
10804,0,5,HRLTY
10805,0,13,ducin
10806,193,2,ericbfriday
10807,0,2,josearmandojacq
10808,0,10,caichangqi
10809,0,5,cbastasini
10810,0,8,nausheenfatma
10811,0,6,growdigital
10812,0,4,chrismaltais
10813,0,5,modalsoul0226
10814,0,2,paradoxinversion
10815,0,6,mrnair
10816,0,6,ayozebarrera
10817,0,16,haikyuu
10818,0,6,Humoyun
10819,0,1,ashkamath
10820,0,5,HanwGeek
10821,0,32,JEFworks
10822,0,3,Mytherin
10823,0,3,fieldju
10824,0,2,steadyzeus
10825,0,7,ljqcava
10826,0,17,HSUCHING
10827,0,120,kmanley
10828,0,2,kyronrz
10829,0,6,Eagles2F
10830,0,571,mikeal
10831,0,4,opensaucedeveloper
10832,0,5,Plopix
10833,0,4,alanchavez88
10834,0,7,pauldo
10835,0,5,lykaust15
10836,0,6,LegendLeo
10837,0,4,lch14forever
10838,0,7,rtroncy
10839,0,6,t0t
10840,0,184,cheeaun
10841,0,27,ricardohuang81
10842,0,3,Xesenix
10843,0,5,seesemichaelj
10844,0,6,Youpinadi
10845,0,9,sinhaDroid
10846,0,5,brebory
10847,0,7,redstrike
10848,0,1,chwshuang
10849,0,19,evanshortiss
10850,0,47,desmondmorris
10851,0,6,nan0755
10852,0,5,oskopek
10853,0,2,meenxio
10854,0,20,Jie-Yuan
10855,0,8,HakuLess
10856,0,27,marcusmonteiro
10857,0,2,Niranjan-B
10858,0,2,Modnars
10859,0,15,leogopal
10860,0,6,himyfairy
10861,0,2,akmadian
10862,0,5,ZhangMYihua
10863,0,4,200GAUTAM
10864,0,1,davidtimmons
10865,0,4,CoryG89
10866,0,6,AfirSraftGarrier
10867,0,6,srxboys
10868,0,10,santiycr
10869,0,2,mhfan
10870,0,1,mohamagdy
10871,0,3,ifzm
10872,0,31,Tancy
10873,0,6,Dremora
10874,0,2,mefive
10875,0,1,chrisvoo
10876,0,47,felipexw
10877,0,39,mopemope
10878,0,2,pedrobritto
10879,0,1,Pranavan135
10880,0,7,HeZaiJin
10881,0,4,OneRedOak
10882,0,9,lokyoung
10883,0,2,FlowerEatFish
10884,0,14,WaterTian
10885,0,4,asivokon
10886,0,3,radhasatam
10887,0,2,danblitzhou
10888,0,4,dionatanmelo
10889,0,8,goolong
10890,0,1,geeksbaek
10891,0,6,eek
10892,0,43,Parth-Vader
10893,0,5,elmirkouliev
10894,0,2,murphypei
10895,0,5,htaiwan
10896,0,34,emmenko
10897,0,13,Bigomby
10898,0,3,HammyHavoc
10899,0,14,edouardoyallon
10900,0,7,sobinsunny
10901,0,10,gaodeng
10902,0,13,ChrisXin
10903,0,3,TuanNguyen27
10904,0,3,csreddy
10905,0,82,lengstrom
10906,0,4,lx10077
10907,0,13,lifeofmine
10908,0,1,dollarfromchina
10909,0,8,SuperMarioX
10910,0,9,AntiMoron
10911,0,27,benoror
10912,0,8,lassebunk
10913,0,10,sertansenturk
10914,0,15,benjamminf
10915,0,4,qdequippe
10916,0,42,Bamieh
10917,0,6,sdecandelario
10918,0,32,kasuganosoras
10919,0,15,petetnt
10920,0,4,VernonGrant
10921,0,9,stevenzeiler
10922,0,51,leviding
10923,336,1,lohithn4
10924,0,57,renatorib
10925,0,15,teaolivia
10926,0,16,shoheikawano
10927,0,45,ScienJus
10928,0,7,kzx1025
10929,0,5,jakecleary
10930,0,3,ghoroubi
10931,0,3,sjardim
10932,0,4,CJHackerz
10933,0,6,jcwleo
10934,0,10,Gerodan
10935,0,4,kiseliu
10936,0,12,ChrisJonathan22
10937,0,77,buhe
10938,0,5,JeanAzzopardi
10939,0,3,MaxSvargal
10940,0,18,orestes
10941,0,7,litanur
10942,0,6,Asixa
10943,0,4,djzhao627
10944,0,15,JulioCVaz
10945,0,3,jrings
10946,0,8,Fechin
10947,0,1,herrkessler
10948,0,15,gtramontina
10949,0,15,almost
10950,0,2,jzp1025
10951,0,22,eriksvedang
10952,0,6,fecaps
10953,0,13,myaooo
10954,0,4,kocsmy
10955,0,1,SYaoJun
10956,0,4,DestinyXie
10957,0,3,ratanparai
10958,0,14,TGSAN
10959,0,4,jwd83
10960,0,3,LuanComputacao
10961,138,1,jornbakhuys
10962,0,2,joggienl
10963,0,11,TrebuhD
10964,0,3,jozdoo
10965,0,94,solarhell
10966,0,33,probitlabs
10967,0,6,sayantikabanik
10968,0,13,mpsdantas
10969,0,47,suchipi
10970,0,9,LiuChuang0059
10971,0,11,ruoru
10972,0,15,fdorantesm
10973,0,42,TerrorJack
10974,0,3,gmvi
10975,0,3,AloyASen
10976,0,1,simpixelated
10977,0,13,adityasonel
10978,0,21,spyshiv
10979,0,11,corbanb
10980,0,2,igorjm
10981,0,12,oae
10982,0,6,Ma27
10983,0,13,loftwah
10984,0,6,AlexS12
10985,0,5,Jiab77
10986,0,5,matt77hias
10987,0,2,jeffbarreto
10988,0,3,NivlaCuong
10989,0,8,Yasik
10990,0,12,Maicius
10991,0,7,dpogue
10992,0,3,KaiserKkaiser
10993,0,4,mili-tan
10994,0,49,metacritical
10995,0,9,phuochau
10996,0,3,gbprod
10997,0,1,LinsanityDu
10998,0,3,Penguin7z
10999,0,3,amghost
11000,0,51,Idnan
11001,0,1,heymattwei
11002,0,16,RasCarlito
11003,0,25,KrofDrakula
11004,0,9,mildronize
11005,0,2,nileshgulia1
11006,0,4,leodionizio
11007,0,4,gustavovelascoh
11008,0,1,32i
11009,0,15,lipeprado
11010,0,128,hooopo
11011,0,2,kenzie
11012,0,2,damnhipster
11013,0,14,mitra06
11014,0,4,lettertwo
11015,0,2,clown
11016,0,4,skywalker512
11017,0,2,noizhardware
11018,0,49,derekcollison
11019,0,24,thundergolfer
11020,0,1,farhour
11021,0,17,MirShaon
11022,0,2,p-shen
11023,0,19,myluke
11024,0,3,imjoey
11025,0,1,bc0x
11026,0,3,dcsgman
11027,0,26,sott0n
11028,0,59,notrab
11029,0,27,NimaMX
11030,0,1,lukasholzer
11031,0,2,NPalopoli
11032,0,19,iAziz786
11033,0,1,iamlux
11034,0,14,SuJunming
11035,0,2,Zakeiswo
11036,0,12,irmowan
11037,0,4,mannycolon
11038,0,59,afrijaldz
11039,0,9,eincs
11040,0,16,balinterdi
11041,0,32,miniLV
11042,0,11,TiagoDanin
11043,0,2,BrennonLee
11044,0,35,ambodi
11045,0,4,Nikhil22
11046,0,47,liuyanzhi08
11047,0,8,pranavg189
11048,0,2,DannyTking
11049,0,8,Jaquedeveloper
11050,0,15,ranamihir
11051,0,1240,sdras
11052,0,3,monkybrain
11053,0,11,jayasim
11054,0,1,itssumitrai
11055,0,37,mitchellporter
11056,0,3,iliran11
11057,0,1,MasoudZarjani
11058,0,2,banguit
11059,0,5,Victor0118
11060,0,3,ramybenaroya
11061,0,3,JasonHaoPan
11062,0,3,rdeepc
11063,0,7,syun0216
11064,0,23,rodneyg
11065,0,3,mattposch
11066,0,2,gugug
11067,0,13,gutosoares
11068,0,14,aniket-agarwal1999
11069,0,5,Esmio
11070,0,23,adalenv
11071,0,25,jirutka
11072,0,5,haarts
11073,0,16,GarfieldLover
11074,0,2,mokadev
11075,0,3,karezi
11076,0,30,davidstrauss
11077,0,21,juniorconte
11078,0,5,MichaelKuhinica
11079,0,35,dimohamdy
11080,0,7,chen-kaka
11081,0,340,dann95
11082,0,1,horaciod
11083,0,101,glaucia86
11084,0,12,kennyadsl
11085,0,6,GentleZhu
11086,0,22,UFreedom
11087,0,2,jbsmith731
11088,0,12,ShubhamBadal
11089,0,31,om3rcitak
11090,0,8,devmukul44
11091,0,15,jcf
11092,0,1,rasensio
11093,0,3,Pallinder
11094,0,10,morganfeeney
11095,146,2,simonmilz
11096,0,4,haoliangwu
11097,0,8,darrinhenein
11098,0,4,RaoHaocheng
11099,0,12,ayshrv
11100,0,7,nr007
11101,0,53,alexUXUI
11102,0,3,sungha
11103,0,2,moosebot
11104,0,17,feralCode
11105,0,89,lipis
11106,0,33,manniL
11107,0,12,crmpicco
11108,0,5,theGrandmaster05
11109,0,13,hugofabricio
11110,0,3,DeathSy
11111,0,3,osmancansiz
11112,0,10,callofdutyops
11113,0,2,popo4231
11114,0,24,maacpiash
11115,0,19,AhmedFatehy
11116,0,18,atufkas
11117,0,58,CharlesShang
11118,0,5,gieart87
11119,0,23,harked
11120,0,10,Imanity
11121,0,10,Vokinloksar
11122,0,7,geeckmc
11123,0,20,hellochick
11124,0,95,shaodahong
11125,0,3,danillo10
11126,0,3,chenyihou
11127,0,29,brunoguerra
11128,0,25,JenifferWuUCLA
11129,0,32,jaydeepw
11130,0,3,shakasan
11131,0,3,SheldonWong
11132,0,22,shentibeitaokongle
11133,0,6,gzhjs
11134,0,1,SainagShetty
11135,0,34,Zhouzi
11136,0,4,jlaura
11137,0,8,pushred
11138,0,4,kamranazmat
11139,204,2,RailRunner166
11140,0,4,tedshd
11141,0,6,bernardopacheco
11142,0,26,andrebian
11143,0,2,phillyfan1138
11144,0,1,harrybaa
11145,0,2,rahil051
11146,0,4,Sara-HY
11147,0,2,mardafirmansyah
11148,0,6,bru
11149,0,6,ControlledChaos
11150,0,2,asapabedi
11151,0,39,thompsonemerson
11152,0,2,moritayasuaki
11153,0,4,sicksand
11154,0,9,cball
11155,0,2,Chengyanliang
11156,0,2,mdevoe12
11157,0,2,kmezhoud
11158,0,4,davisliang
11159,0,2,malinushj
11160,0,6,Madridspark
11161,0,7,jorgeavaldez
11162,0,1,ssimontis
11163,0,29,ProKil
11164,0,26,dreamapplehappy
11165,0,37,poberwong
11166,0,4,benjamingsmith
11167,0,14,Fatxx
11168,0,8,freegenie
11169,0,18,bckim92
11170,0,2,gta191977649
11171,0,2,alana91
11172,0,2,Pedrazl
11173,0,3,ojkelly
11174,0,11,nogginfuel
11175,0,27,aquarhead
11176,0,1,ZBayes
11177,0,20,falcondai
11178,0,7,nnUyi
11179,0,12,kasprownik
11180,0,1,runitao
11181,0,3,TimMcCauley
11182,0,1,kshitija08
11183,0,11,aleccunningham
11184,0,2,kalkotekedar
11185,0,16,stegben
11186,0,2,arberzela
11187,0,5,manlius
11188,148,1,pluflou
11189,0,19,mappmechanic
11190,0,3,Samciu
11191,0,50,Widdershin
11192,0,2,dhruvvyas90
11193,0,12,ShadowDAssange
11194,0,5,stdrickforce
11195,0,4,nrkoehler
11196,0,20,cbetta
11197,0,8,semihyagcioglu
11198,0,2,technofreak
11199,0,1,fernandowobeto
11200,0,4,kamontat
11201,0,4,IvanProdaiko94
11202,0,2,RLlane9
11203,0,7,somewhatabstract
11204,0,14,amwmedia
11205,0,11,nickpoorman
11206,0,11,JifuZhao
11207,0,16,timbrandin
11208,0,1,jessexu117
11209,0,1,bZez
11210,0,5,YongmingLee
11211,0,20,kgwmath
11212,0,3,qanuj
11213,0,2,oysteijo
11214,0,2,MatisiekPL
11215,0,3,sz144
11216,0,2,leoncarey
11217,0,2,edgardoalz
11218,0,5,gonzakpo
11219,0,3,deepakn94
11220,0,1,thiziri
11221,0,5,hrozan
11222,0,3,collier
11223,0,1,EricFalkenberg
11224,0,4,czerwonkabartosz
11225,0,182,ice1000
11226,0,7,DeepTrial
11227,0,71,stefanjudis
11228,0,1,LudeeD
11229,0,14,SteveALee
11230,0,14,frmatias
11231,0,3,evilbuck
11232,0,5,FeedHedgehog
11233,0,21,mathxlee
11234,0,3,MKagesawa
11235,0,2,diabolus
11236,0,1,SaiKeshav
11237,0,28,andersoonweb
11238,0,6,matopher
11239,0,5,arcseldon
11240,0,1,AdeelK93
11241,0,6,levelfour
11242,0,234,minimaxir
11243,0,21,MaxChanger
11244,0,49,Ben-G
11245,0,4,shildondu
11246,0,7,Diucla
11247,195,2,jpriniski
11248,0,3,clementmiao
11249,0,8,GongT
11250,0,6,pimenlabs
11251,0,11,portableant
11252,0,7,mhwasil
11253,0,1,devbks
11254,0,6,pspgbhu
11255,0,1,SarmadSA
11256,0,27,FokkeZB
11257,0,5,LukasMeine
11258,0,4,jaywilliams
11259,0,6,tenosiswono
11260,0,27,swordencao
11261,0,1,bhvieira
11262,0,6,colorfield
11263,0,1,salabson
11264,0,1,horiuchie
11265,0,7,FuzzyWobble
11266,0,2,RyQcan
11267,0,6,purwnt
11268,0,2,amirkheirabadi
11269,0,7,leompeters
11270,0,1,asantos07
11271,0,236,ParinVachhani
11272,0,3,TristanDongMaster
11273,0,148,Hendrixer
11274,0,2,eisenivan
11275,0,8,Bright-Liu
11276,0,1,jessecalton
11277,0,10,saadaouad
11278,0,1,carolineggordon
11279,0,942,RubyLouvre
11280,0,10,devamaz
11281,0,2,joeLloyd
11282,0,8,athanzhang
11283,0,37,mdibaiee
11284,0,8,efernandez
11285,0,3,athlonshi
11286,0,1,OneMohrTime
11287,0,30,RafalWilinski
11288,0,12,pdostal
11289,0,10,MathiasLuo
11290,0,30,LukeMichaels
11291,0,3,szymon-jez
11292,0,24,hjptriplebee
11293,0,12,jack20170608
11294,0,9,re4lity
11295,0,8,chenxtdo
11296,0,23,mekwall
11297,0,10,eknkc
11298,0,1,spikeheap
11299,0,4,FylmTM
11300,0,4,Vence
11301,0,13,ashokpant
11302,0,4,bitgord
11303,0,2,tdsticks
11304,0,1,adrianbadarau
11305,0,60,evenchange4
11306,0,14,aarondo
11307,0,1,jeanbarcellos
11308,0,1,billylo1
11309,0,5,fengliner
11310,0,1,psibernetic
11311,0,2,iforgotband
11312,0,6,cd1989
11313,0,6,singchia
11314,0,4,pooyadavoodi
11315,0,2,spandanagella
11316,0,10,fiberleif
11317,0,5,mission802
11318,0,6,rnditdev
11319,0,43,Villanuevand
11320,0,57,chiefy
11321,0,3,Fred159
11322,124,2,Kkukadiya
11323,0,1,FKgk
11324,0,22,JesterXL
11325,0,13,luckyharryji
11326,0,40,hxx
11327,0,4,nitish166
11328,0,23,RicardoBarroso
11329,0,10,osvaldokalvaitir
11330,0,7,ockang
11331,0,17,ZJH9Rondo
11332,0,5,as181920
11333,0,2,avishkarabhishek786
11334,0,3,konradsemsch
11335,0,10,Masum-Osman
11336,0,6,swilliams
11337,0,5,diveshuttam
11338,0,6,qinxij
11339,0,7,junbujianwpl
11340,0,8,mikebuss
11341,0,1,puneetmathurDS
11342,0,1,sireBlack
11343,0,3,nelsonseccofilho
11344,0,14,ashwamegh
11345,0,9,iwin2471
11346,0,24,ivan-avalos
11347,0,26,blainsmith
11348,0,1,alessandroaussems
11349,0,23,rrreeeyyy
11350,0,8,terorie
11351,0,8,Henryhaohao
11352,0,10,alperhankendi
11353,0,18,makeco
11354,0,10,johannhof
11355,0,4,renanyoy
11356,0,1,ghobaty
11357,0,1,theakshaygupta
11358,0,3,StOriJimmy
11359,0,2,Neilcc
11360,0,22,JasonQSY
11361,0,2,styk-tv
11362,0,4,moqada
11363,0,5,alexmyczko
11364,0,5,conilas
11365,0,9,akilawickey
11366,0,2,NLIDie
11367,0,4,kevalds51
11368,0,1,nurnisi
11369,0,2,shootermv
11370,0,8,dilippuri
11371,0,19,ertugrulungor
11372,0,7,ruskid
11373,0,25,Goudarz
11374,0,30,hewentaowx
11375,0,2,lucasgmagalhaes
11376,0,26,paolomainardi
11377,0,9,jingege
11378,0,4,dariawhitecastle
11379,0,20,aparo
11380,0,25,alexweber
11381,0,3,luoyepiaohong
11382,0,2,Abdelaziz-Khabthani
11383,0,8,jiangfengming
11384,0,4,develephant
11385,0,54,CodingBoO
11386,0,14,jweboy
11387,0,8,aman1391
11388,0,26,cbbfcd
11389,0,2,KingDragon08
11390,0,5,KOREAN139
11391,0,5,kofj
11392,0,10,XIURongYao
11393,0,1,agunbuhori
11394,0,2,abechen
11395,0,10,debop
11396,0,4,jsarafajr
11397,0,6,kindacoder
11398,0,1,thewickedaxe
11399,0,5,nrwiersma
11400,0,4,Zhouzhiling
11401,0,91,AloneMonkey
11402,0,7,pppdns
11403,0,20,MohammedEssehemy
11404,0,1,nathantbaker
11405,0,14,jasonclark
11406,0,17,GilbertSun
11407,0,5,msathis
11408,0,3,devscript-abdo
11409,0,15,maxov
11410,0,36,Wizyma
11411,0,1,tarun885
11412,0,1,salemmohammed
11413,0,7,avisekiit
11414,0,8,MahdiHatami
11415,0,31,TheYahya
11416,0,15,AlexJuca
11417,0,8,dim0627
11418,0,2,albertqjiang
11419,0,3,inker
11420,0,1,iMears
11421,0,19,menshikh-iv
11422,0,2,misakichan
11423,0,3,codingonHP
11424,0,2,isnullxbh
11425,0,24,KeshShan
11426,0,3,jvrplmlmn
11427,0,8,AppCanOpenSource
11428,0,7,gdemir
11429,0,10,keitakn
11430,0,7,noudadrichem
11431,0,4,cnBruceHong
11432,0,5,franzsilva
11433,0,3,hiasinho
11434,0,11,prekshajagetiya123
11435,0,27,imxieke
11436,0,12,resilientred
11437,0,6,MathMesquita
11438,51,4,khurramjaved96
11439,0,73,jasl
11440,118,4,scottsb
11441,0,12,Luobata
11442,0,34,nishantsbi
11443,0,2,iainelder
11444,0,7,dbarranco
11445,0,8,sanduhrs
11446,0,9,AliKarami
11447,0,7,JeffAbrahamson
11448,0,26,benhartouz
11449,0,9,ercanakca
11450,0,15,OneRaynyDay
11451,0,2,pengfeizhao1991
11452,0,25,mdapper
11453,0,1,JaredSartin
11454,0,3,Axquaris
11455,0,2,techyogii
11456,0,12,sinabakh
11457,0,4,akkerise
11458,0,7,andreyluiz
11459,0,3,kirknorth
11460,0,12,kalashnikov
11461,0,1,optimistex
11462,169,1,dotpub
11463,0,23,PENGZhaoqing
11464,0,5,gf712
11465,0,5,lyhcode
11466,0,10,pramod1988
11467,0,33,mriccia
11468,0,5,rethna2
11469,0,11,ORdinarycas
11470,0,4,ssysm
11471,0,4,mohaiminul-sust
11472,0,13,swarut
11473,0,2,kazazes
11474,0,1,nbomberger
11475,0,1,alandoherty
11476,0,6,andrewhead
11477,0,2,mbelsky
11478,0,10,doublejosh
11479,0,7,theinterned
11480,0,6,juque
11481,0,2,andrewnester
11482,0,5,Koslun
11483,0,5,teffy
11484,0,9,Pedro-Souza
11485,0,1,newPrimitives
11486,0,8,rafd
11487,0,3,GeekyShiva
11488,0,25,eneim
11489,0,3,chris-ritsen
11490,0,5,chesterroh
11491,0,18,konsumer
11492,0,2,WarrenJones
11493,0,6,georgeberry
11494,209,1,GuillaumeGBzh
11495,0,3,denglingang
11496,0,27,harshit98
11497,0,29,19majkel94
11498,0,7,ckoulatsi
11499,0,5,menthays
11500,0,3,blechdom
11501,0,7,meathill
11502,0,6,italodr
11503,0,3,phedoreanu
11504,0,4,jhonnymakis
11505,0,11,francoiscote
11506,0,4,MDHayes
11507,0,1,richardsun-voyager
11508,0,3,kubp
11509,0,5,niilante
11510,0,42,samvasko
11511,0,13,abrahamdu
11512,0,3,Anil1111
11513,0,67,dleitee
11514,0,32,jimfleming
11515,0,1,theroyalstudent
11516,0,13,motss
11517,0,7,islam-Ellithy
11518,0,1,YuanTian1991
11519,0,1,davidkartuzinski
11520,0,1,khyox
11521,0,2,Magic-wei
11522,0,2,AtharKharal
11523,0,3,chenqiangzhishen
11524,0,19,shershen08
11525,0,8,ememumoh
11526,0,2,huhlig
11527,0,3,cafrias
11528,0,15,blizzardzheng
11529,0,1,BillyAddlers
11530,0,4,gfpacheco
11531,0,16,maxisgrom
11532,0,1,supersky07
11533,170,1,TylerB24890
11534,0,163,bcoe
11535,0,1,kevinkle
11536,0,81,JiamingSuen
11537,0,6,brifordwylie
11538,0,12,camilb
11539,0,1,rajdeepratan
11540,0,14,satyamz
11541,0,2,nomadster
11542,0,31,dipakkr
11543,0,22,svinkle
11544,0,20,MiteshShah
11545,0,4,enriquenov
11546,0,3,medopaw
11547,0,3,afgiel
11548,0,17,popul
11549,0,1,mockra
11550,0,3,kurtfunai
11551,0,13,shahbhavir
11552,0,5,ShawnLixx
11553,0,28,kylewh
11554,0,26,DanielRamosAcosta
11555,0,18,leylaKapi
11556,0,1,NashBean
11557,0,8,santazhang
11558,0,5,charlesen
11559,0,1,genorchiomento
11560,0,6,sherlock221
11561,0,26,ZhengyaoJiang
11562,0,1,AVBelyy
11563,0,9,ravelll
11564,0,5,danielgynn
11565,0,14,MMMystery
11566,0,43,addstone
11567,0,4,kevinthesun
11568,0,3,Joaoloula
11569,0,1,ewail
11570,0,2,nialloc9
11571,0,5,AlphaQi
11572,0,3,leonacwa
11573,0,400,soffes
11574,101,2,liqilei
11575,0,7,LucasRuy
11576,0,32,qq547276542
11577,0,25,ParkSB
11578,0,7,hansongfang
11579,0,3,g-leech
11580,0,31,alcides
11581,0,9,raffacabofrio
11582,0,1,FengBli
11583,254,2,sushinpv
11584,0,7,robwise
11585,0,7,salah3x
11586,0,8,XiaoTaoWang
11587,0,1,mshafrir
11588,0,147,guisouza
11589,0,1,FilipNest
11590,0,6,ParseThis
11591,0,76,longcw
11592,0,3,Qballe
11593,0,4,Bae-Ki-Cheol
11594,0,8,lilianmao
11595,0,2,cz95
11596,0,1,lightyaer
11597,0,1,lucaswerner90
11598,0,2,ogawa0071
11599,0,11,hex7c0
11600,0,4,kalabro
11601,0,7,joao-vieira
11602,0,3,Kejane
11603,0,2,rafi007akhtar
11604,0,16,Niefee
11605,0,5,sahibalejandro
11606,0,3,coolfeel
11607,0,4,lhqing
11608,0,4,guangbochen
11609,0,2,sergiouve
11610,0,1,fabriziomarmitt
11611,0,2,iykedapotential
11612,0,2,lshgdut
11613,0,3,palmiak
11614,0,15,iChintanSoni
11615,0,33,firstziiz
11616,0,1,hankliu5
11617,0,11,AuTa
11618,0,1,Chungyi
11619,0,5,AlexShan2008
11620,0,2,raingrave
11621,0,5,LieAlbertTriAdrian
11622,0,3,gelojavonitalla
11623,0,3,elearnguy
11624,0,3,iiicon
11625,0,11,cakuki
11626,0,7,michaelguild13
11627,0,2,IRIdeveloper
11628,0,2,liuzhenbase
11629,0,7,mtliendo
11630,0,9,jmahc
11631,0,5,BiosSun
11632,0,5,hodor-cn
11633,0,1,lancezlin
11634,0,8,SayanSeth
11635,0,5,squalrus
11636,0,3,chriswongtv
11637,0,89,shrekshrek
11638,0,10,datoubanzhuan
11639,0,3,DarKFlameS
11640,0,3,akamuinsaner
11641,0,2,ali-mir
11642,0,15,danielmarcelino
11643,0,1,ramkrishan-sahu
11644,0,3,thesamuel
11645,0,20,menq
11646,0,3,tatatupi
11647,0,3,misaelrojas
11648,0,126,jonrohan
11649,0,3,jarnix
11650,0,8,acidghost
11651,0,29,crswll
11652,0,4,roytang121
11653,0,2,quietcricket
11654,0,18,AlexandrPristupa
11655,0,37,phoomparin
11656,0,1,thaichor
11657,0,1,atomikpanda
11658,0,12,musa11971
11659,0,1,Erwyn
11660,0,2,lucaslollobrigida
11661,0,12,heat
11662,0,8,colachg
11663,0,6,Stevie-Ray
11664,0,1,devMarshall
11665,0,10,srtianxia
11666,0,3,krlicmuhamed
11667,246,2,paulhighum
11668,0,19,kirbyk
11669,0,2,iaminstanceof
11670,0,16,bhdrgkz
11671,0,2,syamn
11672,0,5,anrw
11673,0,2,elyobo
11674,0,8,edengzv
11675,0,8,staswebd
11676,0,13,plegner
11677,0,2,jsRuner
11678,0,1,rubenerd
11679,0,5,fx109138
11680,0,13,dzhlobo
11681,0,1,Mheaus
11682,0,1,guillaumepiot
11683,0,10,bertjiazheng
11684,0,16,timhartmann
11685,0,10,fmvilas
11686,0,14,muchrm
11687,0,2,johnnymitch
11688,0,21,bshackelford
11689,0,5,Kerrick
11690,0,3,danpora
11691,0,31,duanhjlt
11692,0,10,sundiontheway
11693,0,11,muddylemon
11694,0,13,hunterlong
11695,0,45,jrzimmerman
11696,0,24,fd0r
11697,0,7,bk-singh
11698,0,1,prerit1998jain
11699,0,14,Attrash-Islam
11700,0,9,romyilano
11701,0,6,palhotel
11702,0,1,lclc731
11703,0,13,rahmanidashti
11704,0,10,lq782655835
11705,0,67,MayaFiuza
11706,0,5,ichiriac
11707,0,3,nadiatul
11708,0,5,Pblfer
11709,0,21,ianjuma
11710,0,94,layumi
11711,0,2,oligus
11712,0,10,raulmoyareyes
11713,0,13,RayleBool
11714,0,9,brianckeegan
11715,0,15,liuchang0920
11716,0,7,abuzzany
11717,0,8,danoszz
11718,0,4,Bjornskjald
11719,0,2,chengaojie0011
11720,0,19,softliumin
11721,0,7,Fen9
11722,0,5,ppxasjsm
11723,0,48,ibbatta
11724,0,1,ingen084
11725,0,9,Nav-Appaiya
11726,0,7,mwksl
11727,0,1,panda-zhao
11728,0,2,ejensen
11729,0,22,dharmakshetri
11730,0,5,johnfisherman
11731,0,7,ToniMaunde
11732,0,4,jamesbrink
11733,0,9,chloesun
11734,0,6,shiheyuan
11735,0,2,GabCh
11736,0,3,georgeciubotaru
11737,0,15,arnav1996
11738,0,11,guanpengchn
11739,0,4,sgssandhu
11740,0,5,TedYav
11741,0,1,jonathancsilva
11742,0,5,kyusonglee
11743,0,3,g8gg
11744,0,13,cuongdd2
11745,0,32,j450h1
11746,0,29,dirtysalt
11747,0,24,apsrcreatix
11748,0,15,VicoErv
11749,0,1,Eudoxier
11750,0,6,PalleZingmark
11751,0,3,Ibrahim-Islam
11752,0,5,choitwao
11753,0,6,QinQin0912
11754,0,3,charitablehumans
11755,0,8,KanybekMomukeyev
11756,0,3,nayucolony
11757,0,2,cuipeng
11758,0,3,renatodev
11759,0,7,exu
11760,0,4,OyoKooN
11761,0,31,imroc
11762,0,2,kanakroy
11763,0,46,dfiredeveloper
11764,0,9,rdlh
11765,0,13,nagexiucai
11766,0,1,santiihoyos
11767,0,8,rouffj
11768,0,11,griffinqiu
11769,0,14,Astoration
11770,0,1,jiegiser
11771,0,21,MingChen0919
11772,0,1,chrisdobler
11773,0,4,chryb
11774,0,41,arifcakiroglu
11775,0,10,ellmetha
11776,0,15,rakesh-chinta
11777,0,2,Shane4STER
11778,0,7,rynatk
11779,0,2,bambanghariantosianturi
11780,0,6,guilhermedeoliveira
11781,0,2,phongnguyen93
11782,0,18,LEONOB2014
11783,0,3,compwright
11784,0,6,StevenKowalzik
11785,0,2,prashanthmadi
11786,0,8,eugenioclrc
11787,0,1,fmauNeko
11788,0,3,formix
11789,0,36,leopic
11790,0,13,gamblenull1996
11791,0,10,subho406
11792,0,3,DracotMolver
11793,0,2,kztime
11794,0,3,64BitChris
11795,0,24,mfix22
11796,0,13,apaz037
11797,0,7,huangjingfang
11798,0,2,Emmanuel-Ezenwere
11799,0,1,YoshikiIkegaya
11800,0,1,May4m
11801,0,4,bveliqi
11802,0,6,Zu3zz
11803,0,79,timqian
11804,0,15,PureWhiteWu
11805,0,3,surprisoh
11806,0,9,ibjhb
11807,0,6,YL2014
11808,0,1,allanavelar
11809,0,2,BurgessH
11810,0,1,KevinYaoooooo
11811,0,3,gracix
11812,0,45,mremond
11813,0,32,littleq0903
11814,0,319,peter279k
11815,0,1,Macmee
11816,0,2,kaceo
11817,0,1,ruhulsbu
11818,0,2,MiloudiMohamed
11819,0,17,lanchongyizu
11820,0,8,davidoster
11821,0,2,mike9005
11822,0,8,AjiMIde
11823,0,9,mapaiva
11824,0,32,jmbl1685
11825,0,16,AdrianoCarvalhoBatista
11826,0,19,genki
11827,0,3,barykaed
11828,0,44,maxxiaobao
11829,0,2,ma0c
11830,0,2,kamdjouduplex
11831,0,7,hoanganh25991
11832,0,19,phillipalexander
11833,0,1,Remper
11834,0,24,cwaring
11835,0,33,odirleiborgert
11836,0,3,shark03
11837,0,2,hyperjiang
11838,0,7,Judrummer
11839,0,2,prango
11840,0,6,chenyunxuan
11841,0,13,pedroapfilho
11842,106,1,pdilyard
11843,0,44,cleardusk
11844,0,25,Dum3bi
11845,0,9,iAhmadZain
11846,0,4,AnmolMago
11847,0,6,jason-neal
11848,0,4,VladimirHumeniuk
11849,0,2,sin7777
11850,0,17,PumpkinSeed
11851,0,10,darrenbutcher
11852,0,5,JeroenReumkens
11853,0,2,kfarst
11854,0,12,randyviandaputra
11855,0,8,KongWiki
11856,0,6,rollmind
11857,0,25,arfirman1402
11858,0,26,TechnotronicOz
11859,69,2,NoMoreViolence
11860,0,30,miao1007
11861,0,5,accelsao
11862,0,1,timo-reymann
11863,0,3,abuchin
11864,0,1,guofeng007
11865,0,2,iamvajid
11866,0,8,denhamparry
11867,0,1,alexwalling
11868,0,3,bodekjan
11869,0,10,raulb
11870,0,2,h4ckedneko
11871,0,6,mixed
11872,0,4,brendonferreira
11873,0,4,jacopoch
11874,0,4,nmielnik
11875,0,3,neuwzm
11876,0,24,ryanjohnston
11877,0,23,georgi
11878,0,13,Harley-xk
11879,0,1,sidcool1234
11880,0,7,tbaba
11881,0,2,giullianomorroni
11882,0,1,therise3107
11883,0,18,rohitgajawada
11884,0,1,puregarlic
11885,0,7,ganeshaampuh
11886,145,1,tdmckinn
11887,0,2,gukyeongkwon
11888,0,3,GrantGochnauer
11889,0,60,KangZhiDong
11890,0,15,OnlyFlyer
11891,0,4,lastpotion
11892,0,1,guruprasadz
11893,0,2,braidn
11894,0,4,kymair
11895,0,9,seletskiy
11896,0,10,captswag
11897,0,5,Slinjez
11898,0,16,jmendeth
11899,0,4,farisology
11900,0,6,JasonLin1230
11901,0,12,ahmedali5530
11902,0,1,CodeLadyJJY
11903,0,16,devcfgc
11904,0,5,apherio
11905,0,1,NicWayand
11906,0,7,dspasic
11907,0,11,imranomari
11908,0,1,beru
11909,0,3,jsblair9
11910,0,3,klimesf
11911,0,61,hyanmandian
11912,0,8,theaccordance
11913,0,8,marcmascort
11914,0,8,NickCarneiro
11915,0,3,rb-de0
11916,0,3,dbernar1
11917,0,60,daemonchen
11918,0,11,YunLambert
11919,0,4,castaneai
11920,0,2,EpicWatermelon
11921,0,53,danieldelcore
11922,0,14,nicroto
11923,0,1,SherazKhan
11924,0,11,mikispag
11925,0,2,lightness
11926,0,25,kalpeshhpatel
11927,0,186,millermedeiros
11928,0,39,VEINHORN
11929,0,1,mgeoffray
11930,208,1,mhao123
11931,0,1,mominsamir
11932,0,11,iliketomatoes
11933,0,7,babiboy
11934,0,3,isliqian
11935,0,4,tesfaldet
11936,0,37,Rabenda
11937,0,5,helioh3
11938,0,8,mtuchi
11939,0,24,onecoders
11940,0,6,alex-zige
11941,0,2,charlie5188
11942,0,5,rch850
11943,0,18,lichaojacobs
11944,0,72,mde
11945,0,1,earthday47
11946,0,22,mrpandey
11947,0,3,karzanOnline
11948,0,26,hiloki
11949,0,7,kordless
11950,0,15,junsooo
11951,0,11,battlesnake
11952,0,6,markmarcelo
11953,0,3,svrakata
11954,0,6,chuninator
11955,0,12,angelodipaolo
11956,0,3,cookielee77
11957,0,19,spankie
11958,0,5,jhallard
11959,0,10,Luodian
11960,0,8,LukeXF
11961,0,16,niklasravnsborg
11962,0,5,mayanhui
11963,0,10,nickplee
11964,0,3,albertaleksieiev
11965,0,16,gildo
11966,0,22,Mike-Leo-Smith
11967,0,9,starlikerain
11968,0,6,ZR-Huang
11969,0,56,rbecheras
11970,0,15,alundiak
11971,0,4,MultiLi
11972,0,1,kotarot
11973,0,14,kenvix
11974,0,5,lucianonooijen
11975,0,7,mxdi9i7
11976,0,1,jb-hirad
11977,13,2,fulcorno
11978,0,4,diovanemonteiro
11979,0,32,mgattozzi
11980,0,8,hurkgu
11981,0,7,isqua
11982,0,3,shivendrasoni
11983,0,45,plusmancn
11984,0,9,jicheng1014
11985,0,1,mrwillo
11986,0,5,adis-io
11987,0,26,Bohdan-Khomtchouk
11988,0,5,marcolink
11989,0,1,rafi16d
11990,0,5,GregBorrelly
11991,0,101,sorah
11992,0,11,Andrer757
11993,0,1,TalesSathler
11994,0,3,mikedingjan
11995,0,1,FMarazzi
11996,0,4,soufDev
11997,0,1,joeflack4
11998,0,13,ITmao
11999,0,10,saikatkumardey
12000,0,6,khushnood
12001,0,5,jeremyjumeau
12002,0,3,baktiaditya
12003,0,49,nodmark
12004,0,11,RaniereRamos
12005,0,16,chen-ye
12006,0,8,davi-mbatista
12007,0,20,DakshGondaliya
12008,0,4,iamgerwin
12009,0,7,n1cholasv
12010,0,4,BrandonDH
12011,0,6,FilhoSergio
12012,0,4,OKCthouder
12013,0,20,alex1a
12014,0,5,Antontelesh
12015,0,1,evanwchen
12016,0,5,mars1024
12017,0,13,ChampTiravat
12018,0,2,sjhorn
12019,0,12,LarryX
12020,0,8,AbNeil
12021,0,3,lguduy
12022,0,11,Youngfellows
12023,0,1,ZJUgreyhaters
12024,0,33,thibaudcolas
12025,0,3,lhcxx
12026,0,1,grahamroy
12027,0,1,JonyFaker
12028,0,1,pbres
12029,0,6,fernandoPalaciosGit
12030,0,4,SaeedNajafi
12031,0,1,ntankovic
12032,0,1,Stegur
12033,0,1,manyi
12034,0,7,lybvinci
12035,0,17,angeloocana
12036,0,2,miloknowles
12037,0,5,hustzxd
12038,0,32,k-water
12039,0,1,Celend
12040,0,4,damienomurchu
12041,0,6,adrien3d
12042,0,10,demiaowu
12043,0,1,erss400
12044,0,1,nick714
12045,0,9,bergquist
12046,0,34,billy21
12047,0,20,karthickvkumar
12048,0,2,deanofthewebb
12049,0,6,brunodles
12050,0,2,JonDemelo
12051,0,16,Reaper45
12052,0,3,ACA30
12053,0,3,gmarcos87
12054,0,8,changsiyuan
12055,0,7,marctc
12056,0,12,Oziomajnr
12057,0,1,murongqimiao
12058,0,4,iNuanfeng
12059,0,2,lovubuntu
12060,0,3,Cosmono
12061,0,1,athuras
12062,0,7,mengmengmengqiang
12063,0,2,Javarome
12064,0,3,mattbit
12065,0,3,DwyaneTalk
12066,0,8,madre
12067,0,12,FantasyGao
12068,0,34,tibuurcio
12069,0,1,VFOXITChick
12070,0,18,hadyelsahar
12071,0,27,martgnz
12072,0,10,phellipeandrade
12073,0,4,MicahElliott
12074,0,1,themakshter
12075,0,4,dfinlay
12076,0,12,Its-Alex
12077,0,1,christianreiser
12078,0,4,masoncusack
12079,0,35,pranaygp
12080,0,1,mukulait
12081,0,40,davidsbatista
12082,0,46,codexponent
12083,0,17,hmandal
12084,0,2,TejasBhalerao
12085,0,60,jansanchez
12086,0,3,kajinka13
12087,0,8,realeve
12088,0,10,SalemAttia
12089,0,18,naime-hossain
12090,0,2,AhmedElMetwally
12091,0,2,Leslie2014
12092,0,42,machida
12093,0,24,freejoe76
12094,259,2,alexram1313
12095,0,17,sethetter
12096,0,7,james4388
12097,0,20,leorenis
12098,0,4,akhilam512
12099,0,15,dakshshah96
12100,165,2,Capotasto
12101,0,8,TomHAnderson
12102,0,92,dahlia
12103,0,10,iann0036
12104,0,1,dongkaipo
12105,0,2,Buzzertech
12106,0,15,nidin
12107,0,19,ivanhigueram
12108,0,8,VisheshVadhera
12109,0,4,maxisam
12110,0,5,Abdulkadir98
12111,0,5,muhamadsyahril
12112,0,2,kimeshan
12113,0,1,chasingSublimity
12114,0,59,NeXTs
12115,0,4,kallealberg
12116,0,2,j3ffyang
12117,0,44,sjackman
12118,0,8,Maxwell-Alexius
12119,0,9,kuhung
12120,0,7,acmacalister
12121,0,2,gwzhu0717
12122,0,30,kustomzone
12123,0,2,masumeEbhami
12124,0,9,qboticslabs
12125,0,2,edance
12126,0,12,RenitaDewi
12127,0,4,chitwarnold
12128,0,8,jeyabalaji
12129,0,1,sfsekaran
12130,0,5,hirovi
12131,0,8,elliotttf
12132,0,13,kcy1019
12133,0,4,bikegriffith
12134,0,25,nbfontana
12135,0,8,StevenLudwig
12136,0,35,moklick
12137,0,13,mayconfsbrito
12138,0,101,linesh-simplicity
12139,0,2,dpedoneze
12140,0,6,jeiros
12141,0,5,aiplat
12142,0,6,iUtsavB
12143,0,3,christiangusukuma
12144,0,29,spacewander
12145,0,1,tearoom6
12146,0,4,bengirl
12147,0,16,Forec
12148,0,5,tdlm
12149,0,2,doerlbh
12150,0,4,airatdev
12151,0,7,jinke5245
12152,0,1,evernoteHW
12153,0,2,afterthat97
12154,0,8,Alek-S
12155,0,3,jonathanbell
12156,0,27,rosylilly
12157,0,10,NavinManaswi
12158,0,16,tangjun1990
12159,0,19,ethe
12160,0,2,ZakZubair
12161,0,3,rotimi-babalola
12162,0,3,KeroVieux
12163,0,41,selfboot
12164,0,4,Akshat4112
12165,0,27,christo4ferris
12166,0,8,LinuxBozo
12167,0,8,ShaulAb
12168,0,81,cebe
12169,0,3,An-DJ
12170,0,3,luiscarlospando
12171,0,1,hwiVeloper
12172,0,2,mach3
12173,0,16,623637646
12174,0,2,Highjhacker
12175,0,3,pidan1231239
12176,0,7,garious
12177,0,2,ak-chinmay
12178,0,37,omerjerk
12179,0,10,ivan-ha
12180,0,4,raykao
12181,0,4,pranoy-k
12182,0,44,ramitsurana
12183,0,5,AlexGodard
12184,0,2,gullalc
12185,0,3,Siubaak
12186,0,9,josesentis15
12187,0,4,martjanz
12188,0,12,steppannws
12189,0,8,soctkoren
12190,0,10,GoodDeeds
12191,0,17,boyanangelov
12192,0,14,carlosjaime
12193,0,2,jackharrhy
12194,0,2,aaravkr
12195,0,5,Infixz
12196,0,1,matthewstokeley
12197,0,4,drussellmrichie
12198,0,14,BeniCheni
12199,0,2,joefraley
12200,0,2,barrosfilipe
12201,0,24,evijit
12202,0,12,BumbuKhan
12203,0,1,imressed
12204,0,3,acidsound
12205,0,1,harish2rb
12206,0,4,kanolato
12207,0,10,cqkd6381
12208,0,3,pcsontos
12209,0,193,dabit3
12210,0,3,ntanyeri
12211,0,3,liu0013
12212,0,1,hunaczech
12213,0,14,philtr
12214,0,11,MakeApps
12215,0,4,Rajoy
12216,0,3,ryanpark91
12217,0,2,stoneLeaf
12218,0,1,Gauthamas
12219,0,2,leeuwd
12220,0,1,aaronfowles
12221,0,4,Himanshu-Mishr
12222,0,4,OscarVelandia
12223,0,3,paesku
12224,0,4,robertsundstrom
12225,0,11,manduks
12226,0,3,DavidTorresOcana
12227,0,1,abimur-123
12228,0,17,colin
12229,0,17,L0SG
12230,0,47,sdeancos
12231,0,55,hijiangtao
12232,0,2,ArsalanDotMe
12233,0,40,cesards
12234,0,3,Spark-Xl
12235,0,40,nparsons08
12236,0,2,fkworld
12237,0,32,germanattanasio
12238,0,7,sebastianlzy
12239,0,4,mtblanton
12240,0,1,asthana86
12241,0,1,alexandrzosimchuk
12242,0,5,sambgordon
12243,0,9,fei0810
12244,0,4,elevatebart
12245,0,3,Benard18
12246,0,39,laclys
12247,0,4,Hourout
12248,0,1,pierreliefauche
12249,0,7,anjoshigor
12250,0,1,themainframe
12251,0,25,the-teacher
12252,0,3,christippett
12253,0,18,tasktinkle
12254,0,33,murillo94
12255,0,4,thegreyfellow
12256,0,6,pedroviniv
12257,0,21,TrustTheBoy
12258,0,1,Oswaldinho24k
12259,0,5,robmoorman
12260,237,2,ryujaehun
12261,0,26,samoht
12262,0,1,iDemonix
12263,0,1,StoneJedi
12264,0,8,sanketgandhi
12265,0,43,qiaoxueshi
12266,0,1,ashwinwadte
12267,0,11,chadlockett
12268,0,41,mhor
12269,0,4,humbertowoody
12270,0,2,kylekthompson
12271,176,2,derekacosta
12272,0,63,GuoYongfeng
12273,0,5,dimMaryanto93
12274,0,14,jonirrings
12275,0,7,MartinHelmut
12276,0,1,Jimmy9876
12277,0,15,colordove
12278,0,3,rashidi
12279,0,3,silveira
12280,0,154,icarusion
12281,0,2,JaminQ
12282,0,9,fabioars
12283,0,4,Mosnar
12284,0,1,CCP101
12285,0,2,randomm
12286,262,2,samircaus
12287,0,24,bodyno
12288,0,15,hywilliam
12289,0,14,jlnr
12290,0,11,merrychap
12291,0,16,reginaldosousa
12292,0,9,hiteshgarg14
12293,0,6,jianrenw
12294,0,11,mymizan
12295,0,11,r33int
12296,0,38,RishabhJain2018
12297,0,26,delonnewman
12298,0,3,jstitch
12299,0,2,mojtabamoosavi
12300,0,90,pleerock
12301,0,10,Manvel
12302,0,1,Sibada
12303,0,12,lagerfeuer
12304,0,22,tharunShiv
12305,0,4,one3chens
12306,0,12,GayeChen
12307,0,3,adrianpraja
12308,0,5,ian-patel
12309,0,6,joealcorn
12310,0,8,axelekwall
12311,0,6,FlyerJay
12312,0,4,cyfrus
12313,0,2,ZQRui
12314,0,4,joseantonio11
12315,0,6,abhishalya
12316,0,2,michaelDpierce
12317,0,2,RFSH
12318,0,3,Godoy
12319,0,3,steveacalabro
12320,0,34,kingisaac95
12321,0,10,Agrajak
12322,0,3,Danjavia
12323,0,13,SketchK
12324,0,11,shuizhongyueming
12325,0,1,dorsha
12326,0,10,paulo-amaral
12327,0,4,ericzon
12328,0,1,alimirzaei
12329,0,15,jaisonjustus
12330,0,8,HuFeiHu
12331,0,5,Nooshu
12332,0,1,ZhuangleiScut
12333,0,5,njdup
12334,0,1,paulbrodersen
12335,0,7,mickeyouyou
12336,0,103,manu-chroma
12337,0,7,michiard
12338,0,3,daoSs
12339,0,4,samueljohn
12340,0,19,1vn
12341,0,4,danielelic
12342,0,3,banbanpeppa
12343,0,7,lohxx
12344,0,5,gussmith23
12345,0,6,johnlinp
12346,0,40,softvar
12347,0,7,alexmuller
12348,0,21,jiangzhengkai
12349,0,3,mpaulucci
12350,0,6,mertcetin
12351,0,1,muh00mad
12352,0,1,marco-piccolino
12353,0,3,SeongHyunBae
12354,0,11,n1arash
12355,0,4,lynchlee
12356,0,30,ivanpaulovich
12357,0,2,danwalterlink
12358,0,18,Jeremywhiteley
12359,0,1,agradipyahoo
12360,0,3,nessthehero
12361,0,2,kukuandroid
12362,0,4,Sankra
12363,0,19,g12mcgov
12364,0,36,peacecwz
12365,0,2,Pfzuo
12366,0,13,lopezjurip
12367,0,9,duxuhao
12368,0,7,Accio
12369,0,12,Maxtermax
12370,0,12,JobGetabu
12371,0,5,katrina376
12372,0,1,maydin
12373,12,1,NoobHua
12374,0,9,happylishang
12375,0,15,alexcameron89
12376,0,30,dangvanthanh
12377,0,2,nilayparikh
12378,0,11,rickmak
12379,0,4,cloudroc
12380,0,4,imranmuthu
12381,0,5,illbexyz
12382,0,2,gtzinos
12383,0,12,hongquan
12384,0,32,philoserf
12385,0,1,adaro
12386,0,9,BlakeBrown
12387,0,2,nolanliou
12388,0,3,Newlooc
12389,0,11,davidnagli
12390,0,12,EmaSuriano
12391,0,6,christianromney
12392,0,52,darknessomi
12393,0,30,kelp404
12394,0,1,delei
12395,0,2,DefauIt
12396,0,55,Rajivhost
12397,0,1,ArturGrigio
12398,0,1,dep
12399,0,2,NAVEENMN
12400,0,10,ftakelait
12401,0,5,lixiaobing
12402,0,13,MuriloEduardo
12403,0,18,Michaelvilleneuve
12404,0,49,bfortuner
12405,0,2,rvlb-19
12406,0,3,demon221
12407,0,8,laurentperrinet
12408,0,3,suliang1100
12409,0,4,michalmikolajczyk
12410,0,59,disjukr
12411,0,12,pauliusuza
12412,0,3,conwaydev
12413,0,1,VBIralo
12414,0,3,ebuckthal
12415,0,2,soumyabishi
12416,0,2,tigershinny
12417,0,4,shirishgoyal
12418,0,1,beNjiox
12419,0,1,debugger-me
12420,0,4,AayushChaturvedi
12421,0,9,intrip
12422,0,3,Agnostic
12423,0,4,ZhangZhida
12424,0,9,pierre94
12425,0,7,Ncerzzk
12426,0,37,miketmoore
12427,0,5,ivcandela
12428,0,4,nachovalera
12429,0,6,benl-cs
12430,0,2,alexagranov
12431,0,38,carlendev
12432,0,5,StruggleYang
12433,0,10,charlescui
12434,0,1,iURWang
12435,0,1,dvoitekh
12436,0,97,Fishrock123
12437,0,3,jesuswasrasta
12438,0,2,Alfex4936
12439,0,1,inamesion
12440,0,3,petroniocandido
12441,0,5,aamaricci
12442,0,14,sunny
12443,0,3,sorhawell
12444,0,6,gurjarshakti
12445,244,2,takanakahiko
12446,0,4,fuqi1001
12447,0,1,keeross
12448,0,3,boostventilator
12449,0,47,WeiChienHsu
12450,1,1,jayfull
12451,0,26,alienzhou
12452,0,8,Izakey
12453,0,16,emmet7life
12454,0,2,bsramin
12455,0,13,ericjim
12456,0,13,Rshcaroline
12457,0,6,shinsuo
12458,0,2,brunoeris
12459,0,4,harikrishnanp
12460,0,3,leux9
12461,0,174,521xueweihan
12462,0,8,than
12463,0,2,ivanminutillo
12464,0,1,jwooss
12465,0,28,clarkeash
12466,0,1,cre-o
12467,0,13,lizhongzhen11
12468,0,15,luizkowalski
12469,0,15,Edward-Shaw
12470,0,3,kikihakiem
12471,0,6,drptbl
12472,0,5,rafaelbozzetti
12473,0,8,jpnelson
12474,0,15,FidelisClayton
12475,0,6,jjmonagas
12476,0,10,gottfrois
12477,0,18,dengemann
12478,0,4,Hentioe
12479,0,17,Orange-C
12480,0,7,cpsubrian
12481,0,3,neuralsandwich
12482,0,4,MisterGeorge
12483,0,8,brookr
12484,0,14,kalfke
12485,0,3,andrewroberts
12486,0,7,guicheffer
12487,0,33,jlblancoc
12488,0,29,0to
12489,0,2,arjamizo
12490,0,21,babakhani
12491,0,14,byung-u
12492,0,6,leonardodavila
12493,0,12,hobofan
12494,0,5,jhoestevam
12495,0,14,connor4312
12496,0,10,dsaenztagarro
12497,0,2,ashishjain1988
12498,0,19,OliverMensahDev
12499,0,7,dearshor
12500,0,21,MarceloCajueiro
12501,0,25,doriel
12502,0,17,arcaglar
12503,0,4,anhuisunfei
12504,0,7,prateek951
12505,0,245,dyc87112
12506,0,46,joshblack
12507,0,15,Jonnytoshen
12508,0,12,matthargett
12509,0,8,igoroctaviano
12510,0,25,agcolom
12511,0,3,pciang
12512,0,2,Stormcore
12513,0,12,ghthor
12514,0,3,Sekunde
12515,0,4,Resoguy
12516,0,4,ryanjmccall
12517,0,7,PengzhongSun
12518,0,4,arzurchris-zz
12519,0,2,jimmmmmua
12520,0,9,mazefeng
12521,0,4,ericyoungberg
12522,0,2,DreamEmulator
12523,0,23,nategood
12524,0,8,jonathanbranam
12525,0,41,coffee4code
12526,0,5,hadrien
12527,0,2,jknthn
12528,0,6,thegecko
12529,0,2,liujiaqiid
12530,0,16,osa1
12531,0,3,LORD-KAY
12532,0,1,docmars
12533,0,3,lukeharvey
12534,0,5,iamxiaoyubei
12535,0,6,JohnoverBoard
12536,0,7,Superjomn
12537,0,22,altadisa
12538,0,11,joyang1
12539,0,58,eleurent
12540,0,5,horsley
12541,0,7,debingfeng
12542,0,54,YangXinlin
12543,0,22,sunlanda
12544,0,28,paoloo
12545,0,7,markpenaranda
12546,0,13,gearnode
12547,0,3,rajpalkulhari
12548,0,7,rosseji
12549,0,41,dineshresearch
12550,0,12,maverick-zhn
12551,0,2,supersloth
12552,0,14,brettneese
12553,0,2,sunilsoni
12554,0,5,mnlkrs
12555,0,12,Ridermansb
12556,0,8,jacobkimmel
12557,0,3,areus
12558,0,4,drewbrokke
12559,0,1,Shihav
12560,0,1,aak-ash
12561,0,2,heduian
12562,0,8,litinskii
12563,0,5,emredoganm
12564,0,16,happyte
12565,0,3,anithegregorian
12566,0,3,rajat1saxena
12567,0,1,fengfu-chris
12568,0,8,seu1tyz
12569,0,14,gugiserman
12570,0,18,azkarmoulana
12571,0,53,Soyn
12572,238,2,mandanasmi
12573,0,2,Ihsan149
12574,0,6,diegomais
12575,0,19,ojimac
12576,0,5,neok
12577,29,2,horaciochacon
12578,0,6,liuruogu
12579,0,2,manornk
12580,0,3,ngxiaoyi
12581,0,4,daominhdam
12582,0,18,kamilogorek
12583,0,2,rishabhdixit
12584,0,4,deepakkumar1984
12585,0,5,thesunghwan
12586,0,9,Vadman97
12587,0,2,Chandan-IITI
12588,0,2,ansuini
12589,0,3,brianbelljr
12590,0,10,johnbasham
12591,0,32,kmelve
12592,0,4,dzimiks
12593,0,17,Ricardo-Li
12594,0,11,maxsz
12595,0,10,HyramTang
12596,0,9,EdisonSu768
12597,0,16,CoderMing
12598,0,1,miguelcnf
12599,0,8,doyouhaobaby
12600,0,37,MadebyAe
12601,0,1,hellgrenj
12602,0,18,ForelaxX
12603,0,1,leo-generali
12604,0,59,skyzito
12605,0,6,RobertIndie
12606,0,51,JulianoPadilha
12607,0,3,dexterns88
12608,0,19,HuangXiZhou
12609,0,3,tanahatas
12610,0,29,divyanshu013
12611,0,5,EmpireWorld
12612,0,11,jessedobbelaere
12613,0,27,horike37
12614,0,5,arfanhayder
12615,0,2,lalov1
12616,0,1,nnormandin
12617,0,2,nyk510
12618,0,8,andrewleo
12619,0,7,loogart
12620,0,14,NearXdu
12621,0,2,RainofTerra
12622,0,1,shreyneil
12623,0,4,kenlog
12624,0,1,maxbublik
12625,0,9,SeanNieuwoudt
12626,0,22,RodolfoSilva
12627,0,40,TheWaWaR
12628,0,5,giedriusr
12629,0,3,forever-xiaoyu
12630,0,38,ivanberry
12631,0,38,HelipengTony
12632,0,6,bernardo-bruning
12633,0,3,jdarpinian
12634,0,1,joe-niland
12635,0,11,entrptaher
12636,0,3,igorbabko
12637,0,3,dmitrychekalin
12638,0,1,patrickrgaffney
12639,0,31,jlong
12640,0,8,nanfeng007
12641,0,2,antonkazakov
12642,0,22,lpj0017
12643,0,8,StuartFarmer
12644,0,6,clarkenciel
12645,0,8,EtienneLem
12646,0,14,drujensen
12647,0,1,CashWasabi
12648,0,47,michaelcullum
12649,0,10,daniel0076
12650,0,9,aymard229
12651,0,4,flakerimi
12652,0,4,blackmann
12653,0,13,jan-wong
12654,0,40,sc0ttkclark
12655,0,13,sh4ka
12656,0,9,ovhemert
12657,0,2,caktoy
12658,0,8,maisano
12659,0,13,bripkens
12660,0,3,landreussi
12661,0,34,rishiraj824
12662,0,6,fallingyang
12663,0,1,emman27
12664,0,1,DenisRupp
12665,0,5,Anasss
12666,0,7,agentzz9
12667,0,2,aslamanver
12668,0,2,chenwenli
12669,0,3,helloqiong
12670,0,46,alaingalvan
12671,0,13,r-inaldi
12672,0,36,ranglang
12673,0,10,joshuacrowley
12674,0,23,MichaelDimmitt
12675,0,17,adar-w
12676,0,4,glaksmono
12677,0,8,AbdelkhalekESI
12678,0,10,kenticny
12679,0,7,arthursunbao
12680,0,1,leyuwei
12681,0,17,rubenspgcavalcante
12682,0,22,CKGrafico
12683,0,23,notpushkin
12684,0,31,mitogh
12685,0,6,Bye-lemon
12686,0,7,mohsenk
12687,0,8,itamaradin15
12688,0,5,eli9000
12689,0,1,janten
12690,0,2,blaineyao
12691,0,12,alanyoshida
12692,0,4,davidbonnici1984
12693,0,7,hemlok
12694,0,1,learning-more
12695,0,5,shidel-dev
12696,0,4,bi-kai
12697,0,5,hafitzrizki
12698,0,2,chekit
12699,0,13,gauravmak
12700,0,2,bailu1901
12701,0,6,bgreenwell
12702,0,10,gyaresu
12703,0,1,julian-ladjani
12704,0,10,kashimAstro
12705,0,9,adamshamsudeen
12706,0,10,chrisarcand
12707,0,12,knazeri
12708,0,6,abepetrillo
12709,0,8,LER0ever
12710,0,4,felipelavinz
12711,152,2,Sarthak-02
12712,0,31,smallerhand
12713,0,3,samwhitehall
12714,0,28,americast
12715,0,2,charlyshaka
12716,0,8,shigeya
12717,0,8,RicardoCao-Biker
12718,0,2,ajzhanghku
12719,0,1,flakor
12720,0,7,henriquemacedo
12721,0,6,iphyer
12722,0,1,liaujianjie
12723,0,4,BTheunissen
12724,0,11,levlaz
12725,0,7,jiangbingo
12726,0,1,belhyun
12727,0,11,jerossh
12728,0,2,shabanian
12729,0,4,icflournoy
12730,0,1,philophilo
12731,0,87,bnghu1
12732,0,16,TylorShin
12733,0,17,HQarroum
12734,0,8,Abdelhak-Bahri
12735,0,8,carolinepacheco
12736,0,4,dawoodjee
12737,0,3,huarse
12738,0,3,mrwade
12739,0,5,mawalu
12740,0,12,IuryAlves
12741,0,37,allenfantasy
12742,0,3,AGontcharov
12743,0,16,angryreid
12744,0,48,shaohua0116
12745,0,2,hishamkaram
12746,0,3,mattayes
12747,0,1,lancepioch
12748,0,29,WangYang-wy
12749,0,1,Yc174
12750,0,1,shubham16598
12751,0,9,manufacturedba
12752,0,31,nabaroa
12753,0,11,DeepDiver1975
12754,0,14,dev-xdyang
12755,0,4,ffiirree
12756,0,5,NicHaley
12757,0,2,cuninfo
12758,0,8,gabrielboliveira
12759,0,8,MattHall
12760,0,25,fd
12761,0,4,5onic
12762,0,2,chbrian
12763,0,3,kr4ckhe4d
12764,0,6,hongkongkiwi
12765,0,2,itsarbit
12766,0,2,agriffard
12767,0,4,Stupidism
12768,0,17,inambioinfo
12769,0,3,pusewicz
12770,0,3,ThomasTilli
12771,0,2,amrsalama
12772,0,7,sthkindacrazy
12773,0,3,shanry
12774,0,1,cw19931024
12775,0,23,rockchalkwushock
12776,0,8,diondirza
12777,0,3,SerChirag
12778,0,6,saikrishna-1996
12779,0,8,reidrac
12780,0,17,EvsChen
12781,0,6,fmertins
12782,0,3,Alevale
12783,0,4,nimahkh
12784,0,1,benpetersen
12785,0,5,kairos03
12786,0,10,ggondim
12787,0,4,leeadkins
12788,0,7,mihok
12789,0,5,simonbaier
12790,0,1,luchi007
12791,0,3,crazymidnight
12792,0,2,sidsakhadeo
12793,0,48,bananaappletw
12794,0,69,kevinburke
12795,0,7,mr-kelly
12796,0,9,iximiuz
12797,0,2,dronzer92
12798,0,8,doofin
12799,0,2,larsonthekidrs
12800,0,2,kiyoung-Lee
12801,0,5,jaymjax1
12802,0,4,andersonkxiass
12803,0,15,mguilhermetavares
12804,263,2,DobaKung
12805,0,4,tiagosoares94
12806,0,6,markuspoerschke
12807,0,1,theonaciri
12808,0,2,takewiki
12809,0,7,gleydson
12810,132,1,Hornbill201
12811,0,2,FraYoshi
12812,0,44,Yisaer
12813,0,32,aalansehaiyang
12814,0,12,rafaecheve
12815,0,18,skaterdav85
12816,0,32,emptywalker
12817,0,12,stefanoeb
12818,0,2,LeandroCarolino01
12819,0,4,JingkaiTang
12820,0,1,jackman0
12821,0,6,muwenzi
12822,0,2,rogerpro
12823,0,5,chollier
12824,0,5,shincfk
12825,0,2,jacksonGross
12826,0,3,saginadir
12827,0,4,ipv4sec
12828,0,8,AlanGabbianelli
12829,0,3,MikoWhyWhy
12830,0,14,LovelyBuggies
12831,0,15,FantomX1-github
12832,340,2,mchingiz
12833,0,5,XuDeveloper
12834,0,2,tie
12835,0,5,Leighembee
12836,0,7,suqiang0313
12837,0,4,bactoria
12838,0,12,jastice
12839,0,9,Connor1996
12840,0,11,ocarlic
12841,0,10,roelvangils
12842,0,19,arjunbm13
12843,0,5,csong27
12844,0,75,html5cat
12845,0,3,BenGoBlue05
12846,0,43,micahgodbolt
12847,0,2,kaiyuzhao
12848,0,18,papachristoumarios
12849,0,9,renfengmei
12850,0,4,BisonQin
12851,0,1,coutar-a
12852,0,1,PasanBhanu
12853,0,1,micschwarz
12854,0,68,assertchris
12855,0,3,Lensgcx
12856,0,4,frinyvonnick
12857,0,94,linxid
12858,0,16,darron
12859,0,79,materliu
12860,0,2,saqib-ahmed
12861,0,2,sakhalkark
12862,0,2,deneb2016
12863,0,3,prateekgarg
12864,0,4,ftx
12865,0,2,Uner4s
12866,0,4,hang333
12867,0,56,AaronO
12868,0,7,linuxlewis
12869,0,6,lidiyam
12870,0,5,andrewmclagan
12871,0,1,gujian
12872,0,6,manyuanrong
12873,0,2,quenerapu
12874,0,6,rajathans
12875,0,7,bdbai
12876,0,15,su27
12877,0,17,taqimustafa
12878,0,10,Jiede1
12879,0,3,PhilippPelz
12880,0,5,dereknguyen269
12881,0,28,influxweb
12882,0,1,johnnybridges
12883,0,1,amansingh9097
12884,0,65,amannayak0007
12885,0,52,silvenon
12886,0,13,annejan
12887,0,12,broven
12888,0,5,matvi3nko
12889,0,4,lbdremy
12890,0,1,Soulike
12891,0,1,sitongan
12892,0,30,imdbsd
12893,0,8,dvdwasibi
12894,0,55,sam0hack
12895,0,8,54853315
12896,0,6,david30907d
12897,0,2,bazilio91
12898,0,2,Thinkingcao
12899,0,3,domarcio
12900,0,23,Yijunmaverick
12901,0,2,hex13
12902,0,26,aditnryn
12903,0,70,tamalsaha
12904,0,1,MReis89
12905,0,1,tdopires
12906,0,13,AliBedaer
12907,0,6,dsalahutdinov
12908,0,10,antuotuto
12909,0,5,ealipio
12910,0,1,Ellest
12911,0,1,helboukkouri
12912,0,12,pwalsh
12913,0,14,bendik
12914,0,4,Haoxiang-Wang
12915,0,1,Boukary
12916,0,2,ndrwtrsk
12917,0,4,Sahil-Tah
12918,0,2,catscarlet
12919,0,7,AloneGu
12920,0,36,FounderIsShadowWalker
12921,0,74,Foxandxss
12922,0,5,MacPu
12923,0,11,jorgimello
12924,0,6,ahoarau
12925,0,1,sylvain1811
12926,0,5,jianghurong
12927,0,7,herozhou
12928,0,13,gdams
12929,0,22,ahnsv
12930,0,3,jumpingfrog0
12931,0,11,fictorial
12932,0,20,danielpacak
12933,0,2,codermarcos
12934,0,8,simpleshadow
12935,0,1,radkomih
12936,0,12,jeffreyhanson
12937,0,1,AkilLis
12938,0,3,mlqmlq
12939,0,7,miaow1988
12940,0,1,adriacabeza
12941,0,3,jakeboyles
12942,0,5,nirjharlo
12943,0,2,eynol
12944,0,5,jdforrester
12945,0,4,saprative
12946,0,3,JavierGarcia-Vidal
12947,0,18,bmuenzenmeyer
12948,0,1,cajacko
12949,0,3,tilfin
12950,0,5,k5o
12951,0,1,kbarralon
12952,0,1,martastain
12953,0,1,nathanielcompton
12954,0,10,ChauMing
12955,0,3,enlicayomer
12956,0,7,NineLeo
12957,0,29,jagroop
12958,0,11,thedavidmeister
12959,0,7,romeo57
12960,0,2,hantumobil
12961,0,4,JaxonWright
12962,0,3,kateile
12963,0,6,ace-racer
12964,0,2,harryi3t
12965,0,3,allanlasser
12966,0,19,AcceptedDoge
12967,0,25,Zheaoli
12968,0,48,Vheissu
12969,0,1,qilip
12970,0,2,prohit99
12971,0,29,ravencrown
12972,0,1,jinxuan
12973,0,3,7ayden
12974,0,8,MattSurabian
12975,0,1,jl54
12976,0,23,olejrosendahl
12977,0,11,icochico
12978,0,176,ruotianluo
12979,0,3,Limmen
12980,0,2,e30chris
12981,0,1,dumbest
12982,0,5,kaoru
12983,0,13,ChadCSong
12984,0,11,accforgit
12985,0,62,Keystion
12986,0,51,halfcrazy
12987,0,1,sirghiny
12988,0,12,dovahcrow
12989,0,11,hanhdt
12990,0,2,rajeshvaya
12991,0,4,GroverChouT
12992,0,44,tgy
12993,0,1,justinblough
12994,3,2,billstark
12995,0,9,mac-s-g
12996,0,38,stephenafamo
12997,0,4,PhilipChicco
12998,0,3,mindreeper2420
12999,0,3,alimirayman
13000,0,1,luisguilhermemsalmeida
13001,0,2,aydinozturk
13002,0,2,filipefalcaos
13003,0,3,luisalcarasr
13004,0,2,TankMermaid
13005,0,3,cnevinc
13006,0,2,kgdinesh
13007,0,15,SohanChy
13008,0,2,kvananth
13009,0,42,paragonie-scott
13010,0,11,itjhDev
13011,0,9,h0h0h0
13012,0,2,shahabio
13013,0,23,artisin
13014,0,4,ZZinKin
13015,0,3,fathahnoor
13016,0,7,Msdhu
13017,0,1,HaroldXiong
13018,0,13,daydream-like
13019,0,36,Elson8080
13020,0,3,aptlyundecided
13021,0,3,BanuSelinTosun
13022,0,2,Qs-F
13023,0,11,jwdinius
13024,0,12,jmslbam
13025,0,1,ShirleyLii
13026,0,3,ptrstovka
13027,0,24,irsisyphus
13028,0,148,drnic
13029,0,3,bordeux
13030,0,11,leewaycn
13031,0,1,RishavR
13032,0,12,MattixNow
13033,0,5,schoeu
13034,0,14,garrettwilkin
13035,0,1,HeZhang1994
13036,0,5,slashtu
13037,0,1,filipnils
13038,0,4,leanstartpad
13039,0,6,sevencai
13040,0,1,pawlisiak
13041,0,2,nlw0
13042,0,44,sdtsui
13043,0,2,apitlekays
13044,0,3,LazarusX
13045,0,1,hmfs
13046,0,3,cmaquera
13047,0,14,BillQiu
13048,0,2,dthtien
13049,0,6,scorix
13050,0,1,Petermuturi
13051,0,20,Aedron
13052,0,4,CathyMacars
13053,0,7,Jimeno0
13054,0,5,SKoschnicke
13055,0,5,ranrantu
13056,0,21,jasperfurniss
13057,0,5,HMJiangGatech
13058,0,188,NghiaTranUIT
13059,0,11,mcav
13060,0,14,okunokentaro
13061,0,6,auguwu
13062,0,19,liamcottle
13063,0,33,geeknam
13064,0,11,cokencode
13065,0,6,thehack
13066,0,3,luciotbc
13067,0,4,gliyao
13068,0,1,caofangkun
13069,0,24,helielson
13070,0,3,alistra
13071,0,2,lsyzddd
13072,0,27,rafaellyra
13073,0,1,moitreebasu1990
13074,0,2,gremy
13075,0,6,maduhu
13076,0,13,rubenmoya
13077,0,1,ssekuwanda
13078,0,28,chenkovsky
13079,0,6,aenglisc
13080,0,3,koushik-elite
13081,0,4,shahabty
13082,0,8,iqraceme
13083,0,39,jvandemo
13084,0,9,ogail
13085,0,4,owcc
13086,0,4,ahebwa49
13087,0,8,op1ekun
13088,0,3,ivarprudnikov
13089,0,1,Sudhir-Kumar-K
13090,0,5,erip
13091,0,33,ramonvictor
13092,0,9,danielgraycode
13093,0,1,gaabrielfranco
13094,267,2,innagorda
13095,0,4,Jirapong
13096,0,4,montimaj
13097,0,4,BDavis56
13098,0,3,babywade
13099,0,29,shaform
13100,0,10,shaundon
13101,0,3,marinang
13102,0,12,daydaygo
13103,0,3,nickreynke
13104,0,14,CFMystery
13105,0,1,RTC1
13106,0,17,theashraf
13107,0,6,rushabhshah341
13108,0,6,bpollack
13109,0,6,alvaropaco
13110,0,2,marc-fiedler
13111,0,4,iPazooki
13112,0,42,kakutani
13113,0,9,jupbarrera
13114,0,46,neoFelhz
13115,0,1,samlogan
13116,0,2,praveenkishor123
13117,0,1,XESDog
13118,0,1,qqmzqq
13119,0,34,mcc108
13120,0,4,rgertenbach
13121,0,3,korobool
13122,0,15,mikedillion
13123,0,1,opensourceportfolio
13124,0,8,imgurnoor
13125,0,1,thesobercoder
13126,0,1,dawneraq
13127,0,2,jeffwalsh
13128,0,3,jungleyu
13129,0,4,jreyes
13130,0,12,HuangZhenyang
13131,0,4,cdburgess
13132,0,7,gihankarunarathne
13133,0,10,haukurk
13134,0,6,sesay
13135,0,3,kevinslin
13136,0,5,thefuture2092
13137,0,56,nahidulhasan
13138,0,2,phlegx
13139,0,3,ToughStoneX
13140,0,7,gauravparmar
13141,0,10,ImadSalimi
13142,0,9,Royedc4
13143,0,5,jaredthirsk
13144,0,5,gusdnd852
13145,0,24,buraksezer
13146,0,12,leonhe
13147,54,2,Tanami
13148,0,2,kandarpck
13149,0,10,Jamp
13150,0,2,ouyangwenyuan
13151,0,3,MaggiePas
13152,0,14,dheera
13153,0,3,tianyeblack
13154,0,3,manyxu
13155,0,21,lizy14
13156,0,16,klyburke
13157,0,5,jnsdrtlf
13158,0,10,SurfaceW
13159,0,9,klokie
13160,245,2,RenQilei
13161,0,6,Jack-Kin
13162,0,4,joshmasen
13163,0,58,drdpedroso
13164,0,2,nicszerman
13165,0,1,Guneetkaur03
13166,0,2,livedo
13167,0,1,luizcoder
13168,0,2,AamuLumi
13169,0,27,jiangzhonglian
13170,0,5,mpscholten
13171,0,10,badnotes
13172,0,6,Hangwei12358
13173,0,3,claylaut
13174,0,1,ankushbhatia2
13175,0,7,evias
13176,0,9,greenlaw110
13177,0,104,kuitos
13178,0,4,ayehninnkhine
13179,0,1,ramshid
13180,0,2,abhishek021
13181,0,12,brkattk
13182,0,1,Dhivin
13183,0,4,korneliakobiela
13184,0,6,Loopiezlol
13185,0,18,jiyuzhuang
13186,0,23,soeaver
13187,0,2,Nava2
13188,0,9,tOOnPT
13189,0,22,hibariya
13190,0,1,Streek
13191,0,17,takuyan
13192,0,4,DenialAdams
13193,0,6,ShivamPanchal
13194,0,6,JunpengCode
13195,0,11,jiachengxu
13196,0,2,adeperio
13197,0,41,simoninithomas
13198,0,44,hackerwins
13199,0,16,lessthanzero
13200,0,7,Croasdell
13201,0,1,nerutenbeck
13202,0,6,QCaudron
13203,0,1,MonsieurMan
13204,0,88,kaustubhhiware
13205,0,1,heyrict
13206,0,3,lzambrano18
13207,0,1,Fan4530
13208,0,5,hiwelo
13209,0,7,ericoloewe
13210,0,17,Bitzo
13211,0,10,jhyejun
13212,0,17,lukebrooker
13213,0,10,jiecaoyu
13214,0,4,Chandler
13215,0,29,izniburak
13216,0,1,judewang
13217,0,6,chanonroy
13218,0,2,himanshusainie
13219,0,5,kurten
13220,0,3,Kuloud
13221,0,7,scuxiayiqian
13222,0,1,Timson020
13223,0,4,martinuray
13224,0,44,Auwalms
13225,0,50,aaronfrost
13226,0,10,segdeha
13227,0,1,javeeddanyal
13228,0,7,mravinale
13229,0,2,thirunjuguna
13230,0,11,jarinosuke
13231,0,1,lvleihere
13232,0,4,emannuelOC
13233,0,3,mattdean1
13234,0,7,gsaini
13235,0,9,Vestride
13236,0,10,andreGarvin
13237,0,1,njuwangchen
13238,0,11,mickeyandkaka
13239,0,16,barnumbirr
13240,0,1,Pewww
13241,0,7,pengxueshan
13242,0,1,LunaGao
13243,0,3,cedricmay
13244,0,1,Romanchuk
13245,0,13,michel-kraemer
13246,0,4,MilanBarande
13247,0,11,miSunLaughing
13248,0,13,tabshaikh
13249,0,10,Yemolai
13250,0,4,GHolk
13251,0,1,asaokamei
13252,0,42,jeongsd
13253,0,13,gentaiscool
13254,0,3,satishjasthi
13255,0,6,ommirandap
13256,0,7,apostolos
13257,0,18,ChrisPenner
13258,0,9,ChristopherDavenport
13259,0,19,jmhobbs
13260,0,1,onyame
13261,0,2,cfmitrah
13262,0,4,astleychen
13263,0,16,jhonsu01
13264,0,17,dvcrn
13265,0,4,Bloodevil
13266,0,2,raulquiros
13267,0,7,lifeng9472
13268,0,7,anyuxuan
13269,0,37,grzhan
13270,0,8,alanfm
13271,0,5,alibesinci
13272,0,2,KingMV
13273,0,49,daviddao
13274,0,5,amir5000
13275,0,3,tgergo1
13276,0,1,PaulAlbert31
13277,0,2,themistocleous
13278,0,3,klishevich
13279,0,10,lihonghong
13280,0,3,jsxtech
13281,0,4,jianglai3303
13282,0,2,GuidoRobertone
13283,0,16,honzabilek4
13284,0,81,technosophos
13285,268,2,nnresearcher
13286,0,3,SaketJNU
13287,0,9,sangle7
13288,0,5,mcamis
13289,0,4,GBLin5566
13290,0,7,adaptive
13291,0,11,hyzhak
13292,0,44,Splaktar
13293,59,3,ksun0
13294,0,97,farskid
13295,0,12,MewX
13296,0,4,phuongthuan
13297,0,3,AlexL777
13298,269,2,caiobsouza
13299,0,3,msp
13300,0,2,derrick-null
13301,0,34,dotangad
13302,0,4,davis1214
13303,0,22,loliverhennigh
13304,0,1,BoasE
13305,0,2,chrants
13306,0,2,RobBikmansurov
13307,0,13,czla
13308,0,2,nfsnfs
13309,0,3,meijing0114
13310,0,9,jasonwyatt
13311,0,2,hsqmlzno1
13312,0,1,jukkah
13313,0,2,javillerenas
13314,0,2,simon-jentzsch
13315,0,7,darthlukan
13316,0,11,penguwin
13317,0,4,shang1101
13318,0,15,fredemmott
13319,0,8,siberiawolf
13320,0,4,straversi
13321,0,4,benheart
13322,0,9,doonny
13323,0,4,MatthewRamsey
13324,0,3,PhilipJohnBasile
13325,0,8,hongphi
13326,0,1,snxq
13327,0,8,Subhankar29
13328,0,11,guillermo-carrasco
13329,0,20,greggawatt
13330,0,4,cleversonferreira
13331,249,2,kvas7andy
13332,0,7,sijichun
13333,0,1,jemnon
13334,0,5,hertzZhang
13335,0,13,opagani
13336,0,16,alienmao
13337,0,12,fengt
13338,0,65,JohnCoene
13339,0,40,Riccardo-Zanutta
13340,0,2,fredvaz
13341,0,6,adityas129
13342,0,5,osedoe
13343,0,3,m-muhsin
13344,0,8,ruizheliUOA
13345,0,1,shakaran
13346,0,7,HrsPythonix
13347,0,7,C-Lodder
13348,0,3,amankkg
13349,0,4,gabriel-barreto
13350,0,1,HatsuneMiku4
13351,0,3,mahdis24
13352,0,12,helje5
13353,0,7,strongme
13354,0,55,imsobear
13355,0,7,jiangzhubo
13356,0,7,dkypooh
13357,0,6,jhonvidal
13358,0,2,knottech
13359,0,5,ao10
13360,0,1,chetchavat
13361,0,18,noppoMan
13362,0,3,bryanculver
13363,0,5,madebyaris
13364,0,7,kimpro82
13365,0,181,carlosazaustre
13366,0,3,gabusingh
13367,0,8,srk97
13368,94,2,fkoessler
13369,0,3,86me
13370,0,1,billHinderman
13371,0,10,leonardosal
13372,0,1,bhavya01
13373,0,5,necraidan
13374,0,3,timbitz
13375,0,20,subratrout
13376,0,12,22NDL
13377,0,2,HAN-Yuqiang
13378,0,6,Viltaria
13379,0,10,edvorg
13380,0,1,landonia
13381,0,9,tajulasri
13382,0,2,liujunlingx
13383,0,7,GrumpyZhou
13384,0,4,timflutre
13385,0,13,hkamran80
13386,0,2,hjalves
13387,0,4,haczqyf
13388,0,1,Jtfinlay
13389,0,4,ScorpioDoctor
13390,0,2,SoyAndresHernandez
13391,0,6,aslamdoctor
13392,0,2,bbelgodere
13393,0,26,deftomat
13394,0,6,ZakharDay
13395,0,12,joaodubas
13396,0,67,lin-xin
13397,0,2,ritey
13398,0,1,bear1988520
13399,0,1,smirkcat
13400,0,2,roopalgarg
13401,0,17,shikhir-arora
13402,229,2,mattfromseattle
13403,0,4,SirawichDev
13404,0,1,j3mdamas
13405,0,8,qcer
13406,0,3,ikryukov
13407,97,2,mvshmakov
13408,0,4,hwang595
13409,0,12,terhuhf
13410,0,12,chrisosaurus
13411,0,4,duguyue100
13412,0,1,Abhi-1198
13413,0,135,benhamner
13414,0,1,FlappyDoraemon
13415,0,3,chentianyuan
13416,0,13,jiyanggao
13417,0,3,dancelion
13418,0,45,DeeJayElly
13419,0,8,asonni
13420,0,5,aburgd
13421,0,24,digantamisra98
13422,0,4,EstherLacan
13423,0,1,pradeepjairamani
13424,195,1,SOUMAJYOTI
13425,0,2,oaltman
13426,0,16,krrish94
13427,0,9,apendua
13428,0,5,hilezi
13429,0,7,metakirby5
13430,0,3,rocketeerli
13431,0,16,litvintech
13432,0,5,akashchandwani
13433,0,2,naysumyat
13434,0,3,nicholasc
13435,0,3,ZekeXu
13436,0,3,bhuvanakundumani
13437,0,4,VincentCohen
13438,126,2,imdongchen
13439,0,15,teachmyself
13440,0,15,desilinguist
13441,0,16,4cm4k1
13442,0,6,debasmitdas
13443,0,10,CodeRhyno
13444,0,11,codingkapoor
13445,0,5,Jasonwang911
13446,0,2,tahaburak
13447,0,66,eserozvataf
13448,0,41,luisivan
13449,0,1,Sanghyun-Hong
13450,0,2,dkimot
13451,0,33,feebarscevicius
13452,0,35,shalldie
13453,0,3,jonathanGB
13454,0,6,gabubellon
13455,0,5,njpatel
13456,0,37,robertoentringer
13457,0,17,scholaronroad
13458,0,24,khusnetdinov
13459,0,9,arosenkranz
13460,0,19,owaishanif786
13461,0,6,mrlittlepig
13462,0,1,gerdm
13463,0,11,drat
13464,0,11,KathyReid
13465,0,2,KarloKnezevic
13466,0,13,letenkov
13467,0,5,clemblanco
13468,0,4,oxyberg
13469,0,2,abbaspour
13470,0,6,adamkaplan
13471,0,4,amdprophet
13472,0,28,PabloVallejo
13473,0,1,steve-perkins
13474,0,34,lizheming
13475,0,24,realslimshanky
13476,0,4,oliveiraev
13477,0,6,rencoo
13478,0,10,Nilex-Shinde
13479,0,1,ricyoung
13480,0,5,rzimmerman
13481,0,13,TheChanRProject
13482,0,8,bmatusiak
13483,0,4,RobbieMcKinstry
13484,0,8,Akronix
13485,0,4,launay12u
13486,0,63,HyunSeob
13487,0,30,VinayakBagaria
13488,0,16,KLC215
13489,0,9,brianbaliat
13490,0,25,jinguangyue
13491,0,3,hackplayerz
13492,0,7,paulbellamy
13493,0,9,lirunkai
13494,0,3,kbu1564
13495,0,11,doug-martin
13496,0,3,abrorysalman
13497,0,1,apokellypse
13498,0,7,WangXin93
13499,0,15,DarkKowalski
13500,0,8,crx4
13501,0,12,SheikhZayed
13502,0,12,linlicro
13503,0,9,cellier
13504,0,336,monkinco
13505,0,6,fobo66
13506,0,5,17Skye17
13507,0,3,cotran2
13508,0,4,kfwong
13509,0,13,benhaynes
13510,0,2,panyz
13511,0,6,minhbk
13512,0,9,jngaravitoc
13513,0,1,Jammy2211
13514,0,29,kopiro
13515,0,1,maz-dev
13516,0,6,heartstrings22
13517,0,1,corradodebari
13518,0,9,firecatzkj
13519,0,39,shaz13
13520,0,1,JanDC
13521,0,18,joferkington
13522,0,10,runceel
13523,0,3,fahidnasir
13524,0,55,EtherDream
13525,282,2,bbeldame
13526,0,28,acodercc
13527,0,27,Param-Harrison
13528,0,17,PEM--
13529,0,5,samundrakhatri
13530,0,3,futurus
13531,0,12,lihao1992
13532,0,1,briansmith80
13533,0,2,Timstarockz
13534,0,8,erkansivas35
13535,0,2,moon412
13536,0,2,tfriedel
13537,0,9,skeswa
13538,0,15,Moises404
13539,0,7,ko00wu
13540,0,4,rafaelqm
13541,0,9,JuanBarros2
13542,0,2,debojyoti-majumder
13543,0,5,gsomoza
13544,0,2,PhilWaldmann
13545,0,89,TIGERB
13546,0,5,sc0ttwad3
13547,0,7,artpar
13548,0,9,aliarsalankazmi
13549,0,15,Amine-Smahi
13550,0,8,pjmagee
13551,0,26,Nikunj-Gupta
13552,0,4,ksaynice
13553,0,9,klein0r
13554,0,10,aykamko
13555,0,20,felipebernardes
13556,0,4,SELO77
13557,0,2,kitar
13558,0,16,amerllica
13559,0,3,rasmushaglund
13560,0,10,manojbhadane
13561,0,1,liuyanwu
13562,179,2,kjacks21
13563,0,27,kshvmdn
13564,0,60,jony4
13565,0,32,davidnguyen179
13566,0,23,MedUnes
13567,0,7,krta2
13568,0,6,nelsonBlack
13569,0,8,TienPhuocNguyen
13570,0,3,dvdnwoke
13571,0,1,ahmetalsan
13572,0,14,aloptrbl
13573,0,3,srichakradhar
13574,0,41,BigBlueHat
13575,0,19,rodrigogs
13576,0,1,ravs333
13577,0,1,foobatman
13578,0,1,TomStuart92
13579,0,39,loklaan
13580,0,2,abigger87
13581,0,55,captbaritone
13582,0,4,PengInGitHub
13583,271,1,hovhanns
13584,0,4,Floriferous
13585,0,3,NOVAglow
13586,0,7,abnersajr
13587,0,40,ivanzotov
13588,0,1,IDisposable
13589,0,8,linevych
13590,0,3,jefersonla
13591,0,1,taigrr
13592,0,2,MrTung
13593,0,4,shritesh
13594,0,26,ProjectBarks
13595,0,4,bbichero
13596,0,1,lordjabez
13597,0,6,shoutakenaka
13598,0,349,felixrieseberg
13599,0,14,leimao
13600,0,2,Charmatzis
13601,0,1,pharazone
13602,42,4,huangjiancong1
13603,0,3,heyuanhao
13604,0,6,callzhang
13605,0,16,adamin1990
13606,0,4,anktplwl91
13607,0,9,itsNikolay
13608,0,10,Yaowenjie
13609,0,63,jianfenkezhan
13610,0,1,nhatminh2947
13611,0,1,dirkhe1051931999
13612,272,1,artokun
13613,0,8,jeehoonkang
13614,0,2,gukun00
13615,0,10,YuHongJun
13616,0,2,CodingOX
13617,0,2,RussellJapheth
13618,0,5,JonanOribe
13619,0,9,NimaGhaedsharafi
13620,0,3,PaulKangLI
13621,0,2,joshvickerson
13622,0,37,danilosampaio
13623,0,9,sent-hil
13624,0,2,bingles
13625,0,22,jimmyyfeng
13626,0,15,huhuanming
13627,0,5,hadv
13628,0,7,ebarakazuhiro
13629,0,33,ivolo
13630,0,5,Rashwan
13631,0,2,iamjohnnyzhuang
13632,0,138,mattetti
13633,0,2,jorgik1
13634,0,11,Beingbook
13635,0,1,alexvndre
13636,0,5,damaera
13637,0,4,AnshumanPati
13638,0,2468,gabrielpconceicao
13639,0,4,kalabiyau
13640,0,13,StarHyx
13641,0,23,ashfaqrafi
13642,0,4,Jpwaldstein
13643,0,24,pangfumin
13644,0,9,rogeralbinoi
13645,0,11,shaun1x
13646,0,22,Liqiankun
13647,0,225,apaszke
13648,0,6,Kerollmops
13649,0,4,mverma16
13650,0,10,pelick
13651,0,1,thomaskimura
13652,0,1,gronel
13653,0,23,davibusanello
13654,0,25,caosuyang
13655,0,24,hardikp
13656,0,209,HenrikJoreteg
13657,0,2,ahmad2smile
13658,0,18,kefirski
13659,0,1,jaymesdowner
13660,0,5,jarosser06
13661,0,5,craigcabrey
13662,0,8,jinwei14
13663,0,113,decause
13664,0,34,statkclee
13665,0,14,filosganga
13666,0,1,chenweigao
13667,0,15,leandrodiniz
13668,0,13,behzadsh
13669,0,1,gnfisher
13670,0,11,jhonnymichel
13671,0,8,lorenmt
13672,0,13,cstrahan
13673,0,1,husencd
13674,0,2,Frossard
13675,0,4,thibautRe
13676,0,4,patrickcgray
13677,0,4,ashik94vc
13678,0,1,Liberuman
13679,0,2,rosemalejohn
13680,0,3,jackmoody11
13681,0,1,Cynthion
13682,0,12,carlosedp
13683,0,7,bluesjjw
13684,0,50,flavianohonorato
13685,0,32,reid
13686,0,33,jorilallo
13687,0,30,prometheansacrifice
13688,0,1,ejlok1
13689,0,45,jiegzhan
13690,0,5,engmsaleh
13691,0,4,rinka0414
13692,337,3,csxiaoyaojianxian
13693,0,17,jlsuarezs
13694,0,6,ashleyw
13695,91,2,drsmith48
13696,0,20,felipepodesta
13697,0,81,EvandroLG
13698,0,15,robmarano
13699,0,15,getsolaris
13700,0,11,s2tephen
13701,0,2,beheh
13702,0,1,paulopacitti
13703,0,21,Kritikalcoder
13704,0,3,mlabbe
13705,0,52,jalbertsr
13706,0,23,keeferrourke
13707,0,6,lorenaramonda
13708,0,163,amasad
13709,0,7,mmarchini
13710,0,2,kevincox
13711,0,46,hebertialmeida
13712,0,18,mdzhang
13713,0,14,borovik96
13714,0,18,EdisonChou
13715,0,16,harpribot
13716,0,4,calebjessie
13717,0,12,balitax
13718,0,17,shalithasuranga
13719,0,145,HcySunYang
13720,0,5,Inza
13721,274,1,ibrokemycomputer
13722,0,6,bianan
13723,0,4,0xv
13724,0,3,FYXX
13725,0,3,amarasovic
13726,0,9,lira92
13727,0,1,georgeblu1
13728,0,78,coolnameismy
13729,0,73,TheAdnan
13730,0,19,cryptoquick
13731,0,17,ericecchou
13732,0,1,nicholaswmin
13733,0,2,Dcampost89
13734,0,20,hylxsfh
13735,0,6,Ephys
13736,0,6,dougjuliao
13737,0,6,lobenichou
13738,0,11,sceley
13739,0,5,pykello
13740,0,19,n1try
13741,60,2,gordol
13742,275,1,bwighane
13743,0,9,Coder-Yu
13744,0,6,DexterShepherd
13745,0,3,patsy-issa
13746,0,7,JoshuaBatty
13747,0,6,allysonbarros
13748,0,3,malitov
13749,0,7,OhKanghoon
13750,0,4,rummik
13751,0,43,madisonmay
13752,0,12,innerspirit
13753,0,5,iamxiaoma
13754,0,16,roderik
13755,0,22,mikebozee
13756,0,2,danielrcardenas
13757,0,96,moocss
13758,0,76,gzc
13759,0,32,nurul3101
13760,0,1,TrunksLegendary
13761,0,104,philipperemy
13762,0,3,czd
13763,0,8,agroce
13764,0,19,VineINDalvik
13765,0,2,norswap
13766,0,2,marufaytekin
13767,0,9,peterayeniofficial
13768,0,35,passiweinberger
13769,0,22,lamosty
13770,0,41,eagletmt
13771,0,1,rgangu
13772,0,1,thedarsideofit
13773,0,69,LydiaCai1203
13774,0,55,indykish
13775,0,5,mortimr
13776,0,3,jiangxh1992
13777,0,25,fernandoguedes
13778,0,1,subratgoogle
13779,0,8,handark
13780,0,6,rumaniel
13781,0,4,akshaysharma096
13782,0,8,abdulrahman19
13783,0,113,IgorHalfeld
13784,0,10,IgtBLvjerry
13785,0,28,lindzh
13786,0,4,1221key
13787,0,12,silence
13788,0,66,Giando
13789,0,90,Carreau
13790,0,1,Akkowicz
13791,0,60,jeffersondanielss
13792,0,9,Presto412
13793,0,6,10thfloor
13794,0,2,bouland
13795,0,14,mazharul-miraz
13796,0,17,pedrosnk
13797,0,14,delano
13798,0,10,benweizhu
13799,0,2,jdrydn
13800,0,19,barinali
13801,0,33,sourabh2k15
13802,135,2,akshgods
13803,0,7,berbaquero
13804,0,31,abinashmeher999
13805,0,2,tianzhihen
13806,0,4,chenzhiguo
13807,0,1,jonzia
13808,0,1,chenchen2015
13809,0,3,archerslaw
13810,0,18,poppinlp
13811,0,36,huihut
13812,0,1,samlet
13813,0,9,darkfadr
13814,0,5,dinghuang
13815,0,3,marcellobarile
13816,0,19,frankyston
13817,0,5,ipatch
13818,0,12,rossmounce
13819,0,13,exah
13820,0,8,marclave
13821,0,2,elmargasimov
13822,0,20,nivit
13823,0,6,ahvonenj
13824,0,8,jasonweng
13825,0,3,favasconcelos
13826,0,1,jaywick
13827,0,13,caroaguilar
13828,0,3,joshdover
13829,0,3,rocboss
13830,0,6,sanealytics
13831,0,16,roger1993
13832,0,11,Penton
13833,0,35,remyleone
13834,0,9,rafaelwkerr
13835,0,4,Bob-Yeah
13836,0,94,quietshu
13837,0,11,jellycsc
13838,0,150,kitten
13839,0,2,MarioSo
13840,0,27,AndrewCarterUK
13841,0,4,Demian1996
13842,0,7,dankessler
13843,0,1,ramzzzay
13844,0,2,robinbastien
13845,0,7,nicojs
13846,0,2,gray1121
13847,0,3,jakesorce
13848,0,5,murat-kaya
13849,0,2,ianthekirkland
13850,0,1,cdingding
13851,0,10,bugWacko
13852,0,1,sakibsadmanshajib
13853,0,18,Opssy
13854,0,5,antoniofrignani
13855,0,6,athornz
13856,0,32,acoshift
13857,0,288,chentsulin
13858,0,2,RT-Rakesh
13859,0,2,iryanclarke
13860,0,5,Stosiu
13861,0,4,SabrinaMarkon
13862,0,1,matikin9
13863,0,14,syeddanish41
13864,0,1,renankabal
13865,0,9,nathakits
13866,0,3,exos
13867,0,14,HuangHongRui
13868,0,14,fortytw2
13869,0,2,TrW236
13870,0,3,philipgiuliani
13871,0,2,ericjeker
13872,0,82,lcp0578
13873,0,18,Parkseokje
13874,0,28,rossgoodwin
13875,0,10,boylegu
13876,0,11,PierreZ
13877,0,16,madsonviana
13878,0,2,daslaf
13879,0,4,memeda
13880,0,20,hiway
13881,0,10,Andr3wHur5t
13882,0,6,hunto
13883,0,142,BYK
13884,0,2,patrickcanny
13885,0,4,ecliptik
13886,0,1,morion4000
13887,0,18,mudin
13888,0,17,thomasraydeniscool
13889,0,4,Arathi
13890,0,16,brucetsao
13891,0,14,tadast
13892,0,3,aggre
13893,0,14,sonnyhcl
13894,0,6,mzaini30
13895,0,2,adamcrown
13896,0,9,mariusfeldmann
13897,0,1,snird
13898,0,4,keik
13899,0,3,osyoyu
13900,0,2,avyfain
13901,0,12,msawangwan
13902,0,22,pkulev
13903,0,82,kingcos
13904,0,4,israelg99
13905,0,1,onewh
13906,0,5,RafaelFronteira
13907,0,5,nabaonan
13908,0,14,AndreamApp
13909,0,6,737
13910,0,49,tdzl2003
13911,0,11,rudeigerc
13912,0,33,lbj96347
13913,0,3,anderskev
13914,0,2,Danziger
13915,0,1,originalsouth
13916,0,1,jisuanjixue
13917,0,1,mathieugauthier
13918,0,10,GNSubrahmanyam
13919,0,31,shazron
13920,0,4,pradeep910
13921,0,4,gsdefender
13922,0,16,lucassouzavieira
13923,0,18,likeucode
13924,0,14,nishithbsk
13925,0,1,newobj
13926,0,8,ssoper
13927,0,1,awatertrevi
13928,0,4,antonfisher
13929,0,5,mrk-han
13930,0,7,danielkaczmarczyk
13931,0,19,importjake
13932,0,53,guilhermebr
13933,0,2,droter
13934,0,15,rakhi2104
13935,0,1,ZiruiZhao
13936,0,3,giappv
13937,0,6,LoicGoyet
13938,0,4,Jenpaulino3
13939,0,4,ChiefKleef
13940,0,7,hiyangguo
13941,0,10,simonwoo
13942,0,2,sprite728
13943,0,1,huwenwen
13944,0,16,joni2back
13945,0,2,mnavarrocarter
13946,0,6,Mezzle
13947,0,3,HaojiXu
13948,0,5,mssung94
13949,277,1,KenN7
13950,0,7,thoughtpalette
13951,0,1,llcruc
13952,0,16,FoghostCn
13953,0,43,forecho
13954,0,11,kiddkai
13955,0,52,piotrwitek
13956,0,2,leiboo
13957,0,1,agsarthak
13958,0,10,najibninaba
13959,0,2,samuel20miglia
13960,0,3,huttj
13961,0,1,Cerebro409
13962,0,7,Peterlhx
13963,0,9,0oneo
13964,0,2,RockySong
13965,0,27,kevinsimper
13966,0,3,masahitojp
13967,0,2,TomBresee
13968,0,1,NitinBuzz
13969,0,7,pielegacy
13970,0,1,jacobvaneijk
13971,0,2,sydnever
13972,0,7,samrocksc
13973,0,2,elailai94
13974,88,1,benielT
13975,0,4,smolnikov
13976,0,43,OYsun
13977,0,2,inantubek
13978,0,74,habedi
13979,0,20,timbroder
13980,0,15,icechen1
13981,0,1,arunahk
13982,0,3,GitBubble
13983,0,6,hairmare
13984,0,7,Jack-cool
13985,0,2,stepday
13986,0,12,RedJue
13987,0,3,MattFenelon
13988,0,2,nachao
13989,0,1,shivaylamba
13990,0,1,Lucasbrunoferreira
13991,0,92,cyan33
13992,0,25,ecto
13993,0,3,mpyeager
13994,0,106,amaurycatelan
13995,0,81,FeeiCN
13996,0,6,lihenggit
13997,0,14,chrisguitarguy
13998,0,143,hackjutsu
13999,0,15,rodcisal
14000,0,2,remyr
14001,0,7,m-esm
14002,0,8,tavaresrafa
14003,0,167,amiryeg
14004,0,1,nahody
14005,0,7,BerndDoser
14006,0,9,hakimkal
14007,0,7,lsqboy
14008,0,15,Unrooted
14009,0,11,ivanderbu2
14010,0,22,gabisurita
14011,0,8,PabloRR100
14012,0,18,flxwu
14013,99,1,LucasVigneron
14014,0,14,anandprabhakar0507
14015,0,7,mengxin1995
14016,0,4,terrifyzhao
14017,0,3,huanent
14018,0,54,coreygo
14019,0,37,paultag
14020,0,5,bunchjesse
14021,0,19,Lemonjing
14022,0,2,fachriza
14023,0,69,mono0926
14024,0,15,mbilwar
14025,0,23,allthesignals
14026,0,18,suyashmahar
14027,0,6,ZaidRehman
14028,202,1,SpirinEgor
14029,0,7,stylemistake
14030,0,3,limenet
14031,0,10,GaoleMeng
14032,0,17,Akayeshmantha
14033,0,5,igmarin
14034,0,4,otwm
14035,0,20,imwilsonxu
14036,0,37,alexdrone
14037,0,8,adammichaelwood
14038,0,22,realzbc
14039,0,3,mikkelkrogsholm
14040,0,8,hymns
14041,0,3,alcidesjunior
14042,0,6,pmzgit
14043,0,4,kristof
14044,0,18,kevincittadini
14045,0,10,MKimiSH
14046,0,3,nguyen190887
14047,0,12,EricPoker
14048,0,6,kyeongsoo
14049,0,24,smallmuou
14050,0,3,ludanfeng
14051,0,7,forsaken1
14052,0,4,RainesQiu
14053,0,2,pol
14054,0,12,etnlbck
14055,0,2,kblicharski
14056,0,10,tedeh
14057,0,32,fennifith
14058,0,3,FxPixels
14059,0,2,WSAyan
14060,0,2,EmAchieng
14061,0,3,simonwjackson
14062,0,7,radekstepan
14063,0,63,himanshukandwal
14064,0,13,VincentXWD
14065,0,2,allan-fk
14066,0,5,kenesparta
14067,0,20,donpark
14068,0,5,chaffeqa
14069,0,2,firoozye
14070,0,1,CookiesChen
14071,0,2,Aryal007
14072,0,5,fnzhan
14073,0,6,frost1990
14074,0,3,haifengwang
14075,0,5,kicumkicum
14076,0,8,chrisvnicholson
14077,0,2,Jarvl
14078,0,16,runawayhorse001
14079,0,13,KimMachineGun
14080,0,3,pokle
14081,0,1,ehab180hb
14082,0,2,hkvision
14083,0,48,Allianzcortex
14084,0,13,swoldemi
14085,0,3,codeSmart2307
14086,0,9,lancexiang
14087,0,62,tarsisazevedo
14088,151,1,levibe
14089,0,1,TheCrow1213
14090,0,10,kabirvirji
14091,0,4,marlontaro
14092,0,16,allysonsouza
14093,0,4,TimeSenz
14094,0,12,smiled0g
14095,0,16,coolgod
14096,0,3,sbishopwta
14097,0,2,rhamses
14098,0,23,brunowego
14099,0,66,52cik
14100,0,6,OctoberChang
14101,0,18,Gregoirevda
14102,0,3,FelixRilling
14103,0,4,ericyue
14104,0,74,searls
14105,0,11,huoxingyun
14106,0,4,edude03
14107,0,3,ShimmiChristo
14108,0,24,shaomingquan
14109,0,6,VOREVER
14110,0,12,hwen
14111,0,3,hgryoo
14112,0,10,ThomasBS
14113,0,7,Juntaran
14114,0,5,fairlyxu
14115,0,5,mehta-a
14116,0,2,gabeta
14117,0,1,philippearnaud
14118,0,3,thuanitdn
14119,0,4,evansims
14120,0,13,Hsankesara
14121,0,4,Charliekenney23
14122,0,1,RafaRochaS91
14123,0,7,ruslanguns
14124,0,6,duncanleung
14125,0,5,thankjava
14126,0,13,taichunmin
14127,0,24,ButchersBoy
14128,0,12,magnus-bergman
14129,0,1,DemoYolk
14130,0,3,AurelienLavorel
14131,0,110,henter
14132,0,14,abigaleypc
14133,0,2,fyeeme
14134,0,5,salil-gtm
14135,0,5,mrusme
14136,0,5,danielmitd
14137,0,14,anantjain6
14138,0,11,Abhishekmamidi123
14139,0,1,Dontcampy
14140,0,9,chenchau
14141,0,18,ashishpatel26
14142,0,4,mateusrodrigues
14143,0,2,luisFilipePT
14144,0,3,nterms
14145,0,3,mzane42
14146,0,4,KempfCreative
14147,0,4,jmwerner
14148,0,63,mohsen1
14149,0,25,ryanmcgrath
14150,0,5,dawran6
14151,0,5,letian0805
14152,0,11,LC-John
14153,0,3,Goamaral
14154,0,1,jennie
14155,0,10,neroze
14156,0,1,sktzwhj
14157,0,3,hoegertn
14158,0,2,jboxman
14159,0,6,nimomeng
14160,0,3,SHIVAPRASAD96
14161,0,22,EPSON-LEE
14162,0,2,BFTree
14163,0,18,Liar1995
14164,0,4,Shinepans
14165,0,6,abadojack
14166,0,2,shashank-bhatt-07
14167,0,1,OscarGarciaPeinado
14168,0,10,HuangQinJian
14169,0,8,Vincentic
14170,0,3,SnapluDJ
14171,0,27,statsmaths
14172,0,3,leejinlin
14173,0,4,marcusshepp
14174,0,2,mikerodham
14175,0,31,Dimillian
14176,0,182,smallnest
14177,0,73,Hawstein
14178,0,21,mao-wang
14179,0,15,ChengBinJin
14180,0,12,iallai
14181,0,1,miguel456
14182,0,10,renaudtertrais
14183,0,1,HamishBrindle
14184,0,1,nagoldivad
14185,0,38,orrsella
14186,0,31,JARVIS-AI
14187,0,20,agrafix
14188,0,2,Theodory
14189,0,4,rachael
14190,0,4,mohit3011
14191,0,31,lincode
14192,0,1,lugreen
14193,0,48,janicduplessis
14194,0,22,tameeshB
14195,0,14,beaulebens
14196,0,2,baoqchau
14197,0,7,aokon
14198,0,18,meso
14199,0,5,rodrigomata
14200,0,6,shivamanhar
14201,0,3,georgiana-gligor
14202,0,3,rangsimanketkaew
14203,0,24,solancer
14204,0,5,YupingLu
14205,0,23,ElRakabawi
14206,0,42,adam-paterson
14207,0,16,gabesoft
14208,0,3,rossnoble
14209,0,32,MrPowers
14210,0,21,Faiz09
14211,0,1,blueshen
14212,0,115,pazguille
14213,0,9,kayuri
14214,0,6,IAmJahoo
14215,0,1,CommissarMa
14216,0,1,betulays
14217,0,3,eaktadiur
14218,0,2,gsganden
14219,0,5,sahel01
14220,0,1,bncuthbert
14221,0,1,hubrewned
14222,0,2,psychokiller666
14223,0,2,danielgwood
14224,0,3,fomvasss
14225,0,6,sdemyanov
14226,0,2,crowphy
14227,0,22,nattatorn-dev
14228,0,84,HZooly
14229,0,10,sshekh
14230,0,6,litanlitudan
14231,0,4,sirius1024
14232,0,2,gyaan
14233,0,2,rodrigorf
14234,0,9,rpaschoal
14235,0,5,kushalbabel
14236,0,3,AmitKumarDas
14237,0,40,marioidival
14238,0,3,adjohn
14239,0,4,scherroman
14240,0,1,nutjane
14241,0,1,1TTT9
14242,0,982,sibelius
14243,0,6,lawkingchina
14244,0,7,kuailingmin
14245,0,1,bigali
14246,0,33,Watson1978
14247,0,8,hecto932
14248,0,2,liuyijiang1994
14249,0,44,pocke
14250,0,3,jzbyers
14251,0,5,djchie
14252,0,2,HUANGChaoLi
14253,0,1,adamsro
14254,0,3,thejoltjoker
14255,0,10,gyk001
14256,0,4,cliffhall
14257,0,2,kingsloi
14258,0,21,PatrickHeneise
14259,0,11,ilkeraltin
14260,0,7,AdityaPrasadMishra
14261,0,3,CallmeNezha
14262,0,28,alexaubry
14263,0,5,Gitsifu
14264,0,6,guoyunhe
14265,0,18,18boys
14266,0,4,mingshi
14267,0,1,lelanavilla
14268,0,10,lorderikir
14269,0,10,achiku
14270,0,13,sman591
14271,0,3,jhurtadojerves
14272,0,4,flobraeuer
14273,0,11,ekoz
14274,0,10,changda0616
14275,0,6,mariaclaudia
14276,0,6,arifix
14277,0,35,KidneyFlower
14278,0,1,fabiocarrara
14279,0,27,py7hon
14280,0,1,mianuddin
14281,0,5,mieky
14282,0,2,lucasvalentim
14283,0,18,abunashir
14284,0,1,esrrhs
14285,0,5,Alawaka
14286,0,45,Shyam-Chen
14287,0,17,SinanMtl
14288,0,5,obaaa8
14289,0,17,MehdiAbbanaBennani
14290,0,12,sungjuly
14291,0,5,danielmwakanema
14292,0,14,NeftaliYagua
14293,0,2,cn-tommy-lee
14294,279,2,AndyTQ
14295,0,27,ricalanis
14296,0,2,BGR360
14297,0,35,stowball
14298,0,32,hileix
14299,0,12,cliens
14300,0,26,Fangyh09
14301,0,7,markroepke
14302,0,8,emj365
14303,0,6,lukedottec
14304,0,3,jaywilburn
14305,0,14,npujcong
14306,0,31,abhisekp
14307,0,55,johnowennixon
14308,0,1,pvels
14309,0,4,jalabort
14310,0,2,SoftlySplinter
14311,0,1,abhishekezzy
14312,0,3,guilhermehtk
14313,0,2,dE-Falt
14314,0,2,andfaulkner
14315,0,6,2madera
14316,0,39,crazydonkey200
14317,0,5,beiciliang
14318,0,23,nglgzz
14319,0,76,spro
14320,0,4,pm3310
14321,0,4,appachan
14322,0,3,andrewglancy
14323,0,5,thedanielforum
14324,0,20,Abhey
14325,0,14,MichaelKreil
14326,0,9,reveriezhu
14327,0,4,dasunpubudumal
14328,0,1,chapterjason
14329,0,2,lebseu
14330,0,5,lode
14331,0,6,izatop
14332,0,23,papagunit
14333,0,1,gbih
14334,0,96,T-Jedsada
14335,0,1,ChiangF1943
14336,0,2,MeoBeoI
14337,0,9,aslafy-z
14338,0,10,mookofe
14339,0,2,christiaanwesterbeek
14340,0,6,Gloriabhsfer
14341,0,58,se77en
14342,0,4,tanishq1g
14343,0,1,sharnjit1
14344,0,1,pengyan5945
14345,0,1,Bronskiy
14346,0,20,JuanDelgadillo
14347,0,4,mangya
14348,0,15,tanakaworld
14349,0,15,inexistence
14350,0,12,poopsplat
14351,0,3,ABAtanasov
14352,0,127,Jiankai-Sun
14353,0,14,lexiaoyao20
14354,0,1,Yizong98
14355,0,1,supersun17
14356,0,16,MeFirebird
14357,0,6,CareyToboo
14358,280,1,harrymee123
14359,0,1,ohaicristina
14360,0,4,schen57
14361,0,20,RamirezAlex
14362,0,5,lzfelix
14363,0,20,sebastiandeutsch
14364,0,2,LonSilent
14365,0,1,kamilien1
14366,0,24,manuelbieh
14367,0,2,jimouris
14368,0,11,KornbergFresnel
14369,0,3,andrelotto
14370,0,5,florianmari
14371,0,8,atla5
14372,0,7,catenare
14373,0,3,leondeng
14374,0,2,reyostallenberg
14375,0,4,lusentis
14376,0,4,JTJL
14377,0,14,ltm0203
14378,0,3,ZzzJzzZ
14379,0,88,AbdullahGhanem
14380,0,19,rothgar
14381,0,22,nickzheng
14382,0,1,mukilane
14383,0,10,kylefritz
14384,0,9,chatoo2412
14385,0,9,flipjs
14386,0,9,facontidavide
14387,0,1,RimoChan
14388,0,12,onegrx
14389,0,3,randilfernando
14390,0,2,snandy
14391,0,3,andrewgarner
14392,0,7,GayanSampathManamendra
14393,0,6,pinddFull
14394,0,6,SteveBronder
14395,0,37,isfaaghyth
14396,0,5,ClaudeSeo
14397,0,3,bpatyi
14398,0,2,BYWallace
14399,0,20,quanpower
14400,0,364,Huxpro
14401,0,4,juliancorrea
14402,0,28,fancymax
14403,0,2,pauljamescampbell
14404,0,6,Squadrick
14405,0,12,lojals
14406,0,7,jik1992
14407,0,1,HarrisonB
14408,0,5,jfrux
14409,0,25,awong1900
14410,0,8,mwcz
14411,0,2,Creodahn
14412,0,10,sergey48k
14413,0,10,dimapasko
14414,0,24,Sitebase
14415,0,2,shaynair
14416,0,22,bluzi
14417,0,75,HIKALU-Z
14418,0,21,JayKan
14419,0,4,seafoam6
14420,0,44,5HT
14421,0,23,githubcyc
14422,0,49,dmop
14423,0,16,dhruvasagar
14424,0,10,imwithye
14425,0,8,puhitaku
14426,0,1,bnd170
14427,0,10,maltoseslope
14428,0,9,the7th
14429,0,3,SuperITMan
14430,0,23,MAYDAY1993
14431,0,1,WebCrew
14432,0,4,clintonhalpin
14433,0,9,kaosb
14434,0,4,lostinet
14435,0,12,Roach
14436,0,50,ahsansher
14437,0,5,iamalirezaj
14438,0,10,attawutn
14439,0,12,jyjunyz
14440,0,1,FerrielMelarpis
14441,0,8,chesleybrown
14442,136,4,rasmus
14443,0,34,marceloogeda
14444,0,2,kirnh
14445,0,3,ncurrier
14446,0,2,andytian1991
14447,0,2,bwangila
14448,0,2,Nucs
14449,0,2,chenx376
14450,0,2,leq382121
14451,0,3,schdck
14452,0,7,takehiro-takahashi
14453,0,13,allefbr
14454,0,7,Ch4osMy7h
14455,0,1,tbenning
14456,0,1,ankur-gos
14457,0,2,Jafnee
14458,0,1,ethan-k
14459,0,1,pavanpucha
14460,0,11,jianlincheng
14461,0,6,gusanthiago
14462,0,6,harshil-shah004
14463,0,11,itabas016
14464,0,23,ceshihao
14465,0,1,XieShangxu
14466,0,44,ankitjain28may
14467,0,2,Tomatosoup97
14468,0,12,nkostic
14469,0,15,sunnyandgood
14470,0,8,muratayusuke
14471,0,6,XWHQSJ
14472,0,5,dgsrz
14473,0,16,TomorJM
14474,0,12,lemonlatte
14475,0,2,1989Ryan
14476,0,1,jehzlau
14477,0,8,mikedecr
14478,0,19,rdp
14479,0,20,SunDi3yansyah
14480,0,4,buxx
14481,0,6,langjun
14482,0,12,basiclines
14483,0,31,kangschampagne
14484,0,34,sidak
14485,0,44,hkirat
14486,0,5,szarnyasg
14487,0,7,suifeng123
14488,0,15,sp1thas
14489,0,18,ebinnion
14490,0,4,mengxj08
14491,0,3,fubst0318
14492,0,10,huchanwei123
14493,0,5,exherb
14494,0,3,lichao0x7cc
14495,0,4,sunstrikes
14496,0,1,mbonnefoy
14497,0,1,markmiller21
14498,0,23,amccloud
14499,0,12,MatissJanis
14500,0,24,Nickersoft
14501,0,16,marcw
14502,0,53,diemax
14503,0,25,JasonBai007
14504,0,5,hjh010501
14505,0,1,davepowell
14506,0,1,matrix-revolution
14507,0,2,hjc
14508,0,6,jonathanstegall
14509,0,10,InfiniteYuan1
14510,0,22,inarli
14511,0,55,omarkurt
14512,0,2,stevenliu216
14513,0,3,AdamTyler
14514,0,6,spawnrider
14515,0,21,JsonMa
14516,0,15,jejacks0n
14517,0,9,chrisetheridge
14518,0,11,jacoby
14519,0,19,raoenhui
14520,0,2,clwang
14521,0,1,skypenguins
14522,0,3,ducknorris
14523,0,1,MichaelDaum
14524,0,4,eltonsantos
14525,0,27,AkshayChordiya
14526,0,7,MikeBild
14527,0,7,epwalsh
14528,0,16,saurabhmathur96
14529,0,8,Legion112
14530,0,1,ctaleck
14531,45,2,tgfarias
14532,0,10,fmo91
14533,0,7,debarko
14534,0,21,blueyed
14535,0,2,lyh710
14536,0,10,robotcator
14537,0,33,paarthneekhara
14538,0,2,MatviiB
14539,0,26,fqnchina
14540,0,3,frumbert
14541,0,13,rtanglao
14542,0,29,Hanson
14543,0,5,shreyas-n
14544,0,4,matthisk
14545,0,4,bartchr808
14546,0,8,superbderrick
14547,0,3,innershows
14548,0,3,KatieTemrowski
14549,0,3,shivampesitbng
14550,0,10,InsaneNaman
14551,0,2,DTupalov
14552,0,2,jcasman
14553,0,5,DOkwufulueze
14554,0,9,jiangqideng
14555,0,10,mlocher
14556,0,2,naushadzaman
14557,0,12,mottosso
14558,0,113,callmecavs
14559,0,10,tildedave
14560,0,5,BigMurry
14561,0,10,mglukhovsky
14562,0,2,IamTao
14563,0,10,nosqlcoco
14564,0,4,dayDayUp0
14565,0,36,florinpop17
14566,0,9,fgolemo
14567,0,1,cesimar
14568,0,31,maggialejandro
14569,0,3,dshack
14570,0,3,s-shikharcse
14571,0,21,fokosun
14572,0,5,arinto
14573,0,5,achadha0111
14574,0,1,Jasonellen
14575,0,1,sunsetyan
14576,0,3,eddhannay
14577,0,6,chez14
14578,0,93,NomanGul
14579,0,2,Eric96
14580,0,8,sukeyang
14581,0,10,bolof2000
14582,0,2,LineCutFeng
14583,0,11,mattiaz88
14584,0,2,johnmelodyme
14585,0,1,MrTriskin
14586,0,56,HamzaAnis
14587,0,35,oldtree
14588,243,2,lixiao1k
14589,0,11,qiaoyunrui
14590,0,2,paidamoyo
14591,0,4,Raqbit
14592,0,6,ronanki
14593,0,105,Pana
14594,0,1,HaoQChen
14595,0,34,IYABAO
14596,0,9,naivechen
14597,0,2,ahmedhammad97
14598,278,1,jtguzman
14599,0,1,info2programmer
14600,0,5,narirou
14601,0,2,BackFront
14602,0,19,endlessdev
14603,0,8,alexcombessie
14604,0,3,jacobohunter
14605,0,5,sean1990
14606,0,57,paulohp
14607,0,2,JilvanPinheiro
14608,0,9,barelyknown
14609,0,28,huangjihua
14610,0,43,m1guelpf
14611,0,27,rubiagatra
14612,0,11,sarveshwarge
14613,0,12,hcwang95
14614,0,14,ityancs
14615,0,2,gitors
14616,0,7,jbowles
14617,0,3,jimmyliao
14618,0,30,biomassives
14619,0,20,helmedeiros
14620,0,5,roboticsexpert
14621,0,4,lucasvieirawerner
14622,0,1,soulreverie
14623,0,1,chuy5685
14624,0,62,Aaaaash
14625,0,1,KaunilD
14626,0,3,gpahal
14627,0,1,muryginm
14628,0,1,Nimishkhurana
14629,0,2,siamcomm
14630,0,4,joniler
14631,0,38,raninho
14632,0,5,TimDurward
14633,0,8,saveav
14634,0,8,sujaykundu777
14635,0,65,davidfurlong
14636,0,2,iyuge2
14637,0,103,nandomoreirame
14638,0,14,Lackoftactics
14639,0,34,L3au
14640,0,7,mohammed-ali-1
14641,0,2,logancrism
14642,0,25,adeyahya
14643,0,5,Dreamersoul
14644,0,11,AhmedNTS
14645,0,4,penghuili
14646,0,2,juliorosseti
14647,0,18,pedrogustavo
14648,0,132,frogermcs
14649,0,2,kenrube
14650,0,9,erikprogramador
14651,0,12,BhuvaneshwaranK
14652,0,13,fifsky
14653,0,10,aBARICHELLO
14654,0,6,gusnips
14655,0,66,meatballhat
14656,0,3,rajkumaar23
14657,0,3,ast850328
14658,0,16,fdavidcl
14659,0,1,boutetnico
14660,0,1,marffinn
14661,0,23,cksajil
14662,0,19,garris
14663,0,1,alecklandgraf
14664,0,28,Alro10
14665,242,2,20100507
14666,0,123,petrozavodsky
14667,0,12,sagrath23
14668,0,4,itsmealves
14669,0,11,jj0hns0n
14670,0,251,kitze
14671,0,2,ElMassimo
14672,0,1,AlfioEmanueleFresta
14673,0,2,Terrance-Whitehurst
14674,0,12,nicodinh
14675,0,1,hyunjunekim
14676,0,6,cmdalbem
14677,0,7,IanSmith123
14678,0,4,shyammohankanojia
14679,0,6,dboskovic
14680,0,9,jamietanna
14681,0,2,Shivam412
14682,0,30,jinlong
14683,0,106,chaoslawful
14684,0,15,moranzcw
14685,0,3,saludyan
14686,0,10,Superbil
14687,0,1,JerryCheese
14688,142,2,XingwXiong
14689,0,2,harusametime
14690,0,16,tansaku
14691,0,5,agentydragon
14692,0,1,CesarRiello
14693,0,19,CoderK
14694,0,26,jonarrien
14695,0,2,dechristopher
14696,0,36,HarleyHK
14697,0,1,MichaelRShelton
14698,0,7,nlauchande
14699,0,11,serv
14700,0,59,adulau
14701,0,11,huanhulan
14702,0,4,heycalmdown
14703,0,6,osakihsieh
14704,0,1,noobbull
14705,0,2,aroksetx
14706,0,8,SergioCNCruz
14707,0,23,nodebotanist
14708,0,58,sohamkamani
14709,0,3,JeanBarriere
14710,0,13,ruitian
14711,0,3,HishamMubarak
14712,0,117,huruji
14713,0,3,kheme
14714,0,5,KentoMoriwaki
14715,0,16,MostafaOkasha
14716,0,8,skrshisode
14717,0,4,LeBaux
14718,0,1,ragnaroks
14719,0,19,Neeke
14720,0,9,jirikuncar
14721,0,6,hanuor
14722,0,3,prateek18597
14723,0,4,prakass1
14724,0,1,bradeac
14725,0,1,prolonginc
14726,0,8,jamesseanwright
14727,0,4,andrewlaskey
14728,0,5,dkulyk
14729,0,36,JiaoYanMoGu
14730,0,17,JohnatanMaciel
14731,0,9,KingNoosh
14732,0,3,sunsky
14733,0,4,sroecker
14734,0,2,ajhaupt7
14735,0,30,jorgeucano
14736,0,3,cansurmeli
14737,0,2,Nanthini10
14738,0,19,itbeihe
14739,0,8,madhusudhan1234
14740,0,7,bareblackfoot
14741,0,1,bruno-buiret
14742,0,1,AlphaT3ch
14743,0,30,rishantagarwal
14744,0,6,MichaelBeechan
14745,0,30,roadt
14746,0,9,eduardomoroni
14747,0,2,Park9eon
14748,283,1,btucker
14749,0,107,tccpc
14750,0,7,packeted
14751,0,4,frank-lesser
14752,0,3,jbuisine
14753,0,2,abetancort
14754,0,2,shivakaushal
14755,0,38,FutureWL
14756,0,2,rockbass2560
14757,0,2,adc91
14758,0,2,dhuyvetter
14759,0,10,RyanMcG
14760,0,1,jiangjiane
14761,0,16,GeekTree0101
14762,284,2,ShoupingShan
14763,0,4,el3ctron
14764,0,8,NewProggie
14765,0,13,christianscott
14766,0,25,joaopereirawd
14767,0,13,efrenmartinez
14768,0,9,EmadAdly
14769,0,18,istiyakaminsanto
14770,0,6,heartstchr
14771,0,3,hx173149
14772,0,9,joedooley
14773,0,4,monkeyDledger
14774,0,16,KIDJourney
14775,0,1,piraka9011
14776,0,3,RobDesideri
14777,0,1,TaniyaAmidon
14778,0,2,giannidhooge
14779,0,2,daniviga
14780,0,2,htmelvis
14781,285,1,BinXia
14782,0,4,colealanroberts
14783,0,6,StuartSeupaul
14784,0,5,BladeCode
14785,0,18,diasbass
14786,0,1,joshuakevinjones
14787,0,9,napo
14788,0,25,itspriddle
14789,0,5,synaptiko
14790,0,17,Leolewin
14791,0,27,gdshen
14792,0,3,kevinb1989
14793,0,6,CausalReinforcer
14794,0,9,chshkfb
14795,0,1,LauraAubin
14796,0,70,mingrammer
14797,0,8,sudopluto
14798,0,9,juanitourquiza
14799,0,6,andela-lolali
14800,0,90,alexanderGugel
14801,0,8,griimick
14802,0,1,lincentma
14803,0,7,ShubhamUnique
14804,0,4,jeffmaran
14805,0,9,fridex
14806,0,1,jojotjebaby
14807,0,6,attheodo
14808,0,1,WangHL0927
14809,0,23,rojasjuniore
14810,0,11,ruidan
14811,0,2,anks333
14812,0,4,baytemizel
14813,0,6,ReachGoal123
14814,0,58,ehabdevel
14815,0,46,snavely
14816,0,3,cdhagmann
14817,0,26,ankurp
14818,0,6,tbrandii
14819,288,2,TheFloatingString
14820,0,5,floatflower
14821,0,3,lifebender
14822,0,3,pdressel
14823,0,11,loonggg
14824,0,6,s-chand
14825,0,1,MadsAdrian
14826,0,1,ssribeiro
14827,0,8,benedyktdryl
14828,0,34,dmsanchez86
14829,0,1,juan-cortes
14830,0,10,kinverarity1
14831,0,119,southwolf
14832,0,15,nathantannar4
14833,0,12,boblannon
14834,0,1,loneyor
14835,0,4,Deminem
14836,0,2,munazo
14837,0,3,Exileum
14838,0,3,soymelisa
14839,0,1,JuniorOcheiRuiz
14840,0,1,svHatch
14841,0,1,meisyarahd
14842,0,8,lestoni
14843,0,27,dabing1022
14844,0,1,goodwin64
14845,0,3,fatihkan
14846,0,26,fogsail
14847,0,13,intothedeep
14848,0,7,AGLcaicai
14849,0,1,DraStudio
14850,0,4,liujingyu
14851,0,1,raphaelcrv
14852,0,1,MaXuSun
14853,0,2,YeungJonathan
14854,0,18,mantoni
14855,0,3,mhelmetag
14856,0,11,TomDonoghue
14857,0,3,michaelgichia
14858,0,11,KagurazakaHanabi
14859,0,5,hejibo
14860,0,1,dongwenxiao
14861,0,3,cneskey
14862,0,10,karanthukral
14863,0,35,saniyusuf
14864,0,42,chusiang
14865,0,237,leizongmin
14866,0,3,ChristianWitts
14867,0,4,NicolasKun
14868,0,3,FR0NK3NST33N
14869,0,10,iannil
14870,0,9,Xiechengqi
14871,0,5,shailesh
14872,0,5,syedpeer
14873,0,50,pigcan
14874,0,6,durancu
14875,0,5,Wilsonilo
14876,0,3,anastasionico
14877,0,22,Lihuanghe
14878,0,18,audier
14879,0,51,khzaw
14880,0,2,Mythie
14881,0,24,ielgnaw
14882,0,11,syborg91
14883,0,1,essamamdani
14884,0,2,DmytroRomanenko
14885,0,4,paolodragone
14886,0,1,Chang1ng
14887,0,1,sentriz
14888,0,46,AweiLoveAndroid
14889,0,5,guyikcgg
14890,0,15,ChangerHe
14891,0,4,jeremychauvet
14892,0,1,IvoLimmen
14893,0,11,elberthuang
14894,0,45,VaJoy
14895,0,39,YanceyOfficial
14896,0,4,Mohamed-amin
14897,0,4,tanmayghosh2507
14898,0,2,LcritZ
14899,0,1,SammyVimes
14900,0,1,Aninstance
14901,0,12,iamwebwiz
14902,0,9,kmax12
14903,0,1,ninebitz
14904,0,3,mllobet
14905,0,73,devdrops
14906,0,3,AdrienGuille
14907,0,3,maximecolin
14908,0,2,JoccaWeb
14909,0,16,jsappme
14910,0,40,luqingyuan
14911,0,1,kidonchu
14912,0,4,Knorcedger
14913,0,6,nurdtechie98
14914,0,100,marceloboeira
14915,0,43,adityashrm21
14916,0,1,alexmcroberts
14917,289,2,taufiqelrahman
14918,0,48,ryzokuken
14919,0,5,renoiser
14920,0,2,LessTalk
14921,0,136,jackfranklin
14922,0,11,brunorbarroso
14923,0,13,leontius
14924,0,91,saghul
14925,0,37,cruisediary
14926,0,3,fangchen1993
14927,0,8,comcxx11
14928,0,9,coderlongren
14929,0,2,jorge-autogravity
14930,0,3,spmarisa
14931,0,12,fmut
14932,0,3,sajoku
14933,0,26,TBXark
14934,0,2,luqihang
14935,0,11,dongm2ez
14936,0,11,noneven
14937,0,1,philipschikora
14938,0,3,entomb
14939,0,7,Ray1993
14940,0,5,lindseybradford
14941,0,9,hilkbahar
14942,0,27,marcelometal
14943,0,3,shreeharshas
14944,0,17,hugorodrigues
14945,0,59,AnYuan
14946,0,8,2015qyliang
14947,0,15,gmethvin
14948,0,1,reinzor
14949,0,7,bdqnghi
14950,0,7,LouisFoucard
14951,0,2,malheirosrafa
14952,0,1,ht2
14953,0,3,Danielyan86
14954,0,729,rasbt
14955,0,18,aloyr
14956,0,8,michtesar
14957,0,17,buenhygoon
14958,0,1,ToWelie89
14959,0,8,gumption
14960,0,16,beaubutton
14961,0,2,08euccs014
14962,0,6,markvaneijk
14963,0,11,ronffy
14964,0,2,Daniel-Berger
14965,0,38,plentz
14966,0,15,sethmcleod
14967,0,10,kemalelmizan
14968,0,4,minimallinux
14969,0,4,stanleycyang
14970,0,21,sunnycase
14971,0,2,Azirius
14972,0,27,iZhangHui
14973,0,9,jpalardy
14974,0,12,jasonhargrove
14975,0,4,carlosbaia
14976,0,4,Jinsu-L
14977,0,2,KylinChang
14978,0,8,atezhill
14979,0,8,PJunhyuk
14980,0,1,fabianofilho
14981,0,10,furkanayhan
14982,0,3,helpermethod
14983,0,3,mrsufgi
14984,0,11,nycdavid
14985,0,3,llipe
14986,0,11,dfosco
14987,0,4,boluoweifenda
14988,0,4,dzervas
14989,0,3,Pseric
14990,0,4,junfenglx
14991,0,37,brylie
14992,0,4,medivhna
14993,0,4,throrin19
14994,0,10,capablemonkey
14995,0,5,ericmdantas
14996,0,4,fishcharlie
14997,0,18,Davidzhu001
14998,0,2,simonwangao
14999,0,5,leticiabernardo
15000,0,6,BingshuiDa
15001,0,18,gogolgrind
15002,0,5,srhcrete
15003,0,10,narulakeshav
15004,0,7,sehajyang
15005,0,5,jasonbraun
15006,0,2,mattfelten
15007,0,6,ifedyukin
15008,0,2,ashclarke
15009,0,4,Averroes
15010,0,2,adam-arold
15011,0,2,TMineCola
15012,0,1,ametzger
15013,0,5,arkadiusz-wieczorek
15014,0,53,meaton
15015,0,11,dextermb
15016,0,4,passiondroid
15017,0,8,shubh3794
15018,0,5,BillyOtieno
15019,0,3,markuskoehler
15020,0,2,pecker
15021,0,1,envil
15022,0,5,itzsid
15023,0,15,BarthesSimpson
15024,0,2,hzlshen
15025,0,14,dbgrandi
15026,0,26,ipasa
15027,0,3,JulianSlzr
15028,0,2,muhudu
15029,0,88,jasonmelgoza
15030,0,11,aorinevo
15031,0,5,leehong2005
15032,291,2,flufy3d
15033,0,3,ZhangShurong
15034,0,6,saphal1998
15035,0,2,heshouyou
15036,0,1,Basultobd
15037,0,2,git-anderson
15038,0,31,hyy1115
15039,0,1,lbjworld
15040,0,2,theeomm
15041,154,2,d-baranowski
15042,0,6,Troy96
15043,0,2,boxiangliu
15044,0,6,hizencss
15045,0,6,endelwar
15046,0,7,EzioL
15047,0,3,ferdiann
15048,0,7,Azzeccagarbugli
15049,0,4,mohammedibrahim
15050,0,1,sggggy
15051,0,2,spiroo
15052,0,5,psd
15053,0,1,Alchemist0823
15054,0,71,mikedewar
15055,0,5,Crystalh
15056,0,3,sendilkumarj
15057,292,2,BibhuPrasadPadhy
15058,0,4,YottaLee
15059,0,6,LLawlight
15060,0,9,i6448038
15061,0,12,papac
15062,0,6,jameslzhu
15063,0,3,glk-asdf
15064,0,2,mUtterberg
15065,0,25,DirtyF
15066,0,5,QzhouZ
15067,0,2,Songhuitang
15068,0,10,huaqianlee
15069,0,3,nbirkes
15070,0,5,mnjenga2
15071,0,11,ilhantekir
15072,0,3,georgegach
15073,0,12,Humbertzhang
15074,0,203,aspittel
15075,0,2,dshahin
15076,0,4,jaenudin86
15077,0,4,privateOmega
15078,0,2,YogeshDeveloper
15079,0,50,shenzhe
15080,0,10,XingxingHuang
15081,0,6,enjikaka
15082,0,5,manelgavalda
15083,0,3,bhavyaghai
15084,0,2,shercoder
15085,0,8,PGA68
15086,0,13,iammarvelous
15087,0,1,chenshanghao
15088,0,24,aantix
15089,0,6,fuzzyalej
15090,0,13,BertrandBordage
15091,0,2,darkliquid
15092,0,7,FrancisVega
15093,0,65,ppamorim
15094,0,9,felipebueno
15095,0,28,d0ugal
15096,0,12,kingRayhan
15097,0,2,shwanton
15098,0,3,Chromadream
15099,0,6,thismarcoantonio
15100,0,1,smokelore
15101,0,5,lfmexi
15102,0,4,CoxHong
15103,0,5,AnakinJiang
15104,0,34,jasdev
15105,0,22,mirmousaviii
15106,0,17,davidvela
15107,0,24,renanrboliveira
15108,0,63,mlent
15109,0,14,akiori
15110,0,97,petebacondarwin
15111,0,3,Scampensis
15112,0,6,sharathvignesh
15113,0,14,Angericky
15114,0,19,pajju
15115,0,147,Germey
15116,0,13,natronics
15117,0,10,hadiidbouk
15118,0,22,DiegoYungh
15119,0,8,JeremyLiao
15120,239,2,felixnielsen
15121,0,23,renganatha10
15122,0,13,miskcoo
15123,0,9,HackShitUp
15124,0,2,coffeepostal
15125,0,5,HarshCic
15126,0,2,sdroadie
15127,0,1,CodeFisheng
15128,0,18,brunomrpx
15129,0,8,niyogakiza
15130,0,17,ismasan
15131,0,32,stephlocke
15132,0,1,llqhz
15133,0,20,ataber
15134,0,110,ahangchen
15135,0,1,emunozlorenzo
15136,293,2,hankuipeng
15137,0,3,Samyoul
15138,0,3,deepakshankar94
15139,0,21,asifrpatel
15140,0,45,sunshineg
15141,0,4,birdayz
15142,0,23,PiXeL16
15143,0,110,mercyblitz
15144,0,14,hussein-aitlahcen
15145,0,23,shubhpatel108
15146,0,14,LearnShare
15147,0,19,Arinzeokeke
15148,0,9,oathsign
15149,0,12,JamesKyburz
15150,0,4,mojoaxel
15151,0,33,axay
15152,0,14,aryaminus
15153,0,5,dimensi0n
15154,0,9,johnduhart
15155,309,1,Xiaoyanpeng
15156,0,70,morajabi
15157,0,3,iShiBin
15158,0,7,khannavidur
15159,0,4,aryancodify
15160,0,5,randysecrist
15161,0,7,irscunha
15162,308,1,javiernistal
15163,0,4,ornab
15164,0,41,omermindivanli
15165,0,2,mounirrquiba
15166,0,16,ChafikHadjAbdouRazack
15167,0,4,timothykimemia
15168,0,6,josegoyo
15169,0,9,Najki
15170,0,9,momoko8443
15171,0,9,initialkommit
15172,0,4,0x01h
15173,0,3,GenialX
15174,0,2,eggie5
15175,0,9,harobed
15176,0,12,coin8086
15177,0,3,qualitydixon
15178,0,51,helderburato
15179,0,2,mugifly
15180,0,29,MohamedBassem
15181,0,119,shawnbot
15182,0,3,Dharnidharka
15183,0,33,DragonBe
15184,0,5,NoMan2000
15185,0,9,djwesto
15186,0,1,FishYuLi
15187,0,6,AshleyLv
15188,0,2,deltaidea
15189,0,6,hejazizo
15190,0,4,henryhuang
15191,0,928,sophiebits
15192,0,294,bcherny
15193,0,4,tarla
15194,0,33,1hakr
15195,0,14,gustavpursche
15196,0,4,emohamed
15197,0,1,balazsorban44
15198,0,7,kapouer
15199,0,16,AnneMedvedeva
15200,0,3,FFFra
15201,0,19,jobn123
15202,294,2,matthewbaykenney
15203,0,5,QuincyX
15204,0,5,eldimious
15205,0,1,Phunky
15206,0,10,garethredfern
15207,0,7,anglinb
15208,0,2,adilapapaya
15209,0,7,Hanul
15210,273,1,dasaCoder
15211,0,4,killuazhu
15212,0,2,MadMed677
15213,0,4,duanecilliers
15214,0,6,WilliamL1
15215,0,1,roshangautam
15216,0,9,lnikkila
15217,0,20,YangXuanyue
15218,0,20,odolbeau
15219,0,5,bearshng
15220,0,23,rcstr
15221,0,6,sjljrvis
15222,0,24,RaymondCoplin
15223,0,3,ahmad19
15224,0,5,mmostafa74
15225,0,15,amitavroy
15226,0,3,daidais
15227,0,3,flenczewski
15228,0,17,joalisson
15229,0,2,glennmatlin
15230,0,2,gmsa
15231,0,2,agtamasmiftahul
15232,0,4,klevo
15233,0,1,thalesfp
15234,0,2,Bcpoole
15235,0,10,ammont
15236,0,51,roylee0704
15237,0,46,jonsuh
15238,0,18,dr2009
15239,0,27,fititnt
15240,0,3,oddcoder
15241,0,116,danielbachhuber
15242,0,1,Kjue
15243,0,12,hugomn
15244,0,68,joehand
15245,0,7,alshell7
15246,0,3,duylaurent-tran
15247,0,3,ShahinSorkh
15248,0,16,komcal
15249,0,6,felipecabargas
15250,0,5,mkgareja
15251,0,13,BaffinLee
15252,0,17,farbodsalimi
15253,0,5,ictxiangxin
15254,0,5,SProst
15255,0,7,loujaybee
15256,0,8,taosher
15257,0,10,BoomLEE
15258,0,46,seandinwiddie
15259,0,7,claytonmarinho
15260,0,20,shivamvats
15261,0,7,Cclleemm
15262,0,7,amiroff
15263,117,2,supakornbabe
15264,0,2,lam-bun
15265,0,5,msikma
15266,0,42,SeanAvery
15267,0,4,guoxiangwen
15268,0,20,gstvribs
15269,0,10,Chen-Dixi
15270,0,53,dongyuanxin
15271,0,4,chang12
15272,0,1,suru-dissanaike
15273,0,5,ishalyminov
15274,0,29,Merlot1818
15275,0,6,bgreatfit
15276,0,2,alfa6661
15277,0,10,ahsyam
15278,0,64,pborreli
15279,0,4,mcrider
15280,0,1,nigamelastic
15281,0,20,intohole
15282,296,2,mgjohansen
15283,0,11,gustavokuklinski
15284,0,17,lizhonghui
15285,0,1,halvardos
15286,0,15,sdenike
15287,0,7,nabigraphics
15288,0,12,danleyb2
15289,0,7,hhuhhu
15290,0,2,antoscarface
15291,0,14,thebelin
15292,0,11,ctsa
15293,0,4,LiamWilbraham
15294,0,20,ssdr
15295,0,44,danielberkompas
15296,0,9,qihb
15297,0,2,kiritowch
15298,0,8,rootcss
15299,0,4,dinhquochan
15300,0,9,teriu
15301,0,1,jlettman
15302,0,2,mrhein
15303,0,7,GlitchXploitr
15304,0,3,Ather23
15305,0,3,jimspohrer
15306,0,5,omero
15307,0,2,qshuai
15308,0,3,salaros
15309,0,2,reicolina
15310,0,5,TemcoHeng
15311,0,2,olhapi
15312,0,18,dimiro1
15313,0,220,pkrumins
15314,0,5,mikedotexe
15315,0,2,itismouad
15316,0,11,omgbbqhaxx
15317,0,1,fetaxyu
15318,0,7,catchjack
15319,0,2,PCreations
15320,0,18,mostafafotoh
15321,0,101,Hongbo-Miao
15322,0,4,krishnanandula
15323,0,16,kevingimbel
15324,0,10,Wel2018
15325,0,11,hftsai
15326,0,1,nahid1991
15327,0,13,jayniz
15328,0,17,nguyenvanduocit
15329,0,1,erikmejias
15330,0,1,holdenrehg
15331,0,18,lydiali9
15332,0,18,guilhermewop
15333,0,56,robzhu
15334,0,2,kashishgupta1990
15335,0,6,soulim
15336,0,2,rojoko
15337,0,6,nick-chervov
15338,0,6,cfryan1990
15339,0,1,lexwraith
15340,0,8,Techwolf12
15341,0,5,faical-yannick-congo
15342,0,57,cucygh
15343,0,4,qq1074123922
15344,0,5,jeoanand
15345,0,2,CCYChongyanChen
15346,0,2,msales78
15347,0,2,chethanjjj
15348,0,2,pw1316
15349,256,2,JZubero
15350,0,1,awnali
15351,0,11,jflam
15352,0,5,ramonsantos
15353,0,5,rajujha373
15354,0,5,fvictorio
15355,0,28,purplecabbage
15356,0,23,edilsonborges
15357,0,4,ruo91
15358,0,4,dbrownjave
15359,0,4,techish
15360,0,2,firegrass
15361,0,18,jdkato
15362,0,5,ambroisemaupate
15363,0,7,ryanhartje
15364,0,15,IrfanBaqui
15365,0,3,ElonBrown
15366,0,14,Ikana
15367,0,1,iasonastopsis
15368,0,12,elvisyjlin
15369,0,21,anttiviljami
15370,0,14,Reusjs
15371,0,16,inlife
15372,0,6,dmmarmol
15373,0,5,JordanForeman
15374,0,2,tanukiti1987
15375,0,36,oanhnn
15376,0,3,redxtech
15377,0,29,iStig
15378,0,3,LevelCA
15379,0,15,iign
15380,0,6,hhland
15381,0,1,gkdreamz
15382,0,6,gopala-kr
15383,0,21,Durant35
15384,0,132,dynamicwebpaige
15385,0,4,Dianaaaa
15386,0,4,must
15387,0,6,maxzhang1985
15388,0,20,jsmestad
15389,0,2,ArangoGutierrez
15390,0,11,lidong1665
15391,0,1,Laurence-Cullen
15392,0,3,ZAYEC77
15393,0,1,chnhyg
15394,0,3,Young-Wang
15395,0,4,binaryaaron
15396,0,8,rrmerugu
15397,317,2,JINwonLEE
15398,0,3,archiebaer
15399,0,4,atolat
15400,0,1,mbagliojr
15401,0,5,attilah
15402,0,1,Aldairnatan
15403,0,17,ZhangBohan
15404,0,2,seawolf001
15405,0,325,IonicaBizau
15406,0,5,Yeshasvitvs
15407,0,11,obieda01
15408,0,6,dioney
15409,0,21,leevigraham
15410,0,6,johnny5550822
15411,0,16,mSobhy90
15412,0,26,RainCaiForest
15413,0,2,tianhaoz95
15414,0,9,marineb
15415,0,5,herrkaefer
15416,0,4,darkmastermindz
15417,0,7,SNUDerek
15418,0,3,AlanConstantine
15419,0,43,roomylee
15420,0,4,FuriosoJack
15421,0,11,desarrolla2
15422,0,3,ElyDantas
15423,0,10,rix1
15424,0,3,ismaelmartin
15425,0,4,mkhuthir
15426,0,4,delhomer
15427,0,9,daonb
15428,0,6,danmakenoise
15429,0,20,kucukkanat
15430,0,1,mrhso
15431,0,1,Kirk-KaiLU
15432,0,1,sparkling
15433,0,4,ric113
15434,0,7,alvarofpp
15435,0,7,Houweix
15436,0,17,Tyler-R
15437,0,4,kumarchinnakali
15438,0,5,sixleaves
15439,0,2,jaeykim
15440,0,5,kristianeschenburg
15441,0,3,fa137
15442,0,3,mcdavid109
15443,0,6,jingpeicomp
15444,0,7,frrmack
15445,0,16,alxwrd
15446,0,16,guotie
15447,0,21,izhengfan
15448,0,1,ruzzll
15449,0,3,Jay-Jay-D
15450,0,1,Alexey-Lukin
15451,0,3,Nifled
15452,0,2,sadeghmohebbi
15453,0,17,RecKy23
15454,0,28,rajeshkumarkarra
15455,0,1,Arul-
15456,0,7,dymx101
15457,0,28,krisai
15458,0,2,alihashmiii
15459,0,2,Jaymon
15460,0,241,lzyzsd
15461,0,1,devauxbr
15462,0,3,Yifan-DU
15463,0,1,kaikai-sk
15464,0,8,rajeshkpandey
15465,0,9,asimpson
15466,0,38,Xloka
15467,0,1,Jfreey
15468,0,2,buddy-yao
15469,0,11,heera
15470,0,15,JuneK3
15471,0,4,PLarboulette
15472,0,26,jfatta
15473,0,13,jpsirois
15474,0,9,b099l3
15475,0,2,gajendrajena
15476,0,5,KevinPayravi
15477,0,14,eXpl0it3r
15478,0,2,sofichael
15479,0,2,JimmyTinsley
15480,0,34,fnogcps
15481,0,14,teddyotieno
15482,0,2,jvilaplana
15483,0,1,AritroZen
15484,0,5,Carnageous
15485,0,10,dhinkris
15486,0,5,JohnStream
15487,0,45,lucianopf
15488,0,4,Weibozzz
15489,0,6,askuyue
15490,0,10,tanranran
15491,0,11,jonmorehouse
15492,0,30,mauroreisvieira
15493,0,4,ArekSredzki
15494,0,2,niladell
15495,0,118,mjhea0
15496,0,13,ivanportillo
15497,0,2,lxyisme
15498,0,4,sinannar
15499,0,24,ma2gedev
15500,0,17,SaumoPal97
15501,0,12,Kailash23
15502,0,8,margalit
15503,0,14,hoslack
15504,0,7,flauc
15505,0,2,chaikalef
15506,0,11,evertontatu
15507,0,1,orleika
15508,0,3,dannyelcf
15509,298,2,kevinhkliu
15510,0,4,AbdullahFaqeir
15511,0,6,hendrikebbers
15512,299,1,carsoncgibbons
15513,0,2,davicn
15514,0,13,JaeyeongYang
15515,287,3,SilverJun
15516,0,16,IceMimosa
15517,0,20,AdityaAS
15518,0,7,Kosai106
15519,0,9,jd730
15520,8,6,JackKing-defier
15521,0,2,awaseem
15522,0,5,nclsndr
15523,0,7,kevin-xu-158
15524,0,3,dskanth
15525,0,134,mohamedebrahim96
15526,0,7,huajh
15527,0,1,blitsoftwares
15528,0,56,Giovan
15529,0,4,tankcat
15530,0,19,elg0nz
15531,0,32,srinivasdamam
15532,0,11,sahitpj
15533,0,1,jasonraimondi
15534,0,1,rpertusalopez
15535,0,25,andrewflowers
15536,0,8,IsuruDilhan
15537,0,5,samtheprogram
15538,0,3,phckopper
15539,0,2,sunlanchang
15540,0,49,AmrMKayid
15541,0,2,FantasticGold
15542,0,7,denners777
15543,0,4,devxom
15544,0,13,rstaib
15545,0,7,WalderlanSena
15546,0,11,TheChymera
15547,0,5,mojtabaahn
15548,0,11,taehwanno
15549,0,8,jackboberg
15550,0,6,manufosela
15551,0,36,dennisotugo
15552,0,17,ky-zhang
15553,0,1,ATidiane
15554,0,172,summerblue
15555,0,40,chaoren1641
15556,0,6,mbinna
15557,0,28,cjiong
15558,0,3,imRishN
15559,0,2,davericher
15560,0,7,danielpetrica
15561,0,1,sheriffderek
15562,0,1,solo244
15563,0,10,nolines
15564,0,2,kbakozoda
15565,0,6,jpescada
15566,0,2,TrojanMe
15567,0,40,mateuspontes
15568,0,19,jackccrawford
15569,0,3,dilab
15570,0,22,itinance
15571,0,1,cschell
15572,0,6,omegascorp
15573,65,2,eugrdn
15574,0,5,iamchristough
15575,0,1,lychrel
15576,0,25,joshgillies
15577,0,14,stefania11
15578,0,10,pranavgupta1234
15579,0,4,motivic
15580,0,66,anantshah93
15581,0,1,theAmazingEngineer
15582,0,5,poonzah
15583,0,2,ipconfiger
15584,0,1,Sopamo
15585,0,12,petrgrishin
15586,0,35,tarun-dugar
15587,0,10,jfkirk
15588,0,1,AlaaProg
15589,0,3,AFu-1993
15590,0,6,errolyan
15591,0,34,bithavoc
15592,0,14,SnShine
15593,42,1,linhongbin
15594,0,16,FindNorthStar
15595,301,1,caballerojavier13
15596,0,8,maxime-lenne
15597,0,5,jlandure
15598,0,2,jacksonjp
15599,0,43,LuizGMiranda
15600,0,1,realdavidops
15601,0,4,N-W-Turash
15602,0,33,sunjinshuai
15603,0,21,mamund
15604,0,2,joshbruce
15605,0,11,cassianomon
15606,0,2,rohidjetha
15607,0,9,keweishang
15608,0,4,pjq
15609,0,14,LiinNs
15610,0,1,TRUMANCFY
15611,0,1,tianzhipengfei
15612,0,25,andrew-morris
15613,0,1,imaojun
15614,0,7,jonatanaxe
15615,0,6,nethergrim
15616,0,12,JCofman
15617,0,1,alecrobins
15618,0,4,gianfa
15619,0,4,sixfeetover
15620,0,1,revosftw
15621,0,59,joelpurra
15622,0,11,dvgamerr
15623,0,30,shd101wyy
15624,0,4,Bingmang
15625,0,7,lukasborawski
15626,0,5,kisanme
15627,0,27,roborourke
15628,0,2,materik
15629,0,11,Agrimonia
15630,0,10,ClownQiang
15631,0,9,jaylu
15632,0,6,qqyiyi
15633,0,1,aamir-mustafa
15634,0,12,hfuuss
15635,0,23,dacap
15636,0,5,heydenberk
15637,0,1,leafonsword
15638,0,31,YHGui
15639,0,4,samiarja
15640,0,3,fatokisamuel
15641,0,6,amoskyler
15642,0,16,therealechan
15643,0,23,ValiantCat
15644,0,5,egorzot
15645,0,5,floofydoug
15646,0,112,juanpicado
15647,0,9,satishgoda
15648,0,2,JefClaes
15649,0,3,basnijholt
15650,0,34,picolloo
15651,0,42,applenob
15652,0,4,Dipen-Dedania
15653,0,1,Gonmeso
15654,0,6,jose31canizar
15655,0,34,RocherKong
15656,0,5,fjlaubscher
15657,0,16,alexeybondarenko
15658,0,11,muub
15659,0,14,rarslan
15660,0,12,Siyanda
15661,130,3,tarcisiobruni
15662,0,1,lizhengdong
15663,0,3,Eralien
15664,0,14,1naveengiri
15665,0,17,aaditkamat
15666,0,5,kapilkd13
15667,0,19,108kb
15668,0,2,JB1984
15669,0,157,rgbkrk
15670,0,1,poqw
15671,0,20,themousepotato
15672,0,19,gyb997
15673,0,9,tankiJong
15674,0,1,StrickYan
15675,0,10,Ireneruru
15676,0,2,richdouglasevans
15677,0,5,mcreel
15678,0,2,Zhi-lin
15679,0,6,guillaume-chs
15680,0,18,aneesh-neelam
15681,0,23,monologg
15682,0,16,aychtang
15683,0,1,tdrcavallini
15684,0,6,reacherone
15685,0,6,richlloydmiles
15686,0,55,kevinmel2000
15687,0,17,JayBizzle
15688,0,6,adityajn105
15689,0,3,mauvilsa
15690,98,1,suppayami
15691,0,4,karloscarweber
15692,0,13,rmflight
15693,0,1,swxctx
15694,0,8,psi-4ward
15695,0,7,JafarAkhondali
15696,0,6,patocallaghan
15697,0,1,Gnekiah
15698,0,9,linxinzhe
15699,0,6,col1985
15700,0,10,a-y-u-s-h
15701,0,4,thiagomaia971
15702,0,10,maquannene
15703,0,4,anarchistMegaByte
15704,0,20,SeonHyungJo
15705,0,14,AdamMiltonBarker
15706,0,5,ni9elf
15707,0,12,spyl94
15708,0,1,nandiheath
15709,0,45,KIKOU2016
15710,0,2,AnkitaNaik
15711,0,4,LanceGin
15712,0,17,jerel
15713,0,16,sagebind
15714,0,4,adler-j
15715,0,7,Demonstrandum
15716,0,2,djgraham
15717,0,5,hebertporto
15718,0,9,JeanMertz
15719,0,2,fredrick-dominy
15720,0,4,segeljakt
15721,0,3,jamesalbert
15722,0,2,kylefraser
15723,0,1,Hansxsourse
15724,0,2,ksharsha
15725,0,5,ferdaber
15726,0,5,jbsilva
15727,0,14,jr0cket
15728,0,9,huangzhhui
15729,0,2,Edux87
15730,0,1,anhhd
15731,0,5,nothingrandom
15732,0,17,rbazinet
15733,0,13,bertugyilmaz
15734,0,3,pkaq
15735,0,7,nagula-ritvika
15736,0,4,sheroze1123
15737,0,11,jhsrcmh
15738,0,18,neolee
15739,0,6,kennedyCzar
15740,0,6,TLMichael
15741,0,4,saantiaguilera
15742,0,5,BravianZhao
15743,0,22,MizukiSonoko
15744,330,2,rafaelrpinto
15745,0,10,bdhobare
15746,0,5,hiyali
15747,0,5,gavgrego
15748,0,6,davidnuon
15749,0,1,fpaupier
15750,0,313,azer
15751,0,22,phaazon
15752,0,6,afshinakhgar
15753,0,2,LucasBadico
15754,0,3,paegle
15755,0,46,scalp42
15756,0,5,linpenghui958
15757,0,127,lonjoy
15758,0,3,danitico
15759,0,1,adrienbaron
15760,0,6,thiagovas
15761,0,5,scotmatson
15762,0,124,chendeshen
15763,0,4,ITGrocery
15764,0,1,lutsen
15765,0,2,ricpelo
15766,302,2,alaksana96
15767,0,2,andersonfranco
15768,0,4,cisprague
15769,0,9,hannespetur
15770,0,94,eligrey
15771,0,1,Taeyelor
15772,0,8,Madao-3
15773,0,7,geoffreysteven
15774,0,13,negarjf
15775,0,58,s
15776,0,1,shivamsngh
15777,0,4,ChenYingpeng
15778,0,38,Eamonnzhang
15779,0,58,ptigas
15780,0,17,arjinmc
15781,0,16,gwind
15782,0,2,TxusBlack
15783,0,1,rfernand2
15784,0,12,raae
15785,0,2,diogoalmeida
15786,0,1,anchitjain1234
15787,0,7,tathagata
15788,0,45,selfimprW
15789,0,4,cybernet
15790,0,22,glamrock
15791,0,61,lightSky
15792,0,2,rchriskoka
15793,0,3,ZhouShengsheng
15794,0,6,anton-rudeshko
15795,0,4,davemac
15796,0,2,MohamedDer
15797,0,10,52ai
15798,0,3,kampfkuchen
15799,0,117,MoienTajik
15800,0,6,gmenti
15801,0,1,madebymaze
15802,0,3,rafaelfs96
15803,0,2,sanid
15804,0,3,fakefred
15805,0,9,aliosmanyuksel
15806,0,58,moumen-soliman
15807,0,25,rayrutjes
15808,0,3,hillhao
15809,0,1,ebarsallo
15810,0,2,sfujiwara
15811,0,2,dskcode
15812,0,2,frankchen0130
15813,0,3,carlosrymer
15814,0,70,Eric-Guo
15815,0,18,GavinJoyce
15816,0,10,nymarya
15817,0,65,AlfiyaZi
15818,0,5,AliMirlou
15819,0,9,bodycoder101
15820,0,20,caseyyee
15821,0,4,Spandyie
15822,0,13,jenifferYingyiWu
15823,0,8,nino-t
15824,0,4,fahrradflucht
15825,0,19,ofonimefrancis
15826,0,35,bryanyzhu
15827,0,8,starship9
15828,0,14,greg606
15829,0,4,VitorBrangioni
15830,0,4,lfkopp
15831,0,15,imolorhe
15832,0,7,namelos
15833,0,1,germanocorrea
15834,0,4,jbdelhommeau
15835,256,2,LoveDuckie
15836,0,9,marwahmanbir
15837,0,11,Lewiscowles1986
15838,0,3,mohamedadly
15839,0,1,bbirdiman
15840,0,2,blue951
15841,0,2,jun-oka
15842,0,5,philihp
15843,0,49,saopayne
15844,0,1,meliani
15845,0,11,pmcalabrese
15846,0,16,simison
15847,0,2,Vince0H
15848,0,16,neargle
15849,0,7,bananos
15850,0,2,haripery
15851,0,1,joseantcordeiro
15852,0,2,greenSyntax
15853,0,8,MatheusRV
15854,0,3,rodrigoedamatsu
15855,0,31,purvanshi
15856,0,9,rdlugosz
15857,0,11,Benjamin-Lee
15858,0,3,j-collier
15859,0,2,10people
15860,0,4,DominicCabral
15861,0,5,shakee93
15862,0,8,nilsreiter
15863,0,34,PJijin
15864,0,5,leftnoteasy
15865,0,1,dpodvyaznikov
15866,0,2,ferreiratiago
15867,0,8,WeiFoo
15868,0,3,nicloay
15869,0,3,mikhailrojo
15870,0,5,sangamkotalwar
15871,0,6,liang3472
15872,0,1,LordKnows
15873,0,2,adamclerk
15874,0,3,mishapivo
15875,0,70,ecmadao
15876,0,13,Barrior
15877,0,3,dudu18xb
15878,0,10,jgmurillo10
15879,0,1,JohnTendik
15880,0,5,mdocter
15881,0,4,Durev
15882,0,6,mdesantis
15883,0,56,SFantasy
15884,0,1,peZhmanParsaee
15885,0,2,okischuang
15886,0,4,bpurcell
15887,0,27,justinjmoses
15888,0,4,Wanchaochao
15889,246,4,bencasalino
15890,0,1,OsamahDev
15891,0,1,mpigsley
15892,0,4,odinliu
15893,0,7,schleumer
15894,0,4,madhukard
15895,0,1,IbrahimAssad
15896,0,10,sguessou
15897,0,16,rozakbuhari
15898,0,4,lekevicius
15899,0,3,jiboncoco
15900,0,1,jiayuanyuan1011
15901,0,102,fabiomcosta
15902,0,40,li-xinyang
15903,0,22,jpgcode
15904,0,16,hezila
15905,0,34,jht5945
15906,0,165,thejeshgn
15907,0,16,li-haoran
15908,0,15,binbinmax
15909,0,8,SteGriff
15910,0,4,merexcursion
15911,0,8,pekingEye
15912,0,2,farhanafayez
15913,0,19,fmauricios
15914,0,25,stkevintan
15915,0,10,firehell
15916,0,35,mingomax
15917,0,2,jeffin143
15918,0,2,hiEmin
15919,0,9,everythingwillbetakenaway
15920,0,5,swtlovewtt
15921,0,49,LeCoupa
15922,0,2,shukob
15923,0,1,prudywsh
15924,0,34,MultiPath
15925,0,24,sup
15926,0,13,delphi0791
15927,0,17,fbkarsdorp
15928,0,14,Dinghow
15929,0,6,saleehk
15930,0,3,LeyNmania
15931,0,1,GuangxinZhang
15932,0,3,sagarkar10
15933,0,3,ComeOnGetMe
15934,0,1,fela98
15935,0,23,rainfore
15936,0,30,saro0h
15937,0,1,La-toile-cosmique
15938,0,7,gpawlik
15939,0,60,enxebre
15940,0,155,plrthink
15941,0,4,mrisoli
15942,0,18,gemmadlou
15943,0,4,jsjjl
15944,0,11,maskleo
15945,0,2,andres-valdes
15946,0,4,dlwilson88
15947,0,4,thekeenant
15948,0,29,felixSchl
15949,0,10,cmry
15950,0,17,hanasuke
15951,0,1,chaitanya-ramji
15952,0,23,noeljackson
15953,0,1,kortsmit
15954,0,12,Djiit
15955,0,4,davguij
15956,0,3,nikitadurasov
15957,0,5,raphaelbussa
15958,0,1,UltimateJupiter
15959,0,7,sagittaros
15960,0,1,joemewes
15961,0,41,aligundogdu
15962,0,8,macnie
15963,0,15,joelgallant
15964,0,10,shindesharad71
15965,0,10,SiamKreative
15966,0,21,arjunsk
15967,0,14,leonardosouza
15968,0,1,Runze
15969,0,10,HarshTrivedi
15970,0,18,joshuapassos
15971,0,26,laylalaisy
15972,0,5,mdonahoe
15973,0,2,jafjuliana
15974,0,5,alexgofman
15975,0,11,tavo1987
15976,0,2,kenkao
15977,0,13,pioug
15978,0,1,riteshsingh1
15979,0,1,JudyLipinski
15980,0,2,jordanrw
15981,0,1,jwohlfert23
15982,0,3,nickpersico
15983,0,4,charlesthk
15984,0,5,cyrilwanner
15985,0,1,Liyoh
15986,0,18,chenjuntong
15987,0,2,kassemshehady
15988,0,13,supgeek-rod
15989,0,4,ernestoacevedo
15990,0,33,Ceruleanacg
15991,0,5,MartinMSPedersen
15992,0,11,DfKimera
15993,0,1,Neofox
15994,0,228,mperham
15995,0,19,ramonornela
15996,0,4,Hutagt
15997,0,8,Willam2004
15998,0,6,grosenbaum
15999,0,3,AprilJoy
16000,0,5,arifpavel
16001,0,14,oscarCrespo
16002,0,7,itsngansense
16003,0,15,MahdiF
16004,0,16,adamwulf
16005,0,1,cmseaton42
16006,0,7,ajaybeniwal
16007,0,1,peterzhb
16008,0,15,dhduc
16009,0,2,lweein
16010,0,2,dcmrlee
16011,0,13,YourMobileGeek
16012,0,17,eherrerosj
16013,0,1,TaoLi-NYU
16014,0,2,alvin-hwang
16015,0,1,frewinchristopher
16016,0,13,ramakanthd92
16017,0,2,ZixiaWeng
16018,0,14,blackwatertepes
16019,0,2,sweaterr
16020,0,45,FeengQi
16021,0,14,bikash
16022,0,3,mjanssen
16023,0,2,Alfishan
16024,0,2,pddevins
16025,0,9,Mischi
16026,0,1,idw111
16027,0,6,mjpearson
16028,0,3,keepeye
16029,0,33,plibither8
16030,0,30,arbazsiddiqui
16031,0,2,EdwinKestler
16032,0,9,penyaskito
16033,0,30,ORESoftware
16034,0,3,laysakura
16035,0,3,sharikovvladislav
16036,0,4,hmillison
16037,0,49,ildoonet
16038,0,11,revdancatt
16039,0,16,dudemelo
16040,0,36,fjsj
16041,0,14,mikebronner
16042,0,20,mikofski
16043,0,16,brianmontanaweb
16044,0,32,mdshw5
16045,0,13,alanjames1987
16046,0,3,SalaheddineBoukhoulda
16047,0,5,leebrian
16048,0,1,jbalma
16049,0,2,chansecampbell
16050,0,26,shivanand217
16051,0,2,kodaman2
16052,0,4,akhileshdarjee
16053,0,3,ersatzryan
16054,0,7,Heilemann
16055,0,6,JasonLam0990
16056,0,1,davebayles
16057,0,62,omnidan
16058,0,2,alexcaza
16059,0,12,asndev
16060,0,16,shangraochq
16061,0,6,Antu7
16062,0,1,calebmichaelsanchez
16063,0,3,emmanuelsilva
16064,0,1,laochangxin
16065,0,1,sergormo
16066,0,13,HaohanWang
16067,0,46,dtysky
16068,0,5,HenryQW
16069,0,2,elemeNtk0
16070,77,1,alittlebitweird
16071,0,1,pirazor
16072,0,9,floogulinc
16073,0,14,nunosans
16074,0,14,findNextStep
16075,0,1,delaanthonio
16076,0,2,adamhenson
16077,0,3,mudio
16078,0,9,akashadhikari
16079,0,27,Wang-Shuo
16080,0,8,riya-17
16081,0,12,keenanpayne
16082,157,3,eshoyfer
16083,0,2,rajivraj
16084,0,4,fengbeibei
16085,0,4,TsHristov
16086,0,66,alyssais
16087,0,21,maasencioh
16088,0,16,alener
16089,0,2,Rudimo
16090,0,3,marcospeters
16091,0,3,nadsrosun
16092,0,8,Gowiem
16093,0,10,jwhitmire
16094,0,6,tavofigse
16095,0,58,fanghuaqi
16096,0,21,JackieTseng
16097,0,1,kuzoncby
16098,0,203,ascoders
16099,0,1,squalltua
16100,0,3,eburhan
16101,0,2,buswedg
16102,0,1,Lemmynjash
16103,0,5,crazyball
16104,0,3,anandvimal
16105,0,134,amorist
16106,0,14,rousnay
16107,0,8,qiufengyu
16108,0,5,genie-youn
16109,0,18,buyuhuang
16110,0,2,TablewareBox
16111,0,3,lucanos
16112,0,6,JiashuWu
16113,0,8,snownz
16114,0,6,chmanie
16115,0,6,emp-heng
16116,0,8,arangates
16117,0,35,rfdickerson
16118,0,20,rafaelescrich
16119,0,510,jaredpalmer
16120,0,6,alexkey
16121,0,1,rib4n
16122,0,68,ArtSabintsev
16123,0,3,patrickmichalina
16124,0,3,SarcasticGeek
16125,0,17,mingwho
16126,0,25,sadok-f
16127,0,26,sammok
16128,0,8,schulzchristian
16129,0,5,mastacheata
16130,0,5,TommyWongww
16131,0,3,lasagnaphil
16132,0,35,rickyrauch
16133,0,7,jchudb93
16134,303,2,gjyu63
16135,0,5,cvley
16136,0,3,muratersin
16137,0,1,jasperchow
16138,0,4,bencbartlett
16139,0,6,borg
16140,0,2,keriat
16141,0,2,cfrco
16142,0,1,benjaken
16143,0,12,bhavanajain
16144,0,1,Tokitsukaze
16145,0,4,ChestnutHeng
16146,0,1,mmourani
16147,0,17,danguita
16148,0,2,charleston10
16149,0,10,kylewelsby
16150,0,11,oscarmcm
16151,0,9,Felixplusplus
16152,0,5,funston
16153,0,4,creaux
16154,0,81,bytao7mao
16155,0,3,anorsich
16156,0,26,RahulKulhari
16157,0,5,aclissold
16158,0,5,shadyvd
16159,0,5,hayrullahcansu
16160,0,6,Cuica20
16161,0,2,Weltraumakustik
16162,0,4,devonyu
16163,0,28,gvarisco
16164,0,10,gvn
16165,0,18,arcolife
16166,0,34,arsenal9971
16167,0,4,sirMerr
16168,72,2,georgeha
16169,0,34,paramaggarwal
16170,0,2,arthurzeras
16171,0,3,chrisburgin95
16172,0,19,madeinfree
16173,0,4,octet-stream
16174,0,23,papanikge
16175,0,1,eddiewentw
16176,0,4,aloysius-tim
16177,0,5,shubhamverma1997
16178,0,46,antonbabenko
16179,0,22,sjhstone
16180,0,1,Fenhanwang
16181,0,13,srimaln91
16182,0,9,jcsena
16183,0,7,Abreto
16184,0,37,Astro36
16185,0,14,robertocalandra
16186,0,1,Fleischers
16187,0,21,orisano
16188,48,2,jajberni
16189,0,7,thevirusx3
16190,0,2,nagi
16191,0,5,abhayraw1
16192,0,17,praveenweb
16193,0,2,durandom
16194,0,4,therocketforever
16195,0,10,switchkiller
16196,0,1,Yao-Yao
16197,0,5,rathishvbr
16198,0,7,Imballinst
16199,0,1,kbrose
16200,0,1,danieldafoe
16201,0,7,lukepearce
16202,0,1,LordHung
16203,0,4,pecavalheiro
16204,91,4,tgmattso
16205,0,15,ryouaki
16206,0,4,lindoelio
16207,0,3,pplaquette
16208,0,24,amandakelake
16209,0,6,adilsaeed31
16210,0,4,adityasiwan
16211,0,23,fknussel
16212,0,5,nbyodai
16213,0,1,sergiivelykodnyi
16214,0,3,pietro909
16215,0,3,Bono974
16216,0,5,functionalStoic
16217,0,1,juliettegodyere
16218,0,5,rbarros
16219,0,12,rubentd
16220,0,1,cideM
16221,0,15,llaraujo
16222,0,2,anthonymenecola
16223,0,2,Omega9
16224,0,2,bencyn
16225,0,6,MarcWong
16226,0,4,samueldelesque
16227,0,4,CHAOWEICHIU
16228,0,1,shabeer
16229,0,42,kenu
16230,0,2,mossgreen
16231,0,2,shobhit
16232,0,7,ArtemKupriyanov
16233,0,3,arlimus
16234,0,5,fengjinhai
16235,0,8,isjerryxiao
16236,0,7,mz026
16237,0,7,mohammedzamakhan
16238,0,2,FengZhenhua
16239,0,2,AlonsoCN
16240,0,22,boramalper
16241,0,16,p-j
16242,0,4,kissb2
16243,0,10,sipian
16244,0,2,CalmJerome
16245,0,10,louis-xu-ustc
16246,0,6,jaredchu
16247,0,6,WellerQu
16248,0,2,magicwind
16249,0,5,kishoreyekkanti
16250,0,4,hstojic
16251,0,16,tarlepp
16252,0,1,louisnovick
16253,0,40,elithrar
16254,0,8,charlesanim
16255,0,2,doyeonOh
16256,0,3,hsandmann
16257,0,4,gleydson404
16258,0,2,DhiMalo
16259,0,15,tangzheng1900
16260,0,14,LandyGuo
16261,0,8,assoares383
16262,0,6,richistron
16263,0,43,ShMcK
16264,0,85,paranoidjk
16265,0,11,cirocfc
16266,0,1,artyomLisovskij
16267,0,1,TaikiFnit
16268,0,62,theanam
16269,0,2,mrlannigan
16270,0,6,nathanpitman
16271,0,2,marcsances
16272,0,32,aboobakkar
16273,0,8,dominique-mueller
16274,0,2,angshu-min-js
16275,0,7,apowers313
16276,0,10,ivan-nginx
16277,0,7,dxc111
16278,0,1,navneetnivu07
16279,0,2,Creamen
16280,0,3,StuRuby
16281,0,1,neetrath
16282,0,24,dailc
16283,0,2,qwergram
16284,0,19,GenPage
16285,0,7,fobabs
16286,0,17,sauravkaushik8
16287,0,6,TrevorDev
16288,0,20,DeriZSY
16289,0,10,brayann
16290,0,16,fghpdf
16291,0,4,catalsdevelop
16292,0,2,rendergraf
16293,0,16,Kelier
16294,0,6,CoffeeMusicCode
16295,0,1,pg1671
16296,0,7,griffinmichl
16297,0,7,matyunin
16298,0,1,pufferfist
16299,0,2,Aniket-Pradhan
16300,0,3,guialbuk
16301,0,1,ecobost
16302,0,43,AhmedAbdulrahman
16303,0,12,saurav12
16304,0,4,MasterOdin
16305,0,6,curry684
16306,0,7,kairyou
16307,0,16,JDongian
16308,0,5,ABHIJEET-MUNESHWAR
16309,0,1,aliartiza75
16310,0,3,otanim
16311,0,2,alexstoick
16312,0,3,sty945
16313,0,23,mempko
16314,333,1,bradjones1
16315,4,2,dongdooo
16316,0,1,iJos
16317,0,1,bcdeniz
16318,0,4,n054
16319,0,3,codeteenager
16320,0,42,aniekanoffiong
16321,0,297,fogleman
16322,0,1,ndjamenamarmon
16323,0,13,evenwestvang
16324,0,2,lucasnaja
16325,0,11,fuyuguang
16326,0,5,mikecann
16327,0,23,ChenJiaH
16328,0,5,gzapico
16329,0,3,ManuCiao
16330,0,4,gmanriqe
16331,0,4,clown-0726
16332,0,1,nerminsamet
16333,0,1,rleonhart
16334,0,1,sverma88
16335,0,13,kelsS
16336,0,44,stuffmc
16337,0,29,SpencerCDixon
16338,0,11,devmsg
16339,0,1,WilliamMena
16340,0,2,dustykeyboard
16341,0,19,bertFu
16342,0,2,nureynisow
16343,0,9,ch4n3-yoon
16344,0,1,knaut
16345,0,13,IDeepspace
16346,20,2,ryankapur
16347,0,3,gtsopour
16348,0,9,m3ngyang
16349,0,2,alepmaros
16350,0,46,rrjoson
16351,0,3,nilshah98
16352,270,1,sorokine
16353,0,9,outofambit
16354,0,3,margaritasj
16355,0,40,guilhermepontes
16356,0,3,MlgmXyysd
16357,0,5,rvetere
16358,0,1,ArseniyAntonov
16359,0,7,CanaanShen
16360,0,24,thehoneymad
16361,0,3,prateeknepaliya09
16362,0,13,gpressutto5
16363,0,9,guodong
16364,0,6,KenyanGeek
16365,0,28,mauriciovieira
16366,0,2,milad-kh
16367,0,9,Fausto95
16368,0,6,eduardojunio
16369,0,2,ekobayu
16370,0,4,Aragami1408
16371,0,80,dashed
16372,48,2,prl900
16373,0,2,repkam09
16374,0,4,Abdulsametileri
16375,0,9,liccowee
16376,0,9,rajtheinnovator
16377,0,7,lawrencejones
16378,56,2,LucaScorpion
16379,0,5,followdarko
16380,0,1,sowmyadsl
16381,0,17,AnthonyNahas
16382,0,5,amalshehu
16383,0,2,MichaelShen
16384,0,2,WaltXin
16385,0,8,kezewang
16386,0,3,sunpietro
16387,0,4,kale887
16388,0,25,mayordwells
16389,0,4,azharichenko
16390,0,280,krishaamer
16391,0,1,haichaoyu
16392,0,86,applefreak
16393,0,8,Breefield
16394,0,1,johntiger1
16395,0,39,Himself65
16396,0,2,alexcu
16397,0,1,ploth
16398,0,1,bdieu178
16399,0,5,kylidboy
16400,0,23,danecando
16401,0,12,joaohenriquepda
16402,0,3,fleischie
16403,0,1,shrkw
16404,0,10,alinabeel
16405,0,3,jahbini
16406,0,38,faem
16407,0,4,Poltergeist
16408,0,1,elationbase
16409,0,1,joostdecock
16410,0,1,darby3
16411,0,12,abtris
16412,0,15,johnnychq
16413,0,21,fazlerocks
16414,0,1,fatmali
16415,0,40,BeOleg
16416,0,30,jywarren
16417,0,7,enkerewpo
16418,0,6,dracarys983
16419,0,10,maxime-coutte
16420,0,47,ionvision
16421,0,2,garymarkfuller
16422,0,5,devashishmamgain
16423,0,9,justindarc
16424,0,12,kugtong33
16425,0,5,lntelliMed
16426,0,5,shoostar
16427,0,2,gungoren
16428,0,23,epicallan
16429,0,1,cube5
16430,0,3,MehmetAygun
16431,0,103,Jocs
16432,0,12,camelshang
16433,250,2,colinscruggs
16434,0,31,GunhoChoi
16435,0,5,jacilynh
16436,0,14,samuelsimoes
16437,0,1,TrimA74
16438,0,1,packetstracer
16439,0,2,galaxyfeeder
16440,0,2,IvanZhangDoIt
16441,0,37,ianaya89
16442,0,9,alonsoir
16443,0,16,bekliev
16444,0,4,monsterxcn
16445,0,18,AfterThreeYears
16446,0,2,krismatson
16447,0,7,karakanb
16448,0,2,slimus
16449,0,9,sml2h3
16450,0,2,hqt
16451,0,51,leepeterson
16452,0,1,esayler
16453,0,43,roquef
16454,0,3,brainless
16455,0,5,coachmaxz
16456,0,15,finlay-liu
16457,0,42,seominjoon
16458,0,24,giraffe0813
16459,0,2,epdjsmit
16460,0,16,ridhwandaud
16461,0,1,manuel-huez
16462,0,13,Xabadu
16463,0,79,gregorynicholas
16464,0,1,mcvendrell
16465,0,2,Gaurav9112
16466,0,1,ssfve
16467,0,2,linxdcn
16468,0,9,dickyeka
16469,0,70,goto-bus-stop
16470,0,19,colmtuite
16471,0,3,danfma
16472,0,8,sanskar107
16473,0,70,lizhangqu
16474,0,3,Aetherall
16475,0,52,carloscuesta
16476,0,1,juanhu96
16477,0,10,mcsrainbow
16478,0,7,Pingmin
16479,0,6,dennyglee
16480,0,6,LiewJunTung
16481,0,1,Romeo0906
16482,0,14,tabvn
16483,0,10,se7entyse7en
16484,0,12,skyran1278
16485,0,43,dongyuwei
16486,0,15,reicek
16487,0,19,a233894432
16488,0,1,natsuapo
16489,0,4,drocarmo
16490,0,58,gedenata
16491,0,6,Edresson
16492,0,19,petersowah
16493,0,4,tastier
16494,0,6,ahmic
16495,0,14,mloskot
16496,0,193,jiji262
16497,0,11,anhtuank7c
16498,0,3,echoedit
16499,0,25,gmetais
16500,0,2,rghossi
16501,0,6,lwl1989
16502,0,5,simman
16503,0,4,mehtaanuj95
16504,0,28,Xhamps
16505,0,1,ErikEvenson
16506,0,6,humphreybrian
16507,0,20,nihonjinrxs
16508,0,5,deybhayden
16509,0,5,kagemiku
16510,0,2,nguyenhuutuananh
16511,0,5,DragonFive
16512,0,1,TeemuKoivisto
16513,0,6,amirrezaask
16514,0,9,gleissonmattos
16515,0,3,danialdo95
16516,0,9,Diogo-Ferreira
16517,0,5,grandnexus
16518,0,3,ClovisChen
16519,0,38,jordansinger
16520,0,4,abhijithneilabraham
16521,0,19,markvanderloo
16522,0,3,dainis-boumber
16523,0,5,lucaslise
16524,0,80,alexfalcucci
16525,0,5,hiveer
16526,0,16,shalikram
16527,0,4,harvey-woo
16528,0,7,barsukov
16529,0,25,prayash
16530,0,3,swak
16531,0,6,mrbone
16532,0,1,lasharela
16533,0,5,leo2n
16534,0,3,onassar
16535,0,3,bhalash
16536,0,3,NedyUdombat
16537,0,4,alstn2468
16538,0,9,lhamadopagode
16539,0,16,AIBluefisher
16540,0,3,cleot
16541,0,3,smidaharoun
16542,0,1,Antiarchitect
16543,0,18,khromov
16544,0,1,marioribeiro
16545,0,5,kuldeepdhaka
16546,0,11,cydu
16547,0,7,mpskex
16548,0,3,oguzhan-bolukbas
16549,0,2,c2nprds
16550,0,9,flibbertigibbet
16551,0,10,pabloleonalcaide
16552,248,2,mathewleland
16553,0,1,kmdrn7
16554,0,6,Aurif3x
16555,0,4,biezhihua
16556,0,11,pabloquinteros
16557,0,5,resistorsoftware
16558,0,1,AdrianoPereira
16559,0,7,chrisdlangton
16560,0,1,mtwstudios
16561,0,2,leofang
16562,0,40,OnyekaIjeh
16563,0,3,sergeitatarinov
16564,0,7,coloz
16565,0,7,obdobriel
16566,0,1,Kayoti
16567,0,3,joonro
16568,0,1,bhanu2217
16569,0,8,mainerror
16570,0,14,adrianhopebailie
16571,0,6,fbielejec
16572,0,3,davidwparker
16573,0,1,pmarrone
16574,0,10,houshuang
16575,0,2,seanmthompson
16576,0,1,manuhdez
16577,0,4,sokel
16578,0,11,oralunal
16579,0,27,justrdk
16580,0,15,cgatno
16581,0,15,ZLester
16582,0,20,sesh
16583,0,5,Squareys
16584,0,9,pouyanh
16585,19,2,lihaizhong
16586,0,1,eaguad1337
16587,0,11,edersoares
16588,0,2,masihtamsoy
16589,256,1,johnfredcee
16590,0,3,christsaragih
16591,0,8,saigerutherford
16592,0,1,tareksalem
16593,0,6,kasunkv
16594,0,2,benscarisdead2
16595,0,4,WayneTrum
16596,35,1,pterdchanakul
16597,0,5,cdrn
16598,0,15,MuhaddiMu
16599,0,99,iwillwen
16600,0,41,kagawagao
16601,0,2,ruikong
16602,0,7,Eronana
16603,0,5,ansonyao
16604,0,3,thekillerdev
16605,0,1,cuongpianna
16606,0,4,gwleuverink
16607,0,5,CliffordAnderson
16608,0,5,schnie
16609,0,7,MFatihMAR
16610,0,14,asmitapoddar
16611,0,20,CaoXueLiang
16612,0,4,ObertShen
16613,0,44,nahid
16614,0,4,JohannHospice
16615,0,3,charlietango
16616,0,15,baishiup
16617,0,9,loyalyonggang
16618,0,1,gchevalley
16619,0,4,ReliefZk
16620,0,3,somethvictory
16621,0,18,Angus-Liu
16622,0,2,caoweiju
16623,0,49,nijikokun
16624,0,12,sugarac
16625,0,2,nicowenterodt
16626,0,3,ardabbour
16627,0,9,edisonlee55
16628,0,1,reciosonny
16629,0,4,lightxu
16630,0,6,dylanbhughes
16631,0,398,sebastianruder
16632,0,1,VoyagerIII
16633,0,12,kk86bioinfo
16634,0,2,farice
16635,0,2,cclient
16636,0,7,ZhangYunfang
16637,0,3,MaksimDan
16638,0,14,gabeio
16639,0,8,ayushchopra96
16640,0,9,bolismauro
16641,0,19,jchodera
16642,0,6,sdsdsxcxc
16643,0,5,flupine
16644,0,14,jseteny
16645,0,1,matty234
16646,0,11,mrquincle
16647,0,1,joostrijneveld
16648,0,3,qxk23
16649,0,9,cscherrer
16650,0,1,guybartal
16651,0,8,hirofumi0810
16652,0,9,monteirobrena
16653,0,9,sebastianconcept
16654,0,61,olivermontes
16655,0,1,Alaya-in-Matrix
16656,0,11,gvassallo
16657,0,1,robertchoi
16658,0,8,PriscylaSantos
16659,0,1,PanosAntoniadis
16660,0,19,domfarolino
16661,0,28,icco
16662,0,4,YamilG
16663,0,4,dobs
16664,0,3,jcottam
16665,0,5,katesclau
16666,0,2,benbuleong
16667,0,2,Turao
16668,0,3,GetCodePanda
16669,0,27,harttle
16670,92,1,alpby
16671,0,3,alfredtofu
16672,0,3,danielrubango
16673,0,1,YuxiangJohn
16674,0,5,PezCoder
16675,0,7,JohannMG
16676,0,1,dpopp07
16677,0,10,SeanMcP
16678,0,7,luisfelipegodoi
16679,0,12,dylanpyle
16680,0,95,HFO4
16681,80,2,jorchg
16682,0,5,joshfarrant
16683,0,8,ixisio
16684,0,1,agamemnonc
16685,0,5,lucasprogamer
16686,0,77,gokulkrishh
16687,0,1,nikmaniatis
16688,0,5,AlenHujdur
16689,0,88,klren0312
16690,0,1,mooreryan
16691,0,9,saracope
16692,0,8,miquelmarti
16693,0,3,nmarus
16694,0,9,sthibault
16695,0,5,frankhale
16696,0,2,lbb199197
16697,0,1,lijunray
16698,0,5,octavioturra
16699,0,6,mincongzhang
16700,0,11,arashmanteghi
16701,0,13,RahulJanagouda
16702,0,11,bengreenier
16703,0,83,genediazjr
16704,0,1,brucevanhorn2
16705,0,7,kenkoii
16706,0,7,amansoni
16707,0,2,henrysky
16708,0,6,imlidian
16709,0,19,muhamuttaqien
16710,0,3,alexander-schranz
16711,0,1,screets
16712,0,4,colpanik
16713,0,3,thekaduu
16714,0,2,jordonbiondo
16715,0,2,AlexanderProd
16716,0,132,doyoe
16717,0,3,YueHub
16718,0,22,sanketsaurav
16719,0,6,aaaven
16720,0,2,panzer-planet
16721,0,2,royhobbstn
16722,0,5,brandonlamb
16723,0,66,sergiokopplin
16724,0,8,Rukeith
16725,0,5,ZVK
16726,0,266,josemalcher
16727,0,19,Adroit11
16728,0,2,richban
16729,0,7,ikarishinjigao
16730,0,18,fredhohman
16731,0,2,ipa-mah
16732,0,2,howells
16733,0,25,RaoHai
16734,0,6,SnakeShawn
16735,0,4,samuelkubai
16736,0,4,agnathan
16737,0,2,kiranbandi
16738,0,26,AdvaithD
16739,0,9,plusgut
16740,0,20,nb312
16741,0,10,sebasjimenez10
16742,0,23,tacitphoenix
16743,0,7,satimovm
16744,0,1,allenLew1991
16745,0,10,theYogesh
16746,0,3,profburial
16747,0,6,bonifaido
16748,0,11,chengzhx76
16749,0,4,LuisHCK
16750,0,2,d1b1
16751,0,10,geobabbler
16752,0,36,Azzurrio
16753,0,6,axelbellec
16754,0,33,devypt
16755,0,3,gentlecoder
16756,0,10,ecrmnn
16757,0,3,rovast
16758,197,2,gabrielqueiroz
16759,0,3,ThaNarie
16760,0,7,TomasHubelbauer
16761,0,3,paveliko
16762,0,2,pipiboom
16763,0,7,fansenze
16764,0,11,AdamMc331
16765,0,12,codinguncut
16766,0,2,fridolin-koch
16767,0,5,jessecoding
16768,0,9,nosahama
16769,0,5,jesgundy
16770,0,3,chaitanyanettem
16771,0,1,mipapo
16772,0,16,amercier
16773,0,6,apburton84
16774,0,17,MaybeS
16775,0,4,steveklebanoff
16776,0,3,odomojuli
16777,0,4,grsind19
16778,0,94,gre
16779,0,10,lucasteles
16780,0,3,chenglinjava68
16781,0,4,lxc86739795
16782,0,5,axquired24
16783,0,9,justinoboyle
16784,0,1,hznuksco
16785,0,4,rapulu
16786,0,1,AaronMT
16787,0,1,manbusky
16788,0,107,Yukaii
16789,0,3,DanJFletcher
16790,0,3,cheng-li
16791,0,22,makevoid
16792,0,4,Gr1N
16793,0,10,narze
16794,0,3,iFarmGolems
16795,0,1,pdeligia
16796,0,2,milliams
16797,0,19,hsuehic
16798,0,11,kbrock
16799,0,5,kmruiz
16800,0,2,RicheZhang
16801,0,53,othreecodes
16802,0,1,abdul-rehman-2050
16803,0,1,hello-chenchen
16804,0,10,SmartPorridge
16805,0,10,silentspring2
16806,0,37,jamesdaniels
16807,0,37,oleg-andreyev
16808,0,25,morkro
16809,0,25,shubhamoy
16810,0,4,rmasclef
16811,0,3,Kelvinmijaya
16812,0,9,t-smirnov
16813,15,3,gvmohzibat
16814,0,8,galexrt
16815,0,2,HRcc
16816,0,5,Bjorn248
16817,0,2,masangbeom
16818,0,7,junjuew
16819,0,2,QiMa
16820,0,1,andresn
16821,0,11,caleblareau
16822,0,4,emilyblack95
16823,0,13,rosskarchner
16824,0,24,bahlo
16825,0,1,anwar-pasaribu
16826,0,21,nowgoant
16827,0,22,haner199401
16828,0,1,saeedarabi92
16829,0,3,lmacsen
16830,0,1,GrayWang
16831,0,3,ruction
16832,0,7,huntie
16833,0,7,Kiris-tingna
16834,0,2,ZhuoSir
16835,38,2,ionvladescu
16836,0,3,qaavi
16837,0,5,jecaestevez
16838,0,8,abenevaut
16839,0,6,JonnyKong
16840,0,2,seoz
16841,0,8,mingyang91
16842,0,7,jonathansick
16843,0,28,dekz
16844,0,36,iraycd
16845,0,18,adamralph
16846,0,14,dethe
16847,0,4,pgrimaud
16848,0,9,FurkanArslan
16849,0,2,andreysoltan
16850,0,10,pcelta
16851,0,13,albertjan
16852,0,6,arodr967
16853,0,1,patadejaguar
16854,0,69,duivvv
16855,0,7,futureUnsure
16856,0,3,cdbattags
16857,0,2,Jinxit
16858,0,25,lorenanicole
16859,0,28,Kipsora
16860,0,30,francescobianco
16861,0,2,Tzzg
16862,0,9,masawada
16863,0,1,chrsgrffth
16864,0,6,egardner
16865,0,7,Steppschuh
16866,0,3,mhdsyarif
16867,0,1,ryantam626
16868,0,37,CaptainYukinoshitaHachiman
16869,0,5,LiycJia
16870,0,35,tcelestino
16871,0,7,chasingtheflow
16872,0,1,liqun730
16873,0,5,johntruckenbrodt
16874,0,5,mblaschke
16875,0,2,aalwash
16876,0,8,cellularmitosis
16877,0,2,guodong000
16878,0,59,IgorDePaula
16879,0,8,princesegzy01
16880,256,6,Firesphere
16881,0,49,jaredwilli
16882,0,43,ranjiewwen
16883,0,1,Yanzzzzz
16884,0,3,matts2cant
16885,0,17,HouzuoGuo
16886,0,2,nlittlepoole
16887,0,1,animenon
16888,0,17,DipanshKhandelwal
16889,0,1,Sashkan
16890,32,2,neverovski
16891,0,2,sean-stanley
16892,0,8,msaharia
16893,0,7,akbarhossainr
16894,0,2,mecheri
16895,0,9,SadiHassan
16896,0,17,abx67
16897,0,22,mrmlnc
16898,0,6,ramadimasatria
16899,0,1,manoj652
16900,0,3,olivierzach
16901,0,1,NovaVolunteer
16902,0,2,jordanaubert
16903,0,3,balhafni
16904,0,3,gpldecha
16905,0,26,fregu856
16906,0,1,ngima
16907,0,9,natumn
16908,0,11,shikajiro
16909,0,1,GiantSeaweed
16910,0,5,sid22
16911,0,56,franklinjavier
16912,0,57,rajanand
16913,0,1,sGambolati
16914,0,1,Darkoon
16915,0,1,keigohtr
16916,0,43,goru001
16917,0,9,stackia
16918,0,7,DingSoung
16919,0,9,ReAlign
16920,0,3,cthoyt
16921,0,3,spelcaster
16922,0,20,cadorn
16923,0,2,devssh
16924,0,2,goforgold
16925,0,4,Offirmo
16926,0,2,a7r3
16927,0,2,automagisch
16928,0,3,WangytBest
16929,0,22,OnlyBelter
16930,0,2,SHSF0817
16931,0,8,rfreites
16932,0,5,robsonalvesbh
16933,0,13,YanceyZhangDL
16934,0,1,smallearth
16935,0,9,praneshr
16936,240,3,JackDaniells
16937,0,1,RedHotMan
16938,0,33,Olical
16939,0,9,amatzen
16940,0,12,abi-aryan
16941,0,11,ricardotk002
16942,0,3,BirdLeeSCUT
16943,0,10,sunyiyou
16944,0,3,raws
16945,0,1,ScienceXChina
16946,0,13,azamara
16947,0,4,amirzia
16948,0,4,jsjzh
16949,0,3,qvantor
16950,0,18,igas
16951,0,48,callicoder
16952,0,3,tangleiao
16953,0,5,JonMidhir
16954,0,29,LiyuanLucasLiu
16955,0,4,neara
16956,0,1,hoangnamitc
16957,0,14,1xiyu
16958,0,62,poshboytl
16959,0,86,laoqiren
16960,0,1,Fuor
16961,0,5,gongmingqm10
16962,0,11,risico
16963,0,10,iirving
16964,0,5,giraffesyo
16965,0,1,brendo10x
16966,0,3,GabrielDrapor
16967,0,1,bisko
16968,0,6,markerdmann
16969,0,8,netankit
16970,0,1,jackyko1991
16971,0,1,caycehouse
16972,0,50,LFSCamargo
16973,0,7,hooray
16974,0,14,bobpoekert
16975,0,23,jasontorres
16976,0,1,alexandermiller702
16977,0,2,emilyaherbert
16978,0,2,antoniorrm
16979,0,2,lemonkey
16980,0,6,stefano-meschiari
16981,0,7,aethelyon
16982,0,11,rodrigo-dev
16983,0,1,adriangrigore
16984,0,3,r-dent
16985,0,35,claus
16986,0,9,huxinmin
16987,0,8,dooooooooinggggg
16988,0,6,ALRubinger
16989,0,1,danielart
16990,0,1,johnwdubois
16991,276,2,jajupmochi
16992,0,2,SWING1993
16993,0,1,DamonLiuTHU
16994,0,22,HansHammel
16995,0,11,dongAxis
16996,0,12,amokan
16997,0,21,IpshitaC
16998,0,2,nitishkumarsingh13
16999,0,3,juanerolon
17000,0,2,harshmunshi
17001,0,6,the-aus
17002,0,7,dopefaceee
17003,0,6,stefan-kern
17004,0,9,pengyuan
17005,0,5,cauldnz
17006,0,1,jowagner
17007,0,7,iny7
17008,0,22,shingt
17009,0,5,nabinked
17010,0,225,eda-ricercatore
17011,0,2,haotianteng
17012,0,3,johnmpotter
17013,0,72,hyj1991
17014,0,18,bhaskarmelkani
17015,0,1,R0rs12ach
17016,0,27,jacksonbss
17017,0,38,billie66
17018,0,2,davinderpalrehal
17019,0,18,shamangary
17020,0,6,bigtiger02
17021,0,60,dapseen
17022,0,27,ScotterC
17023,0,1,soloalex1
17024,0,6,mahdi
17025,0,15,adarshp199877
17026,0,8,tidyjiang8
17027,0,6,svjan5
17028,0,2,garrett-vangilder
17029,0,3,Ayanzadeh93
17030,0,11,archenroot
17031,0,6,CWYH
17032,0,5,gbzhu
17033,0,43,alanrsoares
17034,0,10,jeffreyxuworld
17035,0,1,BunHouth
17036,0,2,iamcheeming
17037,0,25,nitinkgp23
17038,0,20,master-atul
17039,0,18,e-schultz
17040,0,4,ccchengff
17041,0,2,jonastebbe
17042,0,1,shahimclt
17043,0,15,Tejabhishek
17044,0,6,merjiezo
17045,0,3,linhaosunny
17046,0,1,netpoe
17047,0,13,alanljj
17048,0,29,hackingbeauty
17049,0,15,ilyoung-mindset
17050,0,67,flrngel
17051,0,1,mkj-is
17052,0,4,chaixl
17053,0,2,brunooojapa
17054,0,16,mzgoddard
17055,0,2,navid9675
17056,0,3,marcweil
17057,0,29,mizzao
17058,0,7,cijokb
17059,0,3,jhkersul
17060,0,6,jesusangelm
17061,0,2,Alamantus
17062,0,6,lovedebug
17063,0,7,dorokhin
17064,0,2,ninhxuanluu
17065,0,7,Angzz
17066,0,66,huandu
17067,0,1,Prathamesh99
17068,0,11,jamesallardice
17069,0,9,soediro
17070,0,2,theogf
17071,0,24,adrienpoly
17072,0,4,ndious
17073,0,8,draperunner
17074,0,7,jacoahmad
17075,0,18,9andresc
17076,0,21,banga
17077,0,2,James-Firth
17078,0,4,mojun
17079,0,3,rarce
17080,0,44,SRvSaha
17081,0,3,collin-garvey
17082,0,2,ThejaNagala
17083,0,21,mnaeem95
17084,0,7,nebulade
17085,0,5,glauroqj
17086,0,36,kirang89
17087,0,23,matthewfeickert
17088,0,1,ricvillagrana
17089,0,4,abeet
17090,0,14,cat-turner
17091,0,53,changkun
17092,0,2,carlflor
17093,0,3,afeozzz
17094,184,2,lican09
17095,0,2,padunk
17096,0,1,elliottye
17097,0,4,Kartikay26
17098,0,43,ceefour
17099,0,308,rhiever
17100,0,8,obitech
17101,0,32,RafaelGSS
17102,0,2,repositivator
17103,0,61,CMGS
17104,0,2,gu-xionghong
17105,0,20,mojilla
17106,0,3,Neungzad
17107,0,6,jeftarmascarenhas
17108,0,3,0is1
17109,0,5,ofpiyush
17110,0,5,hellojet
17111,0,1,Hsingmin
17112,0,16,oliversong
17113,0,12,Jiar
17114,0,8,mohitghatikar
17115,0,32,kbenoit
17116,0,4,albert-gonzalez
17117,0,3,dsibilly
17118,0,22,sudhirvkumar
17119,0,11,elijahcruz12
17120,0,8,rajasekhar02
17121,0,43,adamelliotfields
17122,0,40,donadam2015
17123,0,38,qijiezhao
17124,0,18,msanroman
17125,0,4,Dewep
17126,0,26,coldmanck
17127,0,45,Lewuathe
17128,0,110,IndrajeetPatil
17129,0,1,Olimoyo
17130,0,25,alexlevy0
17131,0,3,Compulsed
17132,0,20,bkvirendra
17133,0,27,iiiyu
17134,0,4,kamaal-
17135,0,2,arnaud-deprez
17136,0,3,RicardoBorgesGO
17137,0,5,mauryasameer
17138,0,6,sylviawong3527
17139,0,51,HashNuke
17140,0,10,rorovic
17141,0,7,deepumukundan
17142,0,35,carlthome
17143,0,6,kogakure
17144,0,6,relwell
17145,0,26,fusijie
17146,0,17,superhj1987
17147,0,6,sokeno
17148,0,3,soichisumi
17149,0,5,eebssk1
17150,0,1,andy-b-84
17151,0,16,mehrad77
17152,0,12,DominusKelvin
17153,0,8,szhigunov
17154,0,7,Kiku-Reise
17155,0,17,liugangtaotie
17156,0,7,Thrimbda
17157,0,11,igululu
17158,0,8,Mahedi-61
17159,0,12,Kingson
17160,0,1,parinpshah94
17161,0,13,marclundgren
17162,0,6,alexandernst
17163,0,12,rafaelzomer
17164,0,1,lucasbflopes
17165,0,1,jkesselring
17166,0,21,thomasboyt
17167,0,7,peterljq
17168,0,11,HJianBo
17169,0,2,ScottyFillups
17170,0,11,colinhoernig
17171,0,2,monkey1208
17172,0,10,jjgrainger
17173,0,15,PaulZJ
17174,0,20,CaptainFreak
17175,0,1,soleaf
17176,0,5,nbgao
17177,0,19,SEJeff
17178,0,1,datajoker1
17179,0,12,shevakuilin
17180,0,3,TaoSama
17181,0,3,JacksonIsaac
17182,0,1,justinrporter
17183,0,38,alexpate
17184,0,3,kwawmannanjnr
17185,0,12,bmservilha
17186,0,18,spoike
17187,0,6,Lich2013
17188,0,32,seufagner
17189,0,2,mikebarkmin
17190,0,5,mcgirr
17191,0,2,arindas
17192,0,15,gangjun911
17193,0,14,dfahlander
17194,0,5,anthoitaker
17195,0,14,jnreynoso
17196,0,10,haikoschol
17197,0,62,ftrain
17198,0,1,amiraliakbari
17199,0,4,Rhymond
17200,0,6,dangeng
17201,0,5,daherk2
17202,0,64,leemunroe
17203,0,5,mrk21
17204,0,15,adeelibr
17205,0,6,JijoBose
17206,0,2,LavyshAlexander
17207,0,4,rakshitmidha
17208,0,2,Cubelrti
17209,0,7,VytorCalixto
17210,0,2,joelvaneenwyk
17211,0,10,epixa
17212,0,15,isair
17213,79,2,ZhenshengLee
17214,0,1,nrkdrk
17215,0,4,Xiangyaojun
17216,0,6,haoyangnz
17217,0,22,etodd
17218,0,5,syedashiqurrahman
17219,0,13,alhazmy13
17220,0,4,Puzo
17221,0,21,shankarshastri
17222,0,22,hackwith
17223,0,2,SuperYuLu
17224,0,23,adebesin
17225,0,1,robertherber
17226,0,6,CaiYiLiang
17227,0,44,achellies
17228,0,7,131
17229,0,5,imaben
17230,0,9,tc
17231,0,3,gjc13
17232,0,5,awlange
17233,0,5,samudary
17234,0,11,genedy377
17235,0,3,fullstackstatistician
17236,0,6,LiqunChen0606
17237,0,76,simnalamburt
17238,0,15,IsraelObiagba
17239,0,16,jnotnull
17240,0,1,faizalheesyam
17241,0,1,YicongCao
17242,0,65,pandada8
17243,0,3,CyberLine
17244,0,1,Lagaffe
17245,0,9,tencircles
17246,0,8,saighost
17247,0,3,mikevercoelen
17248,0,3,Shvier
17249,0,5,mikimaine
17250,0,2,skiral
17251,0,12,Otbivnoe
17252,0,15,omeraplak
17253,0,2,GeorgeWL
17254,0,46,gowriaddepalli
17255,0,15,skylarklxlong
17256,0,4,bastianwegge
17257,0,3,ilkerc
17258,0,14,ramhiser
17259,0,5,carlorizzante
17260,0,5,jamesprite
17261,0,2,sindreij
17262,0,3,spywhere
17263,0,2,gitivon
17264,0,5,Intelguasoft
17265,0,26,mrytsr
17266,0,3,ian0549
17267,0,13,rafaelmv
17268,0,4,fionn-mac
17269,0,2,logc
17270,0,6,simi
17271,0,17,ajzele
17272,0,4,shkm
17273,0,3,jamsiedaly
17274,306,2,KimKiHyuk
17275,0,1,chhaihongsrun
17276,0,3,ejnshtein
17277,0,15,dennisja
17278,0,2,andrecamilo
17279,0,4,dutyuzh
17280,0,6,sandeep1995
17281,0,4,ralph-dev
17282,155,2,Yolgie
17283,0,13,klaascuvelier
17284,0,19,hph
17285,0,4,itsderek23
17286,0,11,maitret
17287,0,5,rmxcc
17288,0,13,chrispecoraro
17289,0,5,mcao
17290,0,2,Daghlny
17291,0,3,DawnPaladin
17292,0,4,roemmele
17293,0,2,peymanbey
17294,0,12,LostCrew
17295,0,8,pnavarrc
17296,0,3,cbonoz
17297,0,11,jadbox
17298,0,4,Undistraction
17299,0,1,quarkdev
17300,0,14,takeitallsource
17301,300,2,DoguD
17302,0,7,loveLibra
17303,0,8,BrookZhao
17304,0,5,kesin
17305,0,6,IvoPereira
17306,0,4,qq2294011886
17307,0,27,freya0608
17308,0,8,liuchunhui
17309,0,10,nbriz
17310,0,2,mohamedothman91
17311,0,61,donmccurdy
17312,0,4,cdeutsch
17313,282,2,dezmou
17314,0,6,matheusrabelo
17315,0,7,andhikamaheva
17316,0,24,XuQianJin-Stars
17317,0,69,daminisatya
17318,0,134,jonhoo
17319,0,3,firozansar
17320,0,6,adelavega
17321,0,2,cybermanbd
17322,0,7,melgor
17323,0,35,spMohanty
17324,0,7,griffey
17325,0,5,heshanlk
17326,0,6,esparkman
17327,0,5,bdetweiler
17328,0,1,RiftSplitter
17329,0,6,GENERALTUNE
17330,0,53,hepingtao
17331,0,62,dimpurr
17332,0,15,goldhand
17333,0,5,rajat503
17334,0,1,bgroveben
17335,0,53,fanpei91
17336,0,3,mr-linch
17337,0,44,mingz2013
17338,0,1,dsheetz
17339,0,19,haggen
17340,0,1,fowler74
17341,0,4,href
17342,0,15,thekevinbrown
17343,0,1,digitiqman
17344,0,6,Sayan-Paul
17345,0,4,ss-is-master-chief
17346,0,5,phmLabs
17347,0,50,dielduarte
17348,0,1,AxsPlayer
17349,0,3,bityogi
17350,0,5,amrsekilly
17351,0,1,LivesInSpb
17352,0,40,derekeder
17353,0,2,richard-lopes
17354,0,3,pdrazewski
17355,0,28,iSame7
17356,0,9,EthanOrange
17357,0,8,iamsivab
17358,0,7,PatrickAuld
17359,0,2,Jetsoanalin
17360,0,32,ararslan
17361,0,5,jwaltonmedia
17362,0,7,peterpeerdeman
17363,0,1,okcy1016
17364,0,1,msyfls123
17365,0,8,lcxdi8887
17366,0,3,joshspeagle
17367,0,24,karel-brinda
17368,0,8,herbertcordeiro
17369,0,2,lovvge
17370,0,32,rootsher
17371,0,2,ibarsi
17372,0,6,MarioGogogo
17373,0,9,binarybaba
17374,0,1,nialloh23
17375,0,8,29jitender
17376,0,3,roma98
17377,0,40,sugarshin
17378,0,1,pierrelemee
17379,0,1,nluo
17380,0,8,breath-co2
17381,0,16,gbin
17382,0,1,Prabhnith
17383,0,10,RominYue
17384,0,56,mraible
17385,0,17,skwashd
17386,0,5,dafei1288
17387,0,5,jiaxue1993
17388,0,2,agazinakou
17389,0,32,JDevlieghere
17390,0,11,brunoqueiros
17391,6,3,reneweteling
17392,0,5,Majidkn
17393,0,3,pan-long
17394,0,15,arnaudbreton
17395,0,187,hanxiao
17396,0,1,oophelia
17397,0,7,TimberTang
17398,0,1,bricelalu
17399,0,4,fiskeben
17400,0,8,ramon-src
17401,0,6,SanjeevMurthy
17402,0,13,s3341458
17403,0,26,shubhodeep9
17404,0,9,steelydylan
17405,0,3,erickdbrito
17406,0,4,andresamayadiaz
17407,0,2,SupineDread
17408,0,6,bas-rustenburg
17409,0,4,slamj1
17410,0,1,mehditlili
17411,0,14,Curzy
17412,0,5,GoreStarry
17413,164,2,fabzl
17414,0,2,mykisscool
17415,0,1,pykao
17416,0,2,gscottstukey
17417,0,36,ninabreznik
17418,0,1,ricardokleinklein
17419,0,8,ZhaZhengRefn
17420,0,168,bnb
17421,0,1,josefdlange
17422,0,25,lufficc
17423,0,2,gazhrot
17424,0,2,poncianodiego
17425,0,2,RemcoBuddelmeijer
17426,0,1,evilmarty
17427,0,3,philkeys
17428,0,1,indranilsinharoy
17429,0,133,connor
17430,0,13,nilsding
17431,0,1,apbassi89
17432,0,4,kitsunde
17433,0,1,peterver
17434,0,3,oeb25
17435,0,7,iezer
17436,0,6,lukaleli
17437,0,2,jameskrill
17438,0,6,liaojw
17439,0,1,jianghaojun
17440,0,11,Fodoj
17441,0,4,ericvasconcelos
17442,0,52,sohelamin
17443,156,2,jsvensson
17444,0,20,rahul286
17445,0,1,garretttaco
17446,0,110,samuelclay
17447,0,1,SimplePaul
17448,0,4,rootsli
17449,0,2,dorianfm
17450,0,28,bidiu
17451,0,6,MicroJes
17452,0,7,siddas27
17453,0,1,alicanb
17454,0,34,pedrobarrostech
17455,0,9,crpietschmann
17456,0,26,johnsardine
17457,0,1,drklee3
17458,0,26,M4gicT0
17459,0,10,pilgwon
17460,0,7,edityomurti
17461,0,2,d0b3ga1
17462,0,2,ctwardy
17463,0,4,hsyndeniz
17464,0,10,everdaniel
17465,0,17,fatosmorina
17466,0,5,leominov
17467,0,15,orangle
17468,0,5,lixiaolongxl
17469,0,3,caseyamcl
17470,0,30,lucaswadedavis
17471,0,12,rpython
17472,0,9,ainvyu
17473,0,3,suits-at
17474,0,11,ericnovik
17475,0,1,howderek
17476,0,7,jingchenxu
17477,0,4,imbaguanxin
17478,0,3,pchiwan
17479,0,1,jeronimodeleon
17480,0,22,alanzhai219
17481,0,14,axelav
17482,0,1,ppintosilva
17483,0,2,stevebang
17484,0,93,a0viedo
17485,0,6,Anik1199
17486,0,22,davidrobles
17487,0,1,nSimonFR
17488,0,29,justinbmeyer
17489,0,8,alainrichardt
17490,0,3,RebieKong
17491,0,5,goldsmith
17492,0,14,gladchinda
17493,0,35,esafirm
17494,0,8,rahman95
17495,0,2,JerryCai
17496,0,9,luanraithz
17497,0,27,sithukyaw007
17498,0,3,samosaara
17499,0,13,mtnbarreto
17500,0,8,nlhuykhang
17501,0,9,MattivdWeem
17502,0,4,JeremiahZhang
17503,0,7,fjossinet
17504,0,1,iamkirkbater
17505,0,1,Hext123
17506,0,6,sathyamvellal
17507,0,3,bill1012
17508,0,36,ryanj
17509,0,2,insanepl
17510,0,1,patferguson
17511,0,11,fenixbinario
17512,0,6,rschultheis
17513,0,4,mamapitufo
17514,221,2,KDwang2018
17515,0,59,JeffreyBool
17516,0,10,jechol
17517,0,2,liuqc11
17518,0,19,baumannzone
17519,0,1,NSFish
17520,0,2,devtin
17521,0,3,DanielSchuette
17522,0,27,arturbien
17523,0,40,ddiakopoulos
17524,0,1,OtavioRMachado
17525,0,36,AidanDai
17526,0,7,oaleeapp
17527,0,7,lukasoppermann
17528,0,25,ecogit
17529,0,12,hardikbansal
17530,0,85,flexdinesh
17531,0,12,demian85
17532,0,10,sirn
17533,0,27,heycarsten
17534,0,7,geoffmacd
17535,0,2,sutter
17536,0,4,Jerriychen
17537,0,3,czs0x55aa
17538,210,4,chazeon
17539,0,32,a2un
17540,0,17,OSMeteor
17541,0,1,boyuan-li
17542,0,63,avesus
17543,0,12,JulienTant
17544,0,3,bglassy
17545,0,3,rudygt
17546,0,16,rachel-ftw
17547,0,20,keitaoouchi
17548,0,2,monking
17549,0,3,HKervadec
17550,0,10,rajeshm20
17551,0,12,threeknife
17552,0,24,luoxn28
17553,0,5,ganguvamshi
17554,0,3,JoshuaQYH
17555,0,18,dmngu9
17556,0,2,dvaqueiro
17557,0,1,massimo-me
17558,0,7,MrFrankel
17559,0,2,nakarin0528
17560,0,22,navdeep-G
17561,0,6,CJY0208
17562,0,17,doganozturk
17563,0,43,devsnek
17564,0,5,mtxr
17565,0,11,huxingyi
17566,0,2,AlanMunson
17567,0,1,ChenShihao
17568,0,5,dermidgen
17569,0,2,PhoenixShield
17570,0,4,aslupin
17571,0,125,koenbok
17572,0,12,oxynux
17573,0,93,siansiansu
17574,0,37,Kiailandi
17575,0,3,Kuqd
17576,0,39,stevepeak
17577,0,3,sivu1
17578,0,14,rickyjanuari
17579,0,15,aze3ma
17580,0,91,ri7nz
17581,0,14,agrija9
17582,0,2,schjonhaug
17583,0,1,baxri
17584,0,1,cnnblike
17585,0,12,MAinulYaqin
17586,0,1,RuiZhang2016
17587,0,10,shirley5li
17588,0,2,Vamshi99
17589,0,13,reysmerwvr
17590,0,3,clinttepe
17591,0,6,chiehchiu
17592,0,9,jonatasnona
17593,0,65,retlehs
17594,0,43,gimdongwoo
17595,0,4,eoinkelly
17596,0,67,jaysoo
17597,0,16,AsierFox
17598,0,4,awais786327
17599,0,3,Mooooooon
17600,0,56,liufsd
17601,0,4,mbarki-mohamed
17602,0,1,peterfschaadt
17603,0,24,noahbuscher
17604,0,8,justinhernandez
17605,0,1,luanhailiang
17606,0,4,Shino161
17607,0,7,fumita
17608,0,3,eugene87222
17609,0,3,jhonn-y2j
17610,0,1,offthewallace
17611,0,11,iwind
17612,0,5,bharani91
17613,0,13,Emran04
17614,0,1,neohack22
17615,0,11,openinx
17616,0,8,Huynhvantoan
17617,0,20,nicka
17618,0,5,aapiro
17619,0,2,AiAe
17620,0,42,franz-josef-kaiser
17621,0,21,jonalvarezz
17622,0,5,iCiccio
17623,0,6,JayveeHe
17624,0,1,jamiesoncj
17625,0,18,ganeshtata
17626,0,32,jasonbahl
17627,0,9,ZachTRice
17628,0,2,kaca0083
17629,0,1,boggsey
17630,0,3,fathyb
17631,0,1,leven-cn
17632,0,19,maniart
17633,0,39,BlackGanglion
17634,0,7,MagicHacker
17635,0,25,freedomofkeima
17636,0,10,mayuelei66
17637,0,2,goszowski
17638,0,3,chrisgoddard
17639,0,7,raphaelgodro
17640,0,5,skyujilong
17641,0,18,PaladinTyrion
17642,0,1,mjlaufer
17643,0,4,ncepuwanghui
17644,0,70,stanzhai
17645,0,25,karliky
17646,0,5,jtokoph
17647,0,56,davydovanton
17648,0,1,galkowskit
17649,0,170,iampawan
17650,0,3,rauldobrota
17651,0,23,DrDab
17652,0,47,jiesutd
17653,0,16,gabemdev
17654,0,4,jessmartin
17655,0,5,taey16
17656,0,6,pointbazaar
17657,0,1,scriptology
17658,0,14,GannouniMohamed
17659,0,5,FermiDirak
17660,0,13,Chun-MingChen
17661,0,1,VikingWarlock
17662,0,9,AnshulBasia
17663,0,6,Hsuer
17664,0,2,aa362ce
17665,0,26,liyuechun
17666,0,6,conradkay
17667,0,12,puretears
17668,0,7,thtang
17669,0,19,realtux
17670,0,1,Freytag
17671,0,3,mgocobachi
17672,0,29,iphone-andy
17673,0,5,jethro91
17674,0,2,sebastiandziadzio
17675,0,235,dshaw
17676,0,106,frozeman
17677,0,20,JBed
17678,0,3,sorinmuchi
17679,0,6,gaoliyao
17680,0,6,FeliciousX
17681,0,9,jaejaywoo
17682,0,2,postrad
17683,0,5,AKST
17684,0,36,Liyuk
17685,0,33,adi23arora
17686,0,1,maximtop
17687,0,15,liyao
17688,0,1,mhaboali
17689,0,9,pancerZH
17690,0,3,chudongfang
17691,0,1,Vandise
17692,0,2,cdax
17693,0,3,milocode
17694,0,3,pbek
17695,0,7,ruiyongsheng
17696,0,4,lbarratt
17697,0,3,NlightNFotis
17698,0,9,hyl
17699,0,19,chisom5
17700,0,4,NestorRV
17701,0,5,swifth
17702,0,49,mrjoelkemp
17703,0,1,ivanlori
17704,0,8,danmichaelo
17705,0,24,elcarim5efil
17706,0,13,Ge-yuan-jun
17707,0,20,beyoung
17708,0,1,rahimrahman
17709,0,1,nlwstein
17710,115,4,jgab-net
17711,0,4,Akhilagp
17712,0,2,bagustris
17713,0,1,Jahng
17714,0,3,andrest
17715,0,4,nazmul202101
17716,0,24,freyk
17717,11,2,joelennon
17718,0,6,Gotham13121997
17719,0,5,erdiucar
17720,0,10,Angelfirenze01
17721,0,1,anshuman-singh-93
17722,0,49,lining0806
17723,0,57,ozlerhakan
17724,0,1,stepfencurryxiao
17725,0,14,ryerh
17726,0,183,inferjay
17727,0,4,NormandErwan
17728,0,7,davidkaste
17729,0,5,joalbright
17730,0,2,3ygun
17731,0,20,dukenst2006
17732,0,60,k0shk0sh
17733,0,53,baoziv587
17734,0,1,Johnhacker
17735,0,9,nickw444
17736,0,37,chuhemiao
17737,0,1,nclavaud
17738,0,15,Chrisding
17739,0,4,gurunate
17740,0,8,patrickelectric
17741,0,4,robskidmore
17742,0,21,CodHeK
17743,0,6,drmcarvalho
17744,0,5,aaronsmulktis
17745,0,7,miaviles
17746,0,2,Winter-Guerra
17747,0,4,nathanhenniges
17748,0,10,sylviot
17749,0,4,muzipiao
17750,0,17,kinglion
17751,0,1,cuthie
17752,0,7,howardlau1999
17753,0,10,mattlockyer
17754,0,1,lancer2002
17755,0,7,VctrAndrade
17756,0,6,sk48880
17757,0,15,dogrod
17758,0,6,nfcampos
17759,0,1,luk3Sky
17760,0,2,perfectspr
17761,0,1,shuimu0579
17762,0,1,semihtok
17763,0,27,tiagoalexbastos
17764,0,6,alvachien
17765,0,3,543877815
17766,0,4,rafaelrferreira
17767,0,40,coderberry
17768,0,18,LaurenceM10
17769,0,5,kevinrodrigues
17770,0,6,Dpuntu
17771,0,4,RyanWarner
17772,0,5,Juszczak
17773,0,13,snikch
17774,0,3,iameli
17775,0,10,mintisan
17776,0,19,ZainaliSyed
17777,0,6,rebeccaryang
17778,0,16,fnk0
17779,0,5,andrictham
17780,0,5,DimasInchidi
17781,0,3,isonet
17782,0,109,jpadilla
17783,0,6,JSalaat
17784,0,7,chenhongen
17785,203,2,hungvietdo
17786,0,11,joshjung
17787,0,181,enjelhutasoit
17788,0,19,pavinthan
17789,0,1,iquito
17790,0,47,JSpiner
17791,0,5,sovicheacheth
17792,0,253,hunkim
17793,0,2,sudhanshuptl
17794,0,3,rafaelcorradini
17795,0,34,kinglisky
17796,0,42,joom
17797,0,2,lmcjt37
17798,0,1,dielsonsales
17799,0,22,ahirmayur
17800,0,4,mggwxyz
17801,0,1,munisisazade
17802,0,6,l0ftyWhizZ
17803,0,2,IntegerMan
17804,0,10,acangiano
17805,0,3,patrickskim
17806,0,27,Luavis
17807,0,33,GanymedeNil
17808,0,2,marystovall
17809,0,18,RAHMANINkolesi
17810,0,8,avargas
17811,0,1,PaulNoth
17812,0,32,Gorzas
17813,0,5,doudoudzj
17814,0,48,JonatanSalas
17815,0,18,ralic
17816,0,4,christopherfujino
17817,0,1,AustinNeverPee
17818,0,9,capalmer1013
17819,0,1,sumsum88
17820,0,4,ryosuzuki
17821,0,2,douxsey
17822,0,14,jameshensman
17823,0,26,15cm
17824,0,21,erdii
17825,0,42,henvic
17826,0,9,shahzaibkhalid
17827,0,6,danielbfr3
17828,0,6,JooseNavarro
17829,0,1,lbl1985
17830,0,1,furiousnur
17831,332,2,seppar93
17832,0,28,spirosoik
17833,0,7,JGoillot
17834,0,4,elepht
17835,0,6,ManixChen
17836,0,39,Sonic853
17837,0,6,ashokbijoy
17838,0,3,mhxbe
17839,0,3,jamesthomasonjr
17840,0,14,nicolas-ivanov
17841,0,5,suniltechfun
17842,0,4,P-Henoch
17843,0,1,rosvik
17844,0,17,jrasanen
17845,0,2,jbinto
17846,0,1,AprilYoungs
17847,0,35,cassiocardoso
17848,0,2,Chenyzsjtu
17849,0,2,jensh
17850,0,132,jogendra
17851,0,6,cauchycai
17852,0,7,RALMAZ
17853,0,4,pnigos
17854,0,327,pedronauck
17855,0,1,Walker088
17856,0,1,learyuan
17857,0,1,mscloud
17858,0,9,rishabhguptagithub
17859,0,1,binchik
17860,0,7,aprilvkuo
17861,0,5,sefagurel
17862,0,1,chezmatt
17863,0,2,Gaukas
17864,0,1,josephmaxim
17865,0,79,The-Gupta
17866,0,21,chekun
17867,0,1,tamumu
17868,0,1,kvillaniholland
17869,0,27,s3rgiosan
17870,0,4,IMS94
17871,0,63,monajalal
17872,0,11,ningyu1
17873,0,50,expede
17874,0,1,meteorode
17875,0,104,sergiodxa
17876,0,112,aritraroy
17877,0,9,asingh33
17878,0,6,c-yyy
17879,0,15,linconkusunoki
17880,0,2,sarneeh
17881,0,1,thomas-bouvier
17882,0,6,chocsx
17883,0,35,AhmedHelalAhmed
17884,0,8,ramnes
17885,0,34,msaroufim
17886,0,14,Enigma10
17887,0,5,herquiloidehele
17888,0,19,fanyifanbumaimeng
17889,0,6,astroindhu
17890,0,1,keith-E
17891,0,7,Wonderful99668
17892,311,1,sahmadyansc
17893,0,7,SK-CSE
17894,0,4,hyiso
17895,0,3,HannahBurzynski
17896,0,2,kashpatel
17897,197,4,ThiagoGarciaAlves
17898,0,2,matthieuh
17899,0,96,gustavoquinalha
17900,0,2,NakWarsi
17901,0,5,huguesbrunelle
17902,295,2,gokturkgok
17903,16,2,ChenFengYe
17904,0,1,rahulsinghk998
17905,0,6,ssbothwell
17906,0,7,tilakpatidar
17907,0,1,gunapandianraj
17908,0,14,meeDamian
17909,0,22,sinoon
17910,279,1,TianyuDu
17911,0,16,l-hammer
17912,0,17,HiWong
17913,0,1,ZSCDumin
17914,0,1,poemlin
17915,0,5,Kumaava
17916,0,5,aitmlouk
17917,0,12,jakewmeyer
17918,0,3,kukuhsain
17919,0,9,ZM-BAD
17920,0,5,Nazanin1369
17921,0,3,arthursdays
17922,0,1,LukeLeber
17923,0,4,GrayLand119
17924,0,8,Glf9832
17925,0,1,fabic
17926,0,25,diffractometer
17927,0,2,mteece
17928,0,11,Tjcug
17929,0,27,charygao
17930,0,19,hackintoshrao
17931,0,17,SingularityXD
17932,0,13,schultyy
17933,0,26,aboutaaron
17934,0,11,rickydunlop
17935,0,28,kidandcat
17936,0,19,datomnurdin
17937,0,10,jaxonhu
17938,0,3,mlunoe
17939,0,1,egurinko
17940,0,12,jakelacey2012
17941,0,7,cristianopacheco
17942,0,2,shalomfriss
17943,0,7,kehanlu
17944,0,6,harunyasar
17945,0,10,rudnitskih
17946,0,1,djentleman
17947,0,6,maximeaubaret
17948,0,1,abhi32ag
17949,0,3,Grogs
17950,0,8,filewalkwithme
17951,0,10,stenote
17952,0,6,igreek
17953,0,1,kserjey
17954,0,78,lordhasyim
17955,0,1,geogeorgiev
17956,0,4,bexcite
17957,0,3,pachecovit
17958,0,22,nicoddemus
17959,0,1,rjvim
17960,0,2,php0532
17961,0,67,taizilongxu
17962,0,8,Mwangzhi
17963,0,1,nicklalone
17964,0,3,esl4m
17965,0,41,ClementPinard
17966,0,11,k0pernikus
17967,0,1,YuechengLi
17968,0,2,Lowfly
17969,0,2,pixelbart
17970,0,4,e3oroush
17971,0,3,juddlyon
17972,0,11,Kakoli306
17973,0,2,braulioti
17974,0,4,sanjayatony
17975,0,57,gdad-s-river
17976,0,47,jamespan
17977,0,6,prashnts
17978,0,1,haoyang09
17979,0,15,andrei-cacio
17980,0,4,mcous
17981,0,5,lagenorhynque
17982,0,17,ajerez
17983,0,11,kitianFresh
17984,0,19,awangdev
17985,0,7,bassdeveloper
17986,0,2,conqueror
17987,0,1,iamdeepaka
17988,0,24,bojoer
17989,0,6,harley
17990,0,2,andrewsosa
17991,0,3,linhuixiao
17992,0,3,lpenz
17993,0,11,AddOneDn
17994,0,4,ErikCupal
17995,0,1,Rosenblad
17996,0,31,irekasoft
17997,0,1,hironozu
17998,0,19,Juliiii
17999,0,8,mateosilguero
18000,0,43,FirmanMFK
18001,0,6,kedwards
18002,0,4,MythicalFish
18003,0,7,NagabhushanS
18004,0,1,brunsgaard
18005,0,4,BuffMcBigHuge
18006,0,5,renjithsraj
18007,0,11,JALsnipe
18008,0,12,alirzayev
18009,0,10,anindya-saha
18010,0,3,devindi
18011,0,3,Tybi
18012,0,7,csutherl
18013,0,2,pricelessmok
18014,0,36,lxyu
18015,0,3,diztinct-glenn
18016,0,2,d553296416
18017,0,3,idcmardelplata
18018,0,6,imofei
18019,0,2,Drapegnik
18020,0,5,bennewton999
18021,0,24,liweinan
18022,0,9,RFV5s
18023,0,1,mgwoo
18024,0,16,Assuner-Lee
18025,0,1,smks
18026,0,8,rashidfawad
18027,0,13,cynthia
18028,0,92,amix
18029,0,29,graykode
18030,0,1,sakhawathsumit
18031,0,12,mihirsoni
18032,0,33,Roger-luo
18033,0,6,SlashNephy
18034,330,1,GrassWonder
18035,0,170,honnibal
18036,0,1,cypherjones
18037,0,38,taea
18038,0,87,elimisteve
18039,0,19,sunoru
18040,0,3,nerdbeere
18041,0,3,pnw
18042,0,12,Connorelsea
18043,0,25,iamgoangle
18044,0,2,ejoliet
18045,0,1,IyarLin
18046,0,3,sayful1
18047,0,5,rpeshkov
18048,0,5,shekhei
18049,0,4,m-2k
18050,0,7,edeity
18051,0,2,gregorydickson
18052,0,3,AKR2470
18053,0,14,CecilHarvey
18054,0,1,BlackHades
18055,0,1,adityajadhav
18056,0,3,sylvchev
18057,0,3,Kansuler
18058,0,3,m7v
18059,0,22,mickey0524
18060,0,39,MichaelMMeskhi
18061,0,9,kolapapa
18062,0,2,aureage
18063,0,4,babjo
18064,0,1,Dids
18065,0,26,drmingdrmer
18066,0,19,Denisolt
18067,0,1,den10
18068,0,2,Jaideepsai
18069,0,8,msalah85
18070,0,19,skerit
18071,0,7,daidahao
18072,0,3,rislam
18073,0,3,chungchi300
18074,0,2,luciovilla
18075,0,6,shak360
18076,0,52,SomeoneWeird
18077,0,6,moyunmo
18078,0,6,VincentJ1989
18079,0,8,Vitormdias
18080,0,6,nilshoerrmann
18081,0,13,cheald
18082,0,23,alfared
18083,0,7,mukira
18084,0,143,raisiqueira
18085,122,2,liuyanfeier
18086,0,6,raindylong
18087,0,34,msandroid
18088,0,3,hadibakalim
18089,0,5,eugene
18090,0,6,bobchennan
18091,0,5,DaeHeeLim
18092,0,2,iandmyhand
18093,0,3,klemenjak
18094,0,2,ajdunn2
18095,0,4,HTLife
18096,0,10,Yat3s
18097,0,4,ilkereroglu
18098,0,2,EriconYu
18099,0,5,Mingyu-Liang
18100,0,25,RyanKung
18101,0,1,ronaldosvieira
18102,0,9,smittal6
18103,0,36,razerdp
18104,0,4,khiav223577
18105,0,1,funkmeisterb
18106,0,41,susieyy
18107,0,4,Peter-WF
18108,122,2,mfcheer
18109,0,1,keshavramaswamy
18110,0,8,maplebeats
18111,0,1,jblaszczyk
18112,0,10,perploug
18113,0,1,fuguigui
18114,0,4,blakelockley
18115,233,2,nitss007
18116,0,56,sczyh30
18117,0,6,ethicalrushi
18118,0,1,seiyable
18119,0,2,kensakurada
18120,0,8,duyvuleo
18121,0,37,codedentwickler
18122,0,3,codwam
18123,0,15,cuihaoleo
18124,0,5,joelthe1
18125,0,3,helloanh
18126,0,5,liushoukai
18127,0,15,serhatsezer
18128,0,7,raoasifraza11
18129,225,2,ang3lkar
18130,0,10,ncoden
18131,0,7,rubeniskov
18132,0,1,jfastnacht
18133,0,28,highsea
18134,0,28,CALTyang
18135,0,27,jcieslar
18136,0,16,kmaninis
18137,0,2,shinochin
18138,0,3,LucasLimakxy
18139,0,3,loooo139
18140,0,3,sunzequn
18141,0,1,Mhmdrza
18142,0,1,JimRoepcke
18143,0,3,mariocespindola
18144,0,13,headwinds
18145,0,2,kineo2k
18146,0,11,joaomarcuslf
18147,0,49,armand1m
18148,0,4,clee
18149,0,12,alstat
18150,0,18,Dynalon
18151,0,136,rfyiamcool
18152,0,3,sighmin
18153,0,5,jetwong88
18154,0,53,kenzan8000
18155,0,5,chunkai1312
18156,0,8,msal4
18157,0,2,chicus12
18158,0,7,kunalgupta777
18159,0,1,noxoriaz
18160,0,39,jlstr
18161,0,6,bigbol
18162,0,7,elnur
18163,0,1924,nelsonic
18164,0,3,mrgrotts
18165,0,53,ArjunAranetaCodes
18166,0,2,alberttai1
18167,0,3,justinmetros
18168,34,4,Ramay7
18169,0,5,thiagoamc
18170,0,15,kk2491
18171,0,10,Bugdragon
18172,0,23,markotom
18173,0,31,ElderJames
18174,0,6,safakkizkin
18175,0,15,juliankrispel
18176,0,6,Marcello168
18177,0,7,alexNeto
18178,0,20,shellljx
18179,0,7,rohankvats
18180,0,46,kashif
18181,0,1,lbiester
18182,0,1,irvani
18183,0,13,dbugshe2
18184,0,3,motiejus
18185,0,4,radaren
18186,0,26,mick
18187,0,64,hql287
18188,0,1,bolajipemipo
18189,0,4,Drive-Override
18190,0,4,IceClear
18191,0,6,haymen
18192,0,9,eirsyl
18193,0,4,anyashka
18194,0,15,sibinx7
18195,0,33,kantharia
18196,0,19,imZack
18197,0,22,justinyanme
18198,0,8,cYKatherine
18199,0,80,carolcodes
18200,0,105,abraham
18201,0,3,mandrean
18202,0,5,apssouza22
18203,0,6,juancarlospaco
18204,0,6,mutoo
18205,0,4,say8425
18206,0,32,konstantinpavlikhin
18207,0,31,SebastianM
18208,0,2,bonaxcrimo
18209,0,9,keviveks
18210,0,1,meub
18211,0,22,alexandonian
18212,0,56,TheCodeTalker
18213,0,24,sachin21
18214,0,12,nsuchy
18215,0,42,Gerhut
18216,0,2,rockers7414
18217,0,2,richardxyx
18218,0,78,padraic
18219,0,9,dohlee
18220,0,1,cosmoz
18221,0,7,ramonmelo
18222,0,7,lapis-zero09
18223,0,6,FrankBian
18224,0,1,net32
18225,0,1,Amos94
18226,315,2,coollorenzo
18227,0,10,imbcmdth
18228,0,20,im0qianqian
18229,0,7,kinabalu
18230,0,4,navarmn
18231,0,2,lorock
18232,0,4,greenchapter
18233,0,56,somebee
18234,0,17,sks444
18235,0,12,gges5110
18236,0,5,dodoroy
18237,0,5,smalike
18238,0,1,DangLienMinh
18239,0,2,marcovisibelli
18240,0,6,gmyboy
18241,0,10,Zhuifeng414
18242,0,2,guillaume-g
18243,0,3,robbrit
18244,0,6,iqbaladinur
18245,0,3,pandorina1013
18246,0,4,kubami9
18247,0,1,gsmeira
18248,0,2,abuoop
18249,0,2,YefeiGao
18250,0,1,meowtech
18251,0,5,orangeince
18252,0,1,rmundel
18253,0,10,jacquelinewang
18254,0,17,jdoliner
18255,0,10,liminwu0626
18256,0,10,taariq
18257,0,2,linuxing3
18258,0,9,puregardenia
18259,0,20,basicallydan
18260,0,14,mf1389004071
18261,0,13,stevejpurves
18262,0,9,itsthomson
18263,0,87,me-shaon
18264,0,5,rye
18265,0,15,lucasmreis
18266,0,3,leyap
18267,0,4,liipx
18268,0,15,fredkelly
18269,0,2,piruin
18270,0,12,kvnsmth
18271,0,9,terwanerik
18272,0,6,kiding
18273,0,2,pandiyan-selvam
18274,0,58,fanmingfei
18275,0,2,ThadeusAjayi
18276,0,11,liadbiz
18277,0,7,Lucashuang0802
18278,0,23,M-Kepler
18279,0,8,TomBlack01
18280,0,15,cenkbircanoglu
18281,0,2,tamaina
18282,0,6,arthurmensch
18283,0,1,jiang-austin
18284,0,1,phradion
18285,0,17,andrewreedy
18286,0,1,derek-harding
18287,0,16,gaoli
18288,0,18,firsara
18289,0,5,pabloveintimilla
18290,0,9,samhou1988
18291,0,1,charlesll
18292,0,6,speedoholic
18293,0,4,dayanamcc
18294,0,11,ppshobi
18295,0,5,cook-coder
18296,0,5,taylorguo
18297,0,12,cesarolvr
18298,0,55,hamelsmu
18299,0,7,jbrizio
18300,0,3,darkstarmanny
18301,0,3,taylorbourgeois
18302,0,1,arthurpaulino
18303,0,5,stevenay
18304,0,3,riser101
18305,0,6,pensiero
18306,0,8,RamYadlapalli
18307,0,16,fahmyfarahat
18308,0,11,ccbikai
18309,0,19,buffer
18310,0,3,dungenessbin
18311,0,3,fujenchu
18312,0,5,cyprieng
18313,0,5,qizhenshuai
18314,0,3,kyungnae
18315,0,2,raddaoui
18316,0,4,stephane-monnot
18317,0,7,dealingwith
18318,0,12,szm1002
18319,0,3,EdwardHXu
18320,0,163,bingoogolapple
18321,0,4,SPxiaomin
18322,0,3,donglei
18323,0,2,antoniisu
18324,0,4,hoootan
18325,0,2,ansdval
18326,0,1,KentaYamada
18327,0,24,maxwell92
18328,0,4,Dexter2389
18329,0,9,backstageel
18330,0,10,ichpuchtli
18331,0,22,shawon922
18332,0,2,galeanojav
18333,313,1,mrklees
18334,0,1,bsaqqa
18335,0,17,mateus007
18336,0,7,FrencisAlreadyInUse
18337,0,14,cdcrabtree
18338,0,11,YudeWang
18339,0,62,lastguest
18340,0,17,LostWarrior
18341,0,6,helpse
18342,0,3,bendem
18343,0,6,darkpixel
18344,0,3,aletheia
18345,0,11,niltonmelox
18346,0,4,briangacheru
18347,0,3,aqidd
18348,0,8,abrandao
18349,0,14,tiecoo
18350,0,3,aMoniker
18351,0,4,andrei200287
18352,0,3,manish
18353,0,20,brightparagon
18354,0,2,nickbyfleet
18355,252,2,Rabrg
18356,0,2,pmventura
18357,0,17,jordandobson
18358,0,2,dijkspicy
18359,0,1,leejun6694
18360,0,15,andrekiffer
18361,0,9,joemisika
18362,0,4,shery089
18363,0,9,KarthikMAM
18364,0,6,sbustamante
18365,0,9,hmenn
18366,0,2,jknopp
18367,0,2,thomas-kl1
18368,0,2,mutoe
18369,0,34,adamsalves
18370,0,1,MLHale
18371,0,8,b17z
18372,0,2,luizpaulogodoy
18373,0,2,david-hoffman
18374,0,7,rikas
18375,0,31,craigspaeth
18376,0,20,textstorm
18377,0,9,phi-line
18378,0,34,herbertliu
18379,0,25,Maneng
18380,0,2,LukasSchaefer
18381,0,6,sascha-seyfert
18382,0,1,miladdiaz
18383,0,2,DmitrySandalov
18384,0,8,murdercdh
18385,0,1,HarrisonOg
18386,0,4,adryanev
18387,0,1,Tsigie
18388,0,6,deenoize
18389,0,3,Exikron
18390,0,24,mack007liu
18391,0,16,lbradstreet
18392,0,8,netpro2k
18393,0,9,rajat5ranjan
18394,0,6,Samlv9
18395,0,13,nenjotsu
18396,107,1,ajaysub110
18397,0,6,afonsodelgado
18398,0,4,SapneshNaik
18399,0,4,ludow
18400,0,6,robotmay
18401,10,2,Jyupin
18402,0,2,HyunminKo
18403,0,17,adamsanderson
18404,0,3,alxrsngrtn
18405,0,12,nacheteam
18406,0,168,FezVrasta
18407,0,9,Beyond-Chao
18408,0,4,sheldonkotyk
18409,0,34,ianobermiller
18410,0,38,jarednova
18411,0,17,Sally-Xiao
18412,0,5,mkovacek
18413,0,6,eranshapira
18414,0,10,GuaiYiHu
18415,0,7,Trojaner
18416,0,16,adams
18417,0,7,Qian-Han
18418,0,8,StevenX911
18419,0,2,csdai0324
18420,0,14,sayden
18421,0,20,jsyzchen
18422,0,7,jianzhnie
18423,0,8,ravi03071991
18424,0,13,striletskyy
18425,0,4,bogdanned
18426,0,5,choquo
18427,0,9,renatoagds
18428,0,3,ahkmunna
18429,0,3,lookas2001
18430,0,25,nimit95
18431,0,9,pucktada
18432,0,20,teslamint
18433,0,15,hakatashi
18434,0,2,halukmy
18435,0,11,MichelML
18436,0,4,bsantraigi
18437,0,29,bengotow
18438,0,19,meskarune
18439,0,7,ermantaylan
18440,0,5,greenwichmt
18441,0,1,mukulkhanna
18442,0,2,GeertHauwaerts
18443,0,7,mcomisso
18444,0,4,heyanfeng
18445,0,5,herrkrueger
18446,0,1,Belzee10
18447,0,7,gordoneliel
18448,0,2,raifthenerd
18449,0,21,EBWi11
18450,0,4,astrolope
18451,0,7,Sadin
18452,0,5,RHDZMOTA
18453,0,31,joaopedronardari
18454,0,2,JveGuo
18455,0,23,georgelima
18456,0,13,paulocastellano
18457,0,3,baoduy
18458,0,13,2sang
18459,0,32,banago
18460,0,2,bolonio
18461,0,6,Labyrinth108
18462,0,6,77anshul
18463,0,1,Renrhaf
18464,0,21,bakszero
18465,0,1,thedanielhanke
18466,0,59,catalinmiron
18467,0,1,onjsdnjs
18468,0,3,clickblipclick
18469,0,8,soulchainer
18470,0,5,m8ttyB
18471,0,1,theraw
18472,0,1,jamirperoba
18473,0,13,ChrisWu1997
18474,0,6,migariane
18475,0,18,GKalliatakis
18476,0,7,canelmas
18477,0,9,alulsh
18478,0,3,Dennissiq
18479,0,5,keellyp
18480,0,14,otalandim
18481,0,4,YanchengYuan-Paul
18482,0,2,adrianzqt
18483,0,4,bfolkens
18484,0,2,martindrapeau
18485,0,5,FernanOrtega
18486,0,16,dozer47528
18487,0,2,IsmaelNascimento
18488,0,7,shenc3
18489,0,86,mistercrunch
18490,0,1,abacigil
18491,0,14,enricorotundo
18492,0,15,lzjqsdd
18493,0,3,smithyj
18494,0,1,checor
18495,0,9,notejs
18496,0,4,maxbrokman
18497,0,2,jorgegil96
18498,0,8,nakorndev
18499,0,12,shuuki4
18500,0,2,bsmith125
18501,0,2,JohnRenatoDev
18502,0,4,hak11
18503,0,1,shizhuoxing
18504,0,7,lance
18505,0,3,pihat
18506,0,1,QuentinGibson
18507,0,87,mtodd
18508,0,3,sushilparajuli
18509,0,13,shiheng2016
18510,0,4,lorizone0906
18511,0,3,dnf666
18512,0,2,LucasGSGS
18513,0,4,ronag
18514,0,2,DusonWang
18515,0,4,ollieRogers
18516,0,3,jsiilva1
18517,0,5,freekrai
18518,0,6,khodges42
18519,0,3,Algomancer
18520,0,26,mozamimy
18521,0,6,hjbahng
18522,0,7,smokku
18523,0,3,mattijsbliek
18524,0,16,shayan09
18525,0,3,itch96
18526,0,11,devlato
18527,0,13,miamarti
18528,0,6,idmontie
18529,0,1,dwy904
18530,0,2,HHardyy
18531,0,11,rohanbanerjee
18532,0,23,KristianOellegaard
18533,0,12,duongvancuong
18534,0,1,slavikdev
18535,0,28,Hazealign
18536,0,16,sfyumi
18537,0,13,MattIPv4
18538,0,7,lfckop
18539,0,4,antonkulaga
18540,0,10,omranjamal
18541,0,3,Chaunjie
18542,0,13,joelgombin
18543,0,7,bakkou
18544,0,2,AndyDaSilva52
18545,0,3,scofield-hello
18546,0,3,sumanthd17
18547,0,13,MatrixV01
18548,0,4,thegenuinegourav
18549,0,14,carloshenriqueribeiro
18550,0,20,leonardo-anjos
18551,0,5,luiscript
18552,0,5,MonkSoul
18553,0,2,nchaimov
18554,0,37,WMXPY
18555,0,4,shaoguangleo
18556,0,1,jfilhoGN
18557,0,2,royalrover
18558,0,44,caiovictormc
18559,0,8,nnti3n
18560,0,17,ianjennings
18561,0,8,cwsjoker
18562,0,350,podviaznikov
18563,0,2,jasonz1987
18564,0,73,flyingluscas
18565,0,4,everdom
18566,0,6,madrury
18567,0,13,leonkunert
18568,0,3,geektoni
18569,0,9,AdriSolid
18570,0,1,Drillan767
18571,0,8,alyosama
18572,0,2,icezatoo
18573,0,15,bushuhui
18574,0,3,liaobnb
18575,0,5,Saliva520319
18576,0,1,qutek
18577,0,5,abuango
18578,0,4,lpzjerry
18579,0,1,schleinzer
18580,0,5,PackyXu
18581,0,1,Qurin
18582,0,5,hyprstack
18583,0,4,DonRichards
18584,0,8,sebastienhouzet
18585,0,2,fangyuzhong2016
18586,0,10,deedubs
18587,0,9,skyview059
18588,0,32,kimmking
18589,0,20,nh2
18590,0,6,JaminZhou
18591,0,12,liuzm
18592,0,1,chisj
18593,0,13,TomK32
18594,0,6,Kinpzz
18595,0,27,hmemcpy
18596,0,1,mskutin
18597,0,4,lrh3321
18598,0,59,maysam
18599,0,2,fedeghe
18600,0,7,dev-gaur
18601,0,4,LiarOnce
18602,0,6,taherahmadi
18603,0,1,tbsexton
18604,0,1,faisalshahbaz
18605,0,3,hi15
18606,0,20,ljjyxz123
18607,0,28,andrewliao11
18608,0,4,JeffChern
18609,0,4,AdamSpannbauer
18610,0,16,kylehamilton
18611,0,63,cristianoliveira
18612,0,19,dan-manges
18613,60,2,NickWoodhams
18614,0,4,ZitanChen
18615,0,5,HarveyKandola
18616,136,2,dfaruque
18617,0,14,dwillmc
18618,0,3,AdrianoLupossa
18619,0,4,redgoose-dev
18620,0,2,ianwinter
18621,0,6,cameronb23
18622,0,70,Onetaway
18623,0,2,mrogach2350
18624,0,31,Tarrasch
18625,0,10,brunogb
18626,0,5,jsonbruce
18627,0,1,acsr
18628,0,4,Harekam
18629,0,7,benjipott
18630,0,2,thomas-hervey
18631,0,8,grafuls
18632,0,3,jonurry
18633,0,1,mbhnyc
18634,0,5,lqhl
18635,0,33,gusshmelo
18636,0,12,hisasann
18637,0,18,alfredormz
18638,0,456,bailicangdu
18639,0,2,ronanmccoy
18640,0,7,romulomourao
18641,0,4,RickyHuo
18642,0,4,SghaierFiras
18643,0,5,theafricanengineer
18644,0,20,prosman
18645,0,2,jpudysz
18646,0,1,cdesewell
18647,0,10,ernado
18648,0,3,pupeno
18649,0,17,jlopezxs
18650,0,3,Mohamed3on
18651,0,148,daviferreira
18652,0,5,Shahor
18653,0,12,ahmedofali
18654,0,22,pavlospt
18655,0,10,amahrt
18656,0,4,benjamin658
18657,0,42,redox
18658,0,42,Windfarer
18659,0,6,LeoYuan
18660,0,1,thephilwells
18661,0,2,LucaMele
18662,0,7,stenson
18663,0,154,lfarah
18664,0,1,mike-munchdev
18665,0,2,amauripump
18666,0,15,heitortsergent
18667,0,18,shreyasbapat
18668,0,2,payingattention
18669,0,1,bartelemii
18670,0,1,luoshao23
18671,0,2,davidsonic
18672,0,17,eabait
18673,0,11,andrewheusser
18674,0,21,neverchanje
18675,0,7,carlosmouracorreia
18676,243,5,Linwenye
18677,0,24,filmgirl
18678,0,3,dongshihao
18679,0,12,lyc-changeworld
18680,0,23,imrehg
18681,0,6,gulullu
18682,0,2,theadriann
18683,0,3,DituLin
18684,0,3,BildPeter
18685,0,17,0x48piraj
18686,0,4,MartianLee
18687,0,15,pbamotra
18688,0,4,ericsund
18689,0,7,AprilXiaoyanLiu
18690,0,1,NickKaramoff
18691,0,2,srajappa
18692,0,1,peri4n
18693,0,5,msampathkumar
18694,0,1,apletea
18695,0,6,iamxiaodong
18696,0,17,csurfer
18697,0,4,infinite-pursuits
18698,0,1,erikwco
18699,0,23,taoqianbao
18700,0,24,johnnychen94
18701,0,176,Natshah
18702,0,1,cezhang52111
18703,0,1,tenkiss258
18704,0,7,Abdelsattar
18705,0,15,soyemi
18706,0,5,JianxunRao
18707,0,23,khalidabuhakmeh
18708,0,5,cage1016
18709,0,9,maxgfr
18710,0,65,dandv
18711,0,10,ahmetozalp
18712,0,4,dzaytsev91
18713,0,6,aenrichus
18714,0,2,William-An
18715,0,9,Plasmoxy
18716,0,1,mrgoodrich
18717,0,2,NobleYd
18718,0,5,c4miloruiz
18719,0,7,Draichi
18720,0,2,mahyaret
18721,0,6,jangirrishabh
18722,0,6,iashraful
18723,0,3,houshaopeng
18724,0,3,Qing-zhan
18725,0,33,keefo
18726,0,1,jasmyn
18727,0,8,ddomingues
18728,0,33,HarriesChen
18729,0,14,jamesflorentino
18730,0,26,davidgasquez
18731,0,18,karllhughes
18732,0,18,johndagostino
18733,0,1,gaetan-pc
18734,0,8,oopsoop
18735,0,3,nicolasmure
18736,0,7,essamhassan
18737,0,31,liuruoze
18738,0,1,kandran
18739,0,9,shwksl101
18740,0,2,thalisonwilker
18741,0,5,BockSong
18742,0,34,sawepeter
18743,0,22,RockyQu
18744,0,5,Prashant47
18745,0,32,gujiuxiang
18746,0,10,CodeLittlePrince
18747,0,3,Zi0P4tch0
18748,0,11,DJBen
18749,0,9,ewanlee
18750,0,6,pabloboerr
18751,0,130,ivanseidel
18752,0,4,davedx
18753,0,11,chibby0ne
18754,0,9,markpbaggett
18755,0,2,dendavidov
18756,0,6,bronek89
18757,0,2,bhagyadeep-narula
18758,0,3,shayanea
18759,0,1,kyrin28
18760,0,22,RodolfoFerro
18761,0,2,lebedev
18762,0,2,hsuanyi
18763,0,3,Sahadar
18764,0,1,beol
18765,0,3,freelamb
18766,0,6,steebchen
18767,0,1,jonnitg
18768,0,1,mkerin
18769,0,4,filhocodes
18770,0,7,mzz2017
18771,238,2,thiagoferreirap
18772,0,20,dengfuping
18773,0,5,JBAhire
18774,0,24,connorholyday
18775,0,58,alopezsanchez
18776,0,9,altanpazarli
18777,0,1,mffonseca
18778,0,3,leniel
18779,0,1,jrbrowning
18780,0,19,seisman
18781,0,5,JoshuaVSherman
18782,0,5,tadman
18783,0,2,liuct
18784,285,2,XiaoLongZhu
18785,0,16,Zsailer
18786,0,2,challgren
18787,0,67,Jungwoo-An
18788,0,1,HenryLeongStat
18789,0,27,mikeschinkel
18790,0,91,athityakumar
18791,0,1,arturcesarmelo
18792,0,2,ryf1123
18793,0,14,T0mmyliu
18794,0,4,fengyang0317
18795,0,42,Jiasm
18796,0,3,r281GQ
18797,0,2,haibincoder
18798,0,5,fanfeilong
18799,0,1,NelsonGar
18800,0,26,jesstelford
18801,0,6,ABuarque
18802,0,14,joladubu
18803,0,31,HrWangChengdu
18804,0,51,junqueira
18805,0,84,doowb
18806,0,1,KarelZhang
18807,157,3,Faiz
18808,0,3,gousta
18809,0,14,Vetal4eg
18810,0,33,starktonys
18811,0,3,iwitaly
18812,0,10,ajaxray
18813,0,2,Tombar
18814,0,82,cristianounix
18815,0,4,ifeherva
18816,0,1,EmilienLeroy
18817,0,6,Leeaandrob
18818,0,21,BIGBALLON
18819,0,3,CCorrado
18820,0,3,luckyalvy
18821,0,8,lorenzos
18822,0,20,dphiffer
18823,0,7,bhaskarshankarling
18824,0,6,marco-ponds
18825,0,144,ask
18826,0,14,duduindo
18827,0,9,perenecabuto
18828,0,3,mbodock
18829,0,3,lancelet
18830,0,1,nprail
18831,0,8,jsonkao
18832,0,2,tannusesquerdo
18833,0,21,karanjthakkar
18834,0,39,methodmissing
18835,0,8,mishingo
18836,0,1,sir-kain
18837,0,7,emma-martin
18838,0,22,sakitam-fdd
18839,0,1,ZhengPeng7
18840,0,10,JohnMaguire
18841,0,16,mnhkahn
18842,0,2,ajartille
18843,0,3,soulcramer
18844,0,4,tadeubarbosa
18845,0,9,Ohara124c41
18846,0,9,pylixm
18847,0,4,chenzhuwei
18848,0,1,TepyThai
18849,0,16,Joliven
18850,0,295,hustcc
18851,0,14,FerPerales
18852,0,1,chizr
18853,0,4,llbbl
18854,0,13,ToryZhou
18855,0,4,YannDubs
18856,0,1,RoccoHoward
18857,0,6,rawkode
18858,0,1,Digiman
18859,0,1,LPGhatguy
18860,0,5,harshadyeola
18861,0,6,fakedrake
18862,0,1,mdcarter
18863,0,2,geekhch
18864,0,4,eduardoborges
18865,0,1,cdennig
18866,0,74,apachesep
18867,0,18,heliomsolivas
18868,0,13,edsilv
18869,0,53,shuhei
18870,0,6,holycattle
18871,0,2,Junhojuno
18872,0,8,ninsuo
18873,0,4,ChosenKing
18874,0,5,sudoguy
18875,0,2,akondrahman
18876,0,302,josh
18877,0,8,rahul-sr
18878,0,15,jcaudle
18879,0,22,albertosouza
18880,0,1,neonerd
18881,0,7,taufikxu
18882,0,5,ru1996
18883,0,1,UniqueAndys
18884,0,2,dews
18885,0,20,himynameisdave
18886,0,1,d2one
18887,0,2,KingCastle
18888,0,5,outman
18889,0,2,syarul
18890,0,4,charlieporth1
18891,0,4,bharatpurohit97
18892,0,7,nternetinspired
18893,0,6,outout14
18894,82,2,alberthuynh91
18895,119,1,jpmoyn
18896,0,5,fairyeye
18897,0,3,GuroKung
18898,0,2,TianYouH
18899,0,10,mateuscalza
18900,0,1,mythly
18901,0,2,betimer
18902,0,2,pedreviljoen
18903,0,24,thorikawa
18904,316,1,HongJeSeong
18905,0,3,sgtfrankieboy
18906,0,2,josselinbuils
18907,0,4,ramdesh
18908,0,4,ilvsx
18909,0,4,mynameisny
18910,0,30,devWayne
18911,0,1,owenyoung75
18912,0,4,ajayoo7
18913,0,9,graciano
18914,0,4,SuperSaiyanSSS
18915,0,13,Naylor55
18916,0,6,ashwinimanoj
18917,0,1,linzch3
18918,0,20,Mathieu-Lu
18919,0,3,ryantownsend
18920,0,9,BboyAkers
18921,0,2,liuyu666-thu
18922,0,1,salwator
18923,0,1,briandeheus
18924,0,1,stevenklar
18925,0,2,infokani
18926,0,8,jbschiratti
18927,0,21,rahulbhalley
18928,0,5,Akurganow
18929,0,10,dhruvio
18930,0,8,suusan2go
18931,0,4,Creativiousa
18932,0,23,brblck
18933,0,2,scaryrawr
18934,0,1,358203708
18935,0,2,quino0627
18936,0,8,strange-life
18937,0,36,sger
18938,0,4,jingdor
18939,139,1,doyleliu
18940,0,11,magic3007
18941,0,17,eyaltrabelsi
18942,0,12,kaizenagility
18943,0,4,LacticAcidCYC
18944,0,3,r0nho
18945,0,665,TheLarkInn
18946,0,89,sdboyer
18947,0,1,faraz117
18948,0,1,gordonlau
18949,0,66,jiamings
18950,0,4,VeraWei
18951,0,15,Kavinda-Senarathne
18952,0,7,groovytron
18953,0,1,lsiden
18954,0,59,guilhermedecampo
18955,0,7,banderson623
18956,0,5,sylvainmetayer
18957,0,3,jeremystucki
18958,0,24,TheTylerJP
18959,0,9,thiefuniverse
18960,0,59,kaushik94
18961,0,1,oneyanshi
18962,0,11,sreecodeslayer
18963,0,3,L-Zephyr
18964,0,5,joeization
18965,0,11,sdball
18966,0,15,alejandro-ser
18967,0,6,sjaeckel
18968,0,5,MinglangQiao
18969,0,135,philips
18970,0,2,Burtonia
18971,0,10,arjunmahishi
18972,0,6,masums
18973,0,13,BigZihao
18974,0,4,oseme-techguy
18975,0,26,foundy
18976,0,26,nulltask
18977,0,11,swetanjal
18978,0,7,eldinsahbaz
18979,0,2,eXistenZNL
18980,0,1,ipan97
18981,0,2,c3stream
18982,0,3,therabidbanana
18983,0,36,lukaszkorecki
18984,0,4,aribn
18985,0,13,osoykan
18986,0,1,angcostaneto
18987,0,3,felipevr
18988,0,4,nikunjkabariya
18989,0,7,kaelzhang81
18990,0,12,leonardoxh
18991,0,4,bobulated
18992,0,1,TrungKienVu069
18993,0,64,pdp7
18994,0,7,fisache
18995,0,23,KochiyaOcean
18996,0,148,anweshknayak
18997,0,9,noelmace
18998,0,8,johnnyeric
18999,0,2,Samuelimza
19000,0,2,nickhsu
19001,0,11,monolithed
19002,0,33,iris9112
19003,0,8,makalo
19004,0,1,NaturalMe
19005,0,18,AlecRust
19006,0,7,hidayat05
19007,0,6,snowlotus
19008,0,13,china-kook
19009,0,1,JensPiegsa
19010,0,2,grahamhayes
19011,0,2,chenggoi
19012,0,5,chrepl
19013,0,6,syjsu
19014,0,7,root-ali
19015,0,3,abhishek-07
19016,0,25,ivysboy
19017,0,5,ayushnigamsworld
19018,0,88,4rshdeep
19019,0,7,frank-dspeed
19020,0,4,guivinicius
19021,0,8,AntoinedeChassey
19022,0,8,leojkwan
19023,0,6,MayankSrivastav
19024,0,46,felipealfonsog
19025,0,26,lc222
19026,0,4,rizkyario
19027,0,9,TonyScript
19028,0,30,brean
19029,0,7,filipenevola
19030,0,1,Naturalclar
19031,0,3,ccrowley96
19032,0,1,jasongwartz
19033,0,1,DannyLeiton
19034,0,6,psilospore
19035,0,3,thistehneisen
19036,0,3,abdiansah
19037,0,98,marceloavf
19038,0,23,Alirezaies
19039,0,4,80xer
19040,0,23,dcorking
19041,0,17,maoxiaoke
19042,0,3,coderade
19043,0,6,SamuelCabralCruz
19044,0,5,anirudhramanan
19045,0,9,cjlcarvalho
19046,0,39,jokeyrhyme
19047,0,5,bhedge
19048,0,11,SongRb
19049,0,9,menuka94
19050,0,1,Vishal0203
19051,0,2,johnbryant
19052,0,3,cdbBinary
19053,0,8,kewitz
19054,0,13,ainch
19055,0,8,paulballesty
19056,0,2,ptitgraig
19057,0,7,ricardodesimas
19058,0,3,m4n1ok
19059,0,8,amalik
19060,0,1,dumindux
19061,0,12,abkds
19062,0,4,ben-rogerson
19063,0,80,curran
19064,0,56,rodrigolabs
19065,0,11,jmsrsd
19066,0,2,gilakos
19067,0,9,KelvinOyanna
19068,0,1,liesislukas
19069,0,12,KLDistance
19070,0,13,medhatdawoud
19071,0,3,fgh1999
19072,0,5,gmmeyer
19073,0,9,melaanya
19074,0,7,bitmingw
19075,0,1,benrudhart
19076,0,5,complex64
19077,0,2,derekbrown
19078,0,4,draganmarjanovic
19079,0,5,serverglen
19080,0,14,ChristianMurphy
19081,0,7,lucassabreu
19082,0,4,Houchaoqun
19083,0,8,Bavragor
19084,0,3,agodin3z
19085,0,7,jaromero
19086,0,1,raelmiu
19087,0,2,LiloD
19088,0,41,emaraschio
19089,0,65,rechun
19090,0,1,harkmall
19091,0,1,cbamls
19092,0,4,henryz00
19093,0,39,greed2411
19094,0,5,greedbell
19095,0,3,OktayGardener
19096,0,59,stmoreau
19097,0,10,LifengFan
19098,0,17,gregjw
19099,0,7,rstrobl
19100,0,11,markstos
19101,0,4,dorianamouroux
19102,0,1,richjenks
19103,0,6,michael-erasmus
19104,0,6,louis-she
19105,0,42,sudheesh001
19106,0,31,stelabouras
19107,0,7,guoshencheng
19108,0,2,terrence386
19109,0,12,chasingegg
19110,0,7,pei-lun
19111,0,27,mrkkrp
19112,0,13,mohan5070
19113,0,1,thehappysheep
19114,0,218,alicaglayan
19115,0,4,misabitencourt
19116,0,1,orozcohsu
19117,0,11,dev-hernandez2
19118,0,39,knightsj
19119,0,5,JX-Zhuang
19120,0,8,RajatGarg97
19121,0,16,renlulu
19122,0,3,GuillaumeAmat
19123,0,2,YuHuaCheng
19124,0,1,sona-19
19125,0,10,quzhengping
19126,0,2,dgramop
19127,0,2,candacerogue
19128,0,7,spielersun
19129,0,2,syedaunn
19130,0,5,ericcecchi
19131,0,7,gkchristopher
19132,0,1,awaw00
19133,0,4,ChrisWen960216
19134,0,10,axhello
19135,0,3,Guite
19136,0,2,cjdmax
19137,0,14,prakhar190
19138,0,7,MikeShi42
19139,0,4,sam0x17
19140,0,8,richardzone
19141,0,2,Jasonspd
19142,0,4,jacobhenke
19143,196,1,phvan2312
19144,0,5,ValterJunior
19145,0,23,devniel
19146,0,5,flanfly
19147,0,2,colehurwitz
19148,0,1,mada41
19149,0,40,ecmelkytz
19150,0,2,Marmiz
19151,0,19,abhishekgahlot
19152,0,4,raybest4u
19153,0,151,brenopolanski
19154,0,55,johnantoni
19155,0,8,karenngomes
19156,0,35,ly0
19157,0,7,felix-orduz
19158,0,12,magnum
19159,73,2,owoshch
19160,0,8,diegourban
19161,0,7,abhishekms1047
19162,0,15,phpcodertop
19163,0,1,floustao
19164,0,2,Kike-Ramirez
19165,0,14,dblandin
19166,151,1,aakashsinha19
19167,0,12,shivank01
19168,0,29,hibayesian
19169,0,3,prasiman
19170,0,62,tamer1an
19171,0,1,KelvinCampelo
19172,0,12,msamogh
19173,0,3,GFargo
19174,0,5,mrecos
19175,0,2,avikodak
19176,0,7,andrecurvello
19177,0,3,timhannifan
19178,0,3,joppuyo
19179,0,10,csinva
19180,153,1,mainul94
19181,0,1,sabir4063
19182,0,15,chengjun
19183,240,2,Luctins
19184,0,3,devarthurribeiro
19185,0,2,santhoshsoundar
19186,0,2,satnam-sandhu
19187,0,10,simo97
19188,0,5,Wordenskjold
19189,0,5,harishanchu
19190,0,2,Forrest219
19191,0,10,johnolafenwa
19192,0,6,PLQin
19193,0,2,adrianvalenz
19194,0,1,taoyafan
19195,0,8,peterberkenbosch
19196,0,9,prashantpalikhe
19197,0,5,jozecuervo
19198,0,21,stoque
19199,0,15,idmarjr
19200,0,4,Antonhansel
19201,0,4,mhejrati
19202,0,20,ccloli
19203,0,8,adomy
19204,0,4,andressamarcal
19205,0,5,arunpune
19206,0,8,NeilLi1992
19207,0,16,ihorvorotnov
19208,156,2,BrekiTomasson
19209,0,3,kalehv
19210,0,12,giflee
19211,0,3,chucklu
19212,173,5,pavelsavelyev
19213,0,8,alexkiura
19214,0,1,cptanalatriste
19215,0,36,dittos
19216,0,9,hadrienl
19217,0,5,jihadmahfouz199
19218,0,5,jearton
19219,0,3,debodirno
19220,0,1,Zhouhao12345
19221,0,5,albertopriore
19222,0,2958,Bunlong
19223,0,4,cepera-ang
19224,0,105,kcnickerson
19225,0,4,su6838354
19226,0,9,guigomesa
19227,0,1,levymoreira
19228,0,8,christopheschwyzer
19229,0,4,martincruzot
19230,0,5,lastweek
19231,36,1,jacob975
19232,0,2,rickyman
19233,0,10,normanjoyner
19234,0,6,maheshwaghmare
19235,0,3,ashaindlin
19236,0,1,josuesasilva
19237,0,1,lxbzmy
19238,21,4,ethanzh
19239,0,3,gloomyline
19240,0,4,PedroLamas
19241,0,3,giancarloandroid
19242,0,3,Migweld
19243,0,4,duaneleem
19244,0,17,davorminchorov
19245,0,38,shipengqi
19246,0,1,solidevolution
19247,0,5,moeidsaleem
19248,0,14,afuentes
19249,0,2,nick-gudumac
19250,0,5,nicky-lenaers
19251,0,1,JeromeDevillers
19252,0,2,songololo
19253,0,1404,JonnyBanana
19254,0,44,d4tocchini
19255,0,26,nzw0301
19256,0,27,coreylynch
19257,0,1,recisic
19258,0,1,adplt
19259,0,5,listencx
19260,0,9,mizhac
19261,0,2,BechirAhmed
19262,0,3,kurosakiaduma
19263,0,89,msurguy
19264,0,8,grealish
19265,0,26,AraanBranco
19266,0,15,dilannery
19267,0,22,edvaldoszy
19268,0,23,rafaeldelboni
19269,0,10,manjeshpv
19270,0,10,pmkhoa
19271,0,2,bibi941
19272,0,2,Schaudge
19273,0,2,christiancho
19274,0,3,saad-ahmed
19275,0,18,shoo7830
19276,0,7,iansltx
19277,0,10,ezzatron
19278,0,17,Aurora-J
19279,0,28,daitomanabe
19280,0,4,cromwellryan
19281,0,8,sweetquiet
19282,0,1,jndewey
19283,0,58,hkdobrev
19284,0,3,Lakshmipathi
19285,0,5,LarryBattle
19286,0,1,josuecorrea
19287,0,3,neumanrq
19288,0,1,jontutcher
19289,0,1,myEric
19290,0,49,myliang
19291,0,22,Riashat
19292,0,16,swistaczek
19293,0,4,kowalski7cc
19294,0,1,mttrys
19295,0,5,akhilmantha
19296,0,2,cfhammill
19297,0,3,fredcouderc
19298,0,8,jenweber
19299,0,1,Bartwillemsen
19300,0,1,devendrakushwah
19301,0,1,bhamburg
19302,0,7,ahmdsamir91
19303,0,13,deepanshululla
19304,47,2,mortenfyhn
19305,0,11,flavioalves
19306,0,1,amarthey
19307,0,1,MortonWang
19308,0,15,thyagorafaell
19309,0,20,fjarrett
19310,168,2,geokal
19311,0,7,francispeixoto
19312,0,9,9b
19313,0,2,Lwrless
19314,0,6,hasanlussa
19315,0,2,rectius
19316,0,38,ascii-dev
19317,0,2,bashell
19318,0,6,kaiserbock
19319,0,6,rodgerer
19320,137,1,jennyzeng
19321,0,2,poovarasanvasudevan
19322,0,3,Charlesworth
19323,0,6,paulhauner
19324,0,78,desmond1121
19325,0,8,asapach
19326,0,19,Mazyod
19327,0,6,chauffer
19328,0,5,ahazrat
19329,0,4,AlexMunoz905
19330,0,84,bbondy
19331,0,15,chikathreesix
19332,0,4,mingsnu
19333,0,12,bluewitch
19334,0,11,sridhar-newsdistill
19335,0,8,lpreterite
19336,0,3,jakebellacera
19337,0,12,jojotov
19338,0,6,christroutner
19339,0,11,akapandaroad
19340,0,33,jollen
19341,0,4,Thielo
19342,0,4,extesy
19343,0,1,edersonsandre
19344,0,9,krother
19345,0,27,Stiivi
19346,0,3,raphaelsty
19347,0,6,cogmission
19348,0,4,chryton
19349,0,1,Dixens
19350,0,1,ValentinMouret
19351,0,111,beejhuff
19352,0,41,dsalin
19353,0,2,RileySainz
19354,0,10,fanqinghui
19355,0,12,dxjforyou
19356,0,5,landonwilkins
19357,0,3,gbcdef
19358,0,145,jonnydubowsky
19359,0,8,PundoJnr
19360,0,2,dthg
19361,0,41,christabor
19362,0,74,GuangchuangYu
19363,0,6,sgelob
19364,0,26,HAOGRE
19365,0,7,abiyasa
19366,0,1,Yuzhen11
19367,187,1,Aurelius84
19368,0,4,jhkim89
19369,0,10,OmerFarukTekgozoglu
19370,0,3,DevinCheung
19371,0,2,LiangjunFeng
19372,0,2,copyrenzhe
19373,0,5,BSatyaKishore
19374,0,21,takion
19375,0,24,h13i32maru
19376,0,21,AlyShmahell
19377,0,10,Hongbosherlock
19378,0,3,SasaRA
19379,0,10,irfanbaigse
19380,0,3,paulswartz
19381,0,18,thecreazy
19382,0,9,karanisverma
19383,0,7,alexortiz201
19384,0,128,jenssegers
19385,0,9,ashishsc
19386,0,19,jmshal
19387,0,4,jkarnows
19388,0,1,GeekWangC
19389,0,12,iKevinY
19390,0,2,bdo311
19391,0,2,expiron
19392,0,52,nRike
19393,0,99,GantMan
19394,0,8,mendieta
19395,0,2,devojoyti
19396,0,19,JsonChao
19397,0,5,mwizasimbeye11
19398,0,4,Cian911
19399,0,15,gooyoung
19400,0,3,AsuradaYuci
19401,0,1,rosysong
19402,0,19,jcarrharris
19403,0,9,andrewvy
19404,0,46,grayghostvisuals
19405,0,33,blipinsk
19406,0,1,someguy9
19407,0,7,shashank-sj
19408,0,2,horaciocome1
19409,0,5,charlesxu90
19410,0,19,ShibinCo
19411,0,42,ricburton
19412,0,1,SaliMike
19413,0,3,andrearugge
19414,0,8,andreilupu
19415,0,4,meinhub
19416,0,26,philipithomas
19417,0,3,camdeardorff
19418,0,4,JonatanLima
19419,0,5,bartdominiak
19420,0,2,sayin
19421,0,7,StefanXhunga
19422,0,33,rezabojnordi
19423,0,3,ColaDrill
19424,0,9,LazyFatArrow
19425,0,2,mizukami234
19426,0,11,gmaclennan
19427,0,5,mowcixo
19428,0,28,shoaibbhimani
19429,0,6,qq99
19430,0,10,Sammons
19431,0,1,bakanaouji
19432,0,21,Cleam
19433,0,3,jfallisg
19434,0,23,lucasconstantino
19435,0,4,Omkar-Ajnadkar
19436,0,4,j4jinx
19437,0,2,ryanvarley
19438,0,2,YoungForever222
19439,0,1,Rhymmor
19440,0,2,JiangtianPan
19441,0,85,BernardoGO
19442,0,2,ADarkHero
19443,0,1,joshdavenport
19444,0,11,TanvirAmi
19445,0,11,teddyzetterlund
19446,0,85,breakzplatform
19447,0,6,SelimEmre
19448,0,1,HGWells07
19449,0,5,facebesidewyj
19450,0,1,csaranbalaji
19451,0,2,gbrlsnchs
19452,0,9,jmxx
19453,0,9,lzkui2013
19454,0,35,jsn5
19455,0,5,meltuhamy
19456,0,3,jeongjuwon
19457,0,14,jasonbarone
19458,0,6,alexjosesilva
19459,0,7,grokify
19460,0,2,hyurumi
19461,151,3,siddharthshashikar
19462,0,1,jackeyang
19463,49,2,brianpattison
19464,0,2,WiFeng
19465,0,24,ferrannp
19466,0,9,dbrumann
19467,0,5,spirit-jsb
19468,0,9,acoffman
19469,0,7,BinHanDev
19470,0,31,rizo
19471,0,2,SameerKumarPrasad
19472,0,41,Urinx
19473,0,2,hujingbao
19474,0,4,GodLovesJonny
19475,0,5,markbrouch
19476,0,1,MallombasiMattawang
19477,0,5,fantingsheng
19478,0,3,brovador
19479,0,21,bennage
19480,0,8,codemilli
19481,90,4,olegario96
19482,0,2,donaldrauscher
19483,0,40,robbfitzsimmons
19484,0,3,marlek
19485,0,1,Getinwiththem
19486,0,2,kurodaSensei
19487,0,4,jamalmoir
19488,0,33,overture8
19489,0,16,messyidea
19490,0,1,AquaMorph
19491,0,22,lacymorrow
19492,0,1,JJZHK
19493,0,1,jrumbut
19494,0,1,hweiguang
19495,0,16,dcsan
19496,0,3,kuahn
19497,0,11,chenyunchen
19498,321,1,FelixJacobi
19499,0,2,mvenaas
19500,0,21,stoe
19501,0,4,jpalma-espinosa
19502,0,6,pouriaMaleki
19503,0,13,garry1ng
19504,0,107,qiutian00
19505,0,6,matsukaz
19506,0,2,leommsilva
19507,0,4,mohitwildbeast
19508,0,23,martpie
19509,0,3,sostenesg7
19510,0,12,liyumeng
19511,0,3,sqndr
19512,0,14,BernardXiong
19513,0,16,Dickens-odera
19514,0,10,bitwiseman
19515,0,1,Fan-Gong
19516,0,3,ktoprakucar
19517,0,6,eighteyes
19518,0,3,robhammond
19519,0,6,kikoruiz
19520,0,83,Kureev
19521,0,13,andrecarlucci
19522,0,10,percyi
19523,0,6,rchicoria
19524,0,30,ronilaukkarinen
19525,0,8,dayvsonlima
19526,0,3,rajwanraju
19527,0,8,develop7
19528,0,9,kevintpeng
19529,0,15,arvidkahl
19530,0,12,SteveEdson
19531,0,7,timi-liuliang
19532,0,3,ValterSantosMatos
19533,0,79,chenjiahan
19534,0,23,HuaizhengZhang
19535,0,2,qiandongyq
19536,0,1,theoden9014
19537,0,25,fozero
19538,0,31,LeonWuV
19539,0,11,cunhazord
19540,0,63,Lellansin
19541,0,2,ChaosTong
19542,0,2,straube
19543,0,3,robertfeng1980
19544,0,5,cmdevries
19545,0,2,0ut0fcontrol
19546,0,4,ColorPenBoy
19547,0,1,swaroopgj
19548,0,4,carlz812
19549,0,3,isaacgdo
19550,0,2,jeandat
19551,0,10,coderzzp
19552,0,3,ssv445
19553,0,4,mimadrid
19554,0,1,jinglt
19555,0,7,aruizga7
19556,0,3,SanthoshRaju91
19557,0,8,arianhosseini
19558,0,1,dretorrente
19559,0,15,kristjanmik
19560,0,13,Techbot
19561,0,10,hjmjohnson
19562,0,3,rmhrisk
19563,0,6,htanjo
19564,0,9,joe-siyuan-qiao
19565,0,3,ispoljari
19566,0,16,hamberluo
19567,0,48,aristath
19568,0,26,TylerYang
19569,0,6,Joshua-Anderson
19570,0,4,cchen408
19571,0,9,sungkukpark
19572,0,7,ishubhamsingh
19573,0,5,ilyas121
19574,0,1,hz-wang
19575,0,9,lzhr
19576,0,10,boubouhkarim
19577,0,11,GodEngine
19578,0,8,koremandar967
19579,0,6,hadabo
19580,0,4,BaldyAsh
19581,0,35,fulldecent
19582,0,17,code-crusher
19583,0,1,adhityan
19584,0,5,shohaghcsesust
19585,0,2,AdamCarballo
19586,0,6,bharatsoftpro
19587,0,9,LumpyChen
19588,0,2,Darren-chenchen
19589,0,3,heitara
19590,268,1,AlphaLFC
19591,0,3,minghui-liu
19592,0,8,prettysammy
19593,0,15,caijinlin
19594,0,11,alejogs4
19595,0,1,AniruddhaHumane
19596,0,1,KVTaniguchi
19597,0,1,nickrobinson
19598,0,3,AaronMeow
19599,0,6,CJ-Jackson
19600,0,20,navyifanr
19601,0,6,Michael-Brooks
19602,0,2,aleozlx
19603,0,1,belvederef
19604,0,4,DenLilleMand
19605,0,16,cmuench
19606,0,1,praneethmurthy
19607,0,9,marlonklc
19608,0,1,sqeezy
19609,0,23,mceachen
19610,0,1,taretmch
19611,0,7,cosmicBboy
19612,0,4,nodever
19613,0,8,jixiangxiang
19614,0,1,catalint
19615,0,2,juliennyambal
19616,0,5,kkcode24
19617,0,9,llucifer97
19618,0,8,keskival
19619,0,21,Quaggie
19620,0,13,dengxu
19621,0,15,lukabratos
19622,0,3,faldyif
19623,0,6,bhalla98
19624,0,6,ofarukcaki
19625,0,9,MopTym
19626,0,17,ndaidong
19627,0,2,mrdavidjcole
19628,0,2,seanpar203
19629,0,14,NickSeagull
19630,0,1,tim-qian
19631,0,7,chhantyal
19632,0,2,cnviradiya
19633,0,82,mappum
19634,0,3,Krishneil1
19635,0,10,guoqiao
19636,0,1,ahyanarizky
19637,0,3,flamywhale
19638,0,22,pengkobe
19639,0,5,tavinathanson
19640,0,5,steventhanna
19641,0,9,adamrenklint
19642,0,41,amitkaps
19643,0,7,M-smilexu
19644,0,5,jackhhh
19645,0,179,rootsongjc
19646,0,4,knktc
19647,0,8,SamEureka
19648,0,9,Gisonrg
19649,0,3,csfalcao
19650,0,2,KingMob
19651,0,89,aranajhonny
19652,0,10,seeyouu87
19653,0,2,prabhatnagarajan
19654,0,1,kishore-devaraj
19655,0,8,cazzer
19656,0,27,mblair
19657,0,12,neogeek
19658,0,5,codekeyz
19659,0,1,adizam
19660,0,2,SherryXueyingLi
19661,0,6,cyberh99
19662,0,11,jenrzzz
19663,0,9,thekevinscott
19664,0,2,qmphobby
19665,0,3,Flydiverny
19666,0,2,paolorovella
19667,0,14,godweiyang
19668,0,14,metallurgical
19669,0,102,aleclarson
19670,0,33,SeanLee97
19671,0,1,brstar96
19672,0,3,ericdowell
19673,0,8,sugavaneshb
19674,0,5,jluo9612
19675,0,117,arthuralvim
19676,0,1,shashwath94
19677,0,28,AstroProfundis
19678,0,2,brian-clemont
19679,0,18,mattknox
19680,0,1,dvente
19681,0,1,gabegrand
19682,0,29,rishikksh20
19683,0,25,jroesch
19684,0,76,Gaohaoyang
19685,0,11,AKSingh-Udacity
19686,0,14,kccheung
19687,0,2,niceilm
19688,0,7,CarMoreno
19689,0,10,hanqin
19690,325,1,pyguerder
19691,0,4,LazyPlanet
19692,0,2,agaskell
19693,0,3,raavanan
19694,0,27,strivebo
19695,0,2,lauixData
19696,0,3,Ljferrer
19697,162,1,AlronSze
19698,0,5,PayasR
19699,0,4,caffeinum
19700,0,1,TrWestdoor
19701,0,26,gbahamondezc
19702,0,9,SuperHaker
19703,0,5,DannyNemer
19704,0,4,ChaoTzuJung
19705,0,2,ZionLee
19706,0,26,GIKICoder
19707,0,11,gmmorris
19708,0,5,ricardoglez
19709,0,70,joshwnj
19710,0,5,gth158a
19711,0,14,stupidArnob
19712,0,35,sospedra
19713,0,7,geilt
19714,0,1,Sodagreencellur
19715,0,2,LenzGr
19716,0,17,schweigert
19717,0,8,ruoyu-chen
19718,0,2,chenqiushi
19719,0,3,lenconda
19720,0,39,benjaminaaron
19721,0,4,freshyill
19722,0,6,alexzerah
19723,0,5,syymza
19724,0,8,meain
19725,0,26,ruanyangry
19726,0,33,merrymercy
19727,0,8,WHUQZhang
19728,0,26,hli2020
19729,0,3,LeMinhThong
19730,0,5,Mvzundert
19731,0,24,Hydraz320
19732,0,109,bcomnes
19733,0,1,jatinkrmalik
19734,0,12,tiagobarreto
19735,0,18,brognilucas
19736,0,22,amit-sgwn
19737,0,26,joaoeffting
19738,0,172,ryanxchen
19739,0,1,andrewmartin
19740,0,4,928PJY
19741,0,46,jakazzy
19742,0,10,thinker3
19743,0,5,etheleon
19744,0,72,dsh0416
19745,0,38,chenyongyang
19746,0,2,olivertappin
19747,0,5,mruegenberg
19748,0,3,Glutexo
19749,0,2,mars3142
19750,0,3,tdshuma
19751,0,13,joaorafaelm
19752,0,4,jewei
19753,0,27,gilberto-bueno
19754,0,51,ssaunier
19755,0,92,henrylee2cn
19756,0,10,aa6my
19757,0,6,Steveorevo
19758,0,2,lobrien
19759,0,3,garrylachman
19760,0,2,moorscode
19761,0,3,clamli
19762,0,4,ethanclevenger91
19763,0,5,dmonay
19764,0,16,ThorbJ
19765,0,29,subicura
19766,0,1,jaimehrubiks
19767,0,14,lucianobarauna
19768,0,15,gierschv
19769,0,10,Prajjwal
19770,0,3,Neuromancer43
19771,0,3,pareddy113
19772,0,48,carloslfu
19773,0,4,kimasx
19774,0,4,Toub
19775,0,1,scdickson
19776,0,40,emres
19777,261,2,klogic
19778,0,2,BenVim
19779,0,3,bkumar080
19780,0,3,Lord-Ptolemy
19781,0,5,boj
19782,0,7,sirrodgepodge
19783,0,1,NguyenDucCanh
19784,0,3,salmonmoose
19785,0,2,sanderdatema
19786,0,24,rowanmanning
19787,0,14,lukaskollmer
19788,0,4,riazXrazor
19789,0,17,suda
19790,0,1,JoshMountain
19791,0,5,arthurfortes
19792,0,4,meysamsadeghi
19793,0,17,micheleorselli
19794,0,1,minichate
19795,0,4,harrinsonmb
19796,0,2,ABSLord
19797,0,1,cooooorn
19798,0,14,praveenojha33
19799,0,3,markhalonen
19800,0,41,sethwoodworth
19801,0,7,beefsack
19802,0,1,AlbertSmit
19803,0,19,davidyaha
19804,0,11,robmuh
19805,0,24,hantek
19806,0,46,CHYbeta
19807,0,3,sleebapaul
19808,0,3,eguvenc
19809,0,9,difrancosimone
19810,0,10,danielmunro
19811,0,2,kevinburkeshyp
19812,0,48,pooyagolchian
19813,0,2,ArvinC
19814,0,1,joshuamcewen
19815,0,6,Delermando
19816,0,14,thermokarst
19817,0,3,CatherineLiyuankun
19818,0,2,Diyago
19819,0,72,cottom
19820,0,31,monkingxue
19821,0,4,buddyspike
19822,0,4,Pzoom522
19823,0,8,ShawnFoo
19824,0,12,hienduyph
19825,0,20,3fuyu
19826,0,4,lcbasu
19827,0,10,anu-007
19828,0,1,nickolasnikolic
19829,0,7,mlick
19830,0,33,lacolaco
19831,77,2,mheine
19832,0,13,Neveryu
19833,0,41,AssaultKoder95
19834,0,11,eatonphil
19835,0,1,martin31821
19836,0,19,bring2dip
19837,0,21,Jae-kwang
19838,0,16,M0nica
19839,0,14,swplzj
19840,0,22,akyoto
19841,0,56,noahehall
19842,0,2,mxmrtns
19843,0,1,LuanAraldi
19844,0,7,kylealanr
19845,0,73,mscoutermarsh
19846,0,1,thiagohcs
19847,0,12,apex51
19848,0,8,ebourmalo
19849,0,3,danilo-valente
19850,0,1,hoanghuynh
19851,0,9,Mr-Kumar-Abhishek
19852,0,11,saimonh3
19853,0,11,adamierymenko
19854,0,1,kospol
19855,0,60,eliooses
19856,0,4,merolhack
19857,0,1,ChevalierWang
19858,0,80,mattjj
19859,0,27,mrjoechen
19860,0,3,ghyeon0
19861,0,4,thiagopelizoni
19862,0,4,realhidden
19863,0,1,lukesmmr
19864,0,7,fedorn
19865,0,3,decthomas
19866,0,15,ntotten
19867,0,16,hellorocky
19868,0,5,hazeFlame
19869,0,3,cyniphile
19870,0,1,SwenVanZanten
19871,0,2,Calvin92
19872,0,1,daniloarodrigues
19873,0,22,haipome
19874,0,39,giuliandrimba
19875,0,5,fish-ball
19876,0,70,Juude
19877,0,3,itsolver
19878,0,2,jcroot
19879,0,7,brandontrabucco
19880,0,29,madhur-tandon
19881,0,10,imryan
19882,0,20,aleccool213
19883,0,29,carlitos
19884,0,5,mitevpi
19885,0,4,Lorrann
19886,0,4,leonardohipolito
19887,0,21,drudge
19888,0,5,imguozr
19889,0,5,mdaffern
19890,0,26,sdaitzman
19891,0,9,matuzalemsteles
19892,0,1,KarboniteKream
19893,0,1,alexhagen
19894,0,30,Justin-lu
19895,0,5,Lavos
19896,0,3,kkshyu
19897,0,8,hollton
19898,0,5,DesignMonkey
19899,0,43,kgn
19900,0,3,aaronpetok
19901,0,1,renanwilliam
19902,0,7,damvantai
19903,0,9,chaitanyagiri
19904,0,22,AnalogJ
19905,0,88,teoliphant
19906,0,4,ploddi
19907,0,5,gkhackers
19908,0,15,efcaguab
19909,0,37,juliaelman
19910,0,15,stephenzhao
19911,0,19,davidallysson
19912,0,9,pawansingh972
19913,0,1,romaricp
19914,0,10,ciuji
19915,0,3,jguillon
19916,0,9,CXHtml
19917,0,18,nofelmahmood
19918,0,4,fengye87
19919,0,1,mzandvliet
19920,0,2,amirkrifa
19921,0,5,Marvinmw
19922,0,40,deppbrazil
19923,0,2,gchacaltana
19924,0,1,AlvinZhu
19925,0,73,DeveloperLx
19926,166,2,TrakJohnson
19927,0,8,nathanawmk
19928,0,69,fairyly
19929,0,3,kevinnio
19930,0,21,styczynski
19931,0,2,Awowen
19932,0,2,TamkeenLMS
19933,0,7,juansalvatore
19934,0,1,shaunakv1
19935,0,1,sindaniel
19936,0,30,gauravmehla
19937,0,1,skagrawal
19938,0,9,Klass-A
19939,0,1,rfratila
19940,0,7,davidk-zenefits
19941,0,6,md-hamed
19942,0,7,LayZeeDK
19943,0,3,elmanoneto
19944,0,7,Akimyou
19945,0,7,inkenbrandt
19946,0,1,stebennett
19947,0,1,mnabaee
19948,0,4,engmagdy87
19949,0,25,ghoshnirmalya
19950,0,31,codersquid
19951,0,2,inygy
19952,0,2,WenJieWan
19953,0,4,Parassharmaa
19954,0,2,hoondongkim
19955,0,14,lvalnegri
19956,0,19,kannans
19957,0,116,palash25
19958,0,6,chengcheng222e
19959,0,11,danilorb
19960,0,2,Aeltus
19961,0,27,luizfonseca
19962,0,96,Monte9
19963,0,3,ajayshewale
19964,0,4,sudarshan-reddy
19965,0,4,juanesarango
19966,0,12,leon
19967,0,36,agutoli
19968,0,20,lkdghzh
19969,0,3,Dior222
19970,0,37,rohitgupta1694
19971,0,2,dmaulikr
19972,0,1,jlee2cacn
19973,0,7,eamanu
19974,0,26,meetzaveri
19975,0,8,T-bagwell
19976,0,1,riddbengkok
19977,0,4,Austinate
19978,0,8,TarasKovalenko
19979,0,4,c5meg1012
19980,0,1,NitishMutha
19981,0,23,chaoyue729
19982,0,56,mavenlin
19983,0,5,brunorpinho
19984,0,4,1saeedsalehi
19985,0,40,joegesualdo
19986,0,6,GuiJu
19987,0,18,Sagemw
19988,0,9,snsun
19989,0,3,SeanROlszewski
19990,0,4,antzshrek
19991,0,3,Furnival
19992,0,3,PabloVargasIbarra
19993,0,6,hotgazpacho
19994,0,16,lynxluna
19995,0,2,huyn
19996,0,2,duguqiankun
19997,0,2,ryanchesler
19998,0,4,alexreg
19999,0,4,deuxksy
20000,0,9,Laisky
20001,0,1,lmeninato
20002,0,1,danielhookins
20003,0,1,jens-ox
20004,0,9,jmprusi
20005,0,18,lockbur
20006,0,2,matheussampaio
20007,0,5,pettymn
20008,0,1,HankKung
20009,0,36,neerajdotname
20010,0,59,diogocezar
20011,0,13,scalvert
20012,0,14,pehbehbeh
20013,0,3,dearleiii
20014,0,1,thematho
20015,0,5,rutgerfarry
20016,0,14,JoeriHermans
20017,0,5,ejfox
20018,0,1,Hihaj
20019,0,5,andrew-codes
20020,0,5,foreverglory
20021,314,1,quenti77
20022,0,4,SYU15
20023,0,3,marcosatanaka
20024,0,124,puffnfresh
20025,0,8,CapitanRedBeard
20026,0,3,howe
20027,0,8,freesuraj
20028,0,14,Guillermogsjc
20029,0,5,ojaynico
20030,0,3,fzabin
20031,0,2,ShixiangWan
20032,0,5,ANNotunzdY
20033,0,8,ryan-williams
20034,0,4,shushillyA
20035,0,17,crearo
20036,0,7,calvinchankf
20037,0,7,koyanloshe
20038,0,1,pedrokost
20039,0,6,hberbary
20040,0,13,serithemage
20041,0,18,MirzaCengic
20042,0,5,bendecoste
20043,0,9,gaurangkumar
20044,0,6,soaxelbrooke
20045,0,6,gitNavV
20046,0,1,qandrew
20047,0,131,decentralion
20048,0,4,bharney
20049,0,26,Anthonymcqueen21
20050,0,57,hoverbird
20051,0,4,timo1160139211
20052,0,14,VamshiKrishnaAlladi
20053,0,45,temilaj
20054,0,7,thedatamonk
20055,0,5,lucasllin
20056,0,1,oscarr-reyes
20057,0,1,boringwork
20058,0,44,itsron717
20059,0,23,igrep
20060,0,18,ChaoYue0307
20061,0,2,smucode
20062,0,48,MaxBittker
20063,0,21,amrrbakry
20064,0,3,khola
20065,0,3,centrodph
20066,0,5,Procaseycash
20067,0,1,evagle
20068,0,5,kylemath
20069,0,2,0ibrahim
20070,0,8,codeasashu
20071,0,1,LordUbuntu
20072,0,6,soltran
20073,0,1,gladielf
20074,0,9,colbyford
20075,0,1,fr1t2
20076,0,7,mgochoa
20077,0,4,composite
20078,0,1,joelhill
20079,0,6,morisy
20080,0,1,Teloi
20081,0,18,ghostzhang
20082,0,4,BiyuHuang
20083,0,6,couxiaoya
20084,0,54,joeross
20085,0,6,sakishum
20086,0,8,YannisJ
20087,0,1,mrustl
20088,0,79,suxinde2009
20089,0,3,geeeeeeeek
20090,0,2,dukusz
20091,0,1,korbinianfritsch
20092,0,10,EnoroF
20093,0,11,andhikayuana
20094,0,62,michalsnik
20095,0,101,AndyWendt
20096,0,1,denyskorolkov
20097,0,16,shibing624
20098,0,4,de-laz
20099,0,13,0limpi0
20100,0,94,nicholas-leonard
20101,0,11,goswamipronnoy
20102,0,1,osamadel
20103,0,5,YanqiangWang
20104,0,2,thecassion
20105,0,15,Harvey-he
20106,0,21,Finado
20107,0,1,thormug
20108,0,1,hreilly
20109,0,2,TimAstier
20110,0,8,radin-reth
20111,0,11,Kyya
20112,0,7,discordier
20113,0,6,otraore
20114,0,1,alexff91
20115,0,2,aautem
20116,0,63,hariprasadraja
20117,0,1,gui66497
20118,0,6,jcamp
20119,0,11,baipgydx729
20120,23,4,HassanDayoub
20121,0,2,esherkunov
20122,0,95,talitapagani
20123,0,23,miqueiaspenha
20124,0,32,erayarslan
20125,0,3,Javieratapiab
20126,0,3,shuma
20127,0,10,memonamadi
20128,0,3,gudaoxuri
20129,0,2,gtarun
20130,0,2,alacritythief
20131,0,10,Banjerr
20132,0,2,Audhy
20133,0,6,enric1994
20134,0,11,snim2
20135,0,13,YyzHarry
20136,0,1,sunnibfgi
20137,0,1,hotmob
20138,0,1,emertechie
20139,0,6,noahpryor
20140,0,2,tanb
20141,0,3,itagn
20142,0,3,jessemao
20143,0,2,bcosta12
20144,0,5,AxelUser
20145,0,9,KamChanLiu
20146,0,4,mario-jerkovic
20147,0,5,jChanJi
20148,0,2,kavehsadeghi
20149,0,39,hendrikswan
20150,28,2,krmao
20151,0,6,J911
20152,0,2,Mariewelt
20153,0,1,odilontalk
20154,0,2,MissAnichka
20155,0,2,senyig20
20156,0,1,rez1dent3
20157,0,7,issy-s16
20158,0,6,dylanlrrb
20159,0,2,arcatdmz
20160,0,18,lynnlangit
20161,0,2,bityob
20162,0,1,g29times
20163,0,15,rgabo
20164,0,5,netcore-jroger
20165,0,11,brijmohan
20166,0,10,stayallive
20167,0,2,srijanmishra
20168,0,13,Thesharing
20169,0,2,marlonmleite
20170,0,9,itsnamgyu
20171,0,1,teinen
20172,0,4,drewpotter
20173,0,501,charlenopires
20174,0,21,rijkerd
20175,0,5,bifjhh
20176,0,5,MaximeKjaer
20177,0,6,hafeyang
20178,0,7,litaotju
20179,0,2,miralize
20180,0,55,blueflylin
20181,0,2,bolkhovsky
20182,0,3,sigmachirality
20183,0,3,panpan2
20184,0,9,hades2013
20185,0,13,osterman
20186,0,10,Linhua-Sun
20187,0,2,cortfritz
20188,0,23,HanchengZhao
20189,0,15,gurpreetshanky
20190,0,3,alfresanc
20191,0,9,blackode
20192,0,4,anotheren
20193,0,203,emaballarin
20194,0,3,kookehs
20195,0,7,andyyehoo
20196,0,22,glenux
20197,0,7,SamuelZhaoY
20198,0,2,shaojianyong
20199,0,2,gitackt
20200,0,2,muhabdulhaq
20201,0,4,joshuaeckroth
20202,0,2,ChrisBarsolai
20203,0,22,fuhailin
20204,0,8,Jefersonalves
20205,0,6,qian-yang
20206,0,6,mc256
20207,0,5,erichua23
20208,0,15,thash
20209,0,4,tank537285
20210,0,16,RobertMyles
20211,0,1,lucamenozzi
20212,0,6,axmand
20213,0,3,prasoc
20214,0,8,bgriffen
20215,0,14,iWeslie
20216,0,3,shenguojun
20217,0,5,camilo86
20218,0,2,medicor
20219,0,7,chrismanderson
20220,0,5,jackmiras
20221,0,2,kampsy
20222,0,3,RainFung
20223,0,6,stevejalim
20224,0,5,ahmelsayed
20225,0,5,khalilgharbaoui
20226,0,5,dddzg
20227,0,6,serhiisol
20228,0,3,gustavopradoreis
20229,0,4,jnferner
20230,0,2,roboxue
20231,0,35,ktsaou
20232,0,3,philjestin
20233,0,3,mrdrivingduck
20234,0,8,antoinegourtay
20235,0,4,silsha
20236,0,297,ashfurrow
20237,0,2,slsefe
20238,0,1,Patuti
20239,0,2,nateluzod
20240,0,2,Keksike
20241,0,1,leader80
20242,0,4,JustinhoCHN
20243,0,9,gregelin
20244,0,5,erdemkeren
20245,0,17,sadiqmmm
20246,0,9,EJSohn
20247,0,5,teiling88
20248,0,16,pamo
20249,0,3,Nishnha
20250,0,1,shawnjung
20251,0,7,pratheekrebala
20252,0,7,Ghostdar
20253,0,10,dogweather
20254,0,3,NicolasNarvaez
20255,0,9,puyangsky
20256,0,3,alucic
20257,0,1,iamlipan
20258,0,1,JerryHu1994
20259,0,26,huzecong
20260,0,4,luanlmd
20261,0,1,grey-zeng
20262,0,5,sudoalgorithm
20263,0,1,njseeto
20264,0,3,benjaminkohl
20265,0,1,shaodan-personal
20266,0,18,capaj
20267,0,13,raajshekhar
20268,58,1,mengab
20269,0,23,sajeetharan
20270,0,6,etiennemunnich
20271,0,5,dowglaz
20272,0,4,joncardasis
20273,0,7,akashgupta299
20274,0,12,ilbonzo
20275,0,11,rabiulcste
20276,0,27,nbrochu
20277,0,3,MCPE-PC
20278,0,26,gabrielsimas
20279,0,15,flute
20280,0,5,spadin
20281,0,3,goyourfly
20282,0,49,showzyl
20283,0,20,htchien
20284,0,4,DaiZero
20285,0,1,ncole458
20286,0,5,Suraj520
20287,0,5,markoch
20288,0,4,royendgel
20289,0,9,hxzqlh
20290,0,33,fejes713
20291,0,26,lucasalmeida92
20292,0,16,jiaxf
20293,0,1,segalan
20294,0,19,jcklpe
20295,0,25,ruanltbg
20296,0,54,samsonasik
20297,0,1,devmario
20298,0,1,cgzero
20299,178,2,m2de
20300,0,4,raguay
20301,0,32,chunpu
20302,0,4,neonxp
20303,0,26,houkanshan
20304,0,19,dgonzalez
20305,0,4,mr-eyes
20306,0,4,supengchao
20307,0,7,hsoyier
20308,0,5,santbob
20309,0,6,layerlre
20310,0,15,maxime1992
20311,0,14,nfriend
20312,0,18,adatapost
20313,0,9,life1347
20314,0,3,ChubingZeng
20315,0,1,shijianzhiwai
20316,0,6,bdelanghe
20317,0,9,reaktivo
20318,0,22,igorsobreira
20319,0,17,masondesu
20320,0,18,rmehner
20321,0,17,deercoder
20322,0,17,Engineering-Course
20323,0,2,mikesub
20324,0,8,mio4kon
20325,0,2,roking99
20326,0,6,chenming-wu
20327,0,4,kaseyhinton
20328,0,2,gabipurcaru
20329,0,5,mininao
20330,0,23,Txiaozhe
20331,0,75,NV
20332,0,3,emadabdulrahim
20333,0,44,JoanClaret
20334,0,4,mixxen
20335,0,19,aborn
20336,0,17,bhuvidya
20337,0,1,samsledje
20338,0,10,D-32
20339,0,7,Fakerr
20340,0,8,damminhtien
20341,0,1,sravanbabuiitm
20342,0,5,agr-shrn
20343,0,3,paulo101977
20344,0,1,ValentinGot
20345,0,7,aadityachapagain
20346,0,7,tillrohrmann
20347,0,4,ryderdamen
20348,0,1,t-eckert
20349,0,2,miestasmia
20350,0,1,Kerbores
20351,0,31,marlonassuncao
20352,0,4,CauanCabral
20353,0,17,sunxfancy
20354,0,3,spksoft
20355,0,1,blairg23
20356,0,27,ahundt
20357,0,2,mdakin
20358,0,19,gustavz
20359,0,36,nunesdaniel
20360,0,1,MauriceManning
20361,0,39,codeinthehole
20362,0,37,oguzhaninan
20363,0,405,atian25
20364,0,27,hinikai
20365,0,2,amoralca16
20366,0,10,chadidi
20367,0,30,agabardo
20368,0,13,darshanime
20369,0,14,rosinality
20370,0,1,deanchen
20371,0,3,rishikeshdhokare
20372,0,2,indieocean
20373,0,29,polodev
20374,0,2,nareddyt
20375,0,9,skylerto
20376,0,52,iddan
20377,0,18,kesha-antonov
20378,0,3,L2jLiga
20379,0,15,santigimeno
20380,0,24,piecioshka
20381,0,4,a1batross
20382,0,4,leordev
20383,0,1,imranraja85
20384,0,7,shexianseng
20385,0,20,ricardoalcocer
20386,0,31,shanelau
20387,0,26,ringcrl
20388,0,3,djaegle
20389,0,34,AhnSeongHyun
20390,322,1,mhgufron
20391,0,6,ebatgerel
20392,0,5,codytwinton
20393,0,9,am2222
20394,0,2,butsugiri
20395,0,1,Smallkan
20396,0,4,omarmmali
20397,0,6,satiseven
20398,0,5,iostyle
20399,0,28,experiencor
20400,0,23,junshengpierre
20401,0,3,royess
20402,0,29,mauriau
20403,0,13,samikeijonen
20404,0,2,pnehrer
20405,0,3,calpeyser
20406,0,2,daviribe
20407,0,2,1016990109
20408,0,8,theimgclist
20409,0,36,acro5piano
20410,0,6,onlyhom
20411,0,1,cpruijsen
20412,0,8,EliasVansteenkiste
20413,115,3,alexballera
20414,0,8,penland365
20415,0,11,himahuja
20416,0,7,dralletje
20417,0,1,cabenitez
20418,297,2,qraimbault
20419,0,3,Tetheta
20420,0,21,shabda
20421,0,6,BertramZhang
20422,0,2,VaruseRey
20423,0,1,cassiobatista
20424,0,7,thecraftman
20425,0,3,FFrankyy
20426,0,6,rodrigolins
20427,228,2,grinsteindavid
20428,0,4,dtseng123
20429,0,5,hyumo
20430,0,9,artjomsimon
20431,0,13,joelbarbosa
20432,0,1,dnl-jst
20433,0,2,miclgael
20434,0,13,nonnontrivial
20435,86,2,jbmeerkat
20436,0,8,chetannn
20437,0,7,hellofuddin
20438,0,6,garrett-green
20439,0,9,jhoughtelin
20440,0,1,D2KX
20441,0,1,davidarich
20442,0,98,ivolivares
20443,0,5,noisysocks
20444,0,10,Br3nda
20445,0,1,abarisic86
20446,0,7,Jyouhou
20447,0,1,kyawzintun
20448,0,1,Mdhvince
20449,0,2,laihaotao
20450,0,7,diegocdl
20451,0,5,cwhgn
20452,0,7,eddieespinal
20453,0,11,0mp
20454,0,5,samaitra
20455,0,9,pekosoG
20456,0,5,stratton
20457,0,3,michahell
20458,0,4,janhalfar
20459,0,2,ferrl
20460,0,6,enobrev
20461,209,1,khaledbakeer
20462,0,1,qianmarv
20463,0,7,mornone
20464,0,4,shuntaroy
20465,0,35,StanleySathler
20466,0,6,WWK563388548
20467,0,3,hartikainen
20468,0,22,KyawNaingTun
20469,0,49,Turkyden
20470,0,69,henriquemoody
20471,0,3,Yethroy
20472,0,9,ali-sattari
20473,0,2,sunthx
20474,0,7,paintedbicycle
20475,0,16,nouse
20476,0,5,spencerpomme
20477,0,11,QDJdeveloper
20478,0,17,guiqide
20479,0,3,Rakosi
20480,0,6,ruby-zhang
20481,0,2,cam-vanorman
20482,0,5,henrytran9x
20483,0,7,mayaa6
20484,266,2,YeomansIII
20485,0,8,moriarty
20486,0,21,JeffreySu
20487,0,3,airylinus
20488,0,12,arashsa
20489,0,1,maycowa
20490,0,13,shwang
20491,0,50,abdul
20492,0,11,lc512k
20493,0,13,theoneandonlywoj
20494,188,1,jazzchipc
20495,0,2,devster
20496,0,4,cr330326
20497,0,1,shlomnissan
20498,0,1,joinalahmed
20499,0,21,RaoOfPhysics
20500,300,1,edusta
20501,0,1,sy264115809
20502,0,32,kirainmoe
20503,0,26,HaoMood
20504,0,2,DyncMing
20505,0,9,narayana-glassbeam
20506,0,158,eminetto
20507,0,11,ReubenBond
20508,0,6,digglife
20509,0,2,sarathiscookie
20510,0,16,TexasBullet26
20511,0,1,WikiBruce
20512,0,9,Hamza5
20513,0,17,Ameobea
20514,0,1,CorentinTh
20515,0,4,stefan-mueller
20516,0,5,benderTheCrime
20517,0,75,delirehberi
20518,0,10,mifeng09
20519,0,14,ellyliang
20520,0,6,metekabak
20521,0,10,jinwchoi
20522,0,2,mikrostew
20523,0,13,domarps
20524,0,1,andremachad0
20525,150,1,Irvandoval
20526,0,2,s4ke
20527,0,1,jimmysawczuk
20528,0,290,adeshpande3
20529,0,14,igo903
20530,0,6,haih
20531,0,32,psobot
20532,0,30,D3Portillo
20533,0,2,pierreTklein
20534,0,2,mhui
20535,0,42,brandly
20536,0,1,gtmshrm
20537,0,3,Deep1994
20538,0,8,deegles
20539,0,3,nursultanturdaliev
20540,0,4,johnkary
20541,0,7,martinstannard
20542,0,1,AssisrMatheus
20543,0,7,roylodder
20544,0,3,nikbrain
20545,0,1,iRuxu
20546,0,2,RobAltena
20547,0,74,nnnnat
20548,0,11,SegFault42
20549,0,4,TaipanRex
20550,0,6,LinZap
20551,0,17,FortuneC00kie
20552,0,1,carb0nknight
20553,0,1,malz
20554,0,31,corderogerardo
20555,0,16,chrisdembia
20556,0,3,ratnaparkhivivek10
20557,0,1,rodolfoberrios
20558,0,8,DLonng
20559,0,11,jmatraszek
20560,0,1,forkkr
20561,0,23,beardicus
20562,0,13,pepincho
20563,0,8,gabfssilva
20564,0,6,CycloneBoy
20565,0,3,mammykins
20566,0,32,Anderson-Juhasc
20567,0,5,EMCP
20568,0,2,arnawldo
20569,0,46,megawac
20570,0,8,sedemmler
20571,0,9,pencilCool
20572,0,1,benhakunamatata
20573,0,5,joe-bell
20574,0,3,nicksmd
20575,0,5,maffblaster
20576,0,7,MJefferson
20577,0,23,icambron
20578,0,35,blagoeres
20579,0,4,lluia
20580,0,8,seanohue
20581,0,52,dhistira
20582,0,44,oyyd
20583,0,8,David-Jin
20584,0,23,karan28598
20585,0,2,helbertoro
20586,0,1,MkLHX
20587,0,9,chrissloey
20588,0,3,fanhy2114
20589,0,2,MSobieray
20590,0,2,romanegloo
20591,0,8,renich
20592,0,3,danil
20593,0,14,gnandous
20594,0,8,hgsgtk
20595,0,3,StevenStar
20596,0,8,tegarjgap
20597,0,8,datsteves
20598,0,10,ldc4
20599,0,1,odiseoteam
20600,0,1,liufengyuqing
20601,0,6,bsmith89
20602,0,3,shijingjing1221
20603,0,1,scnuhealthy
20604,0,11,imshaohua
20605,0,2,kshannon
20606,218,2,R-JunmingChen
20607,0,61,burness
20608,0,3,coderben2017
20609,0,7,sjarifHD
20610,0,73,lyrixx
20611,0,5,rwhitt2049
20612,0,1,mhmdio
20613,0,2,lvtiendev
20614,0,5,Jinming-Su
20615,0,3,alessandro308
20616,0,5,hkasera
20617,0,27,Alafazam
20618,0,1,collinarnett
20619,0,12,AllenZYoung
20620,0,3,joepagan
20621,0,1,aminezghidi
20622,0,2,NemoMyNameForever
20623,0,3,Urobs
20624,0,3,conwnet
20625,0,59,cristianmartinez
20626,0,7,kwunyeung
20627,0,3,IsmiKin
20628,0,4,madjestic
20629,0,3,rodgerYoung
20630,0,1,robhung
20631,0,57,derhuerst
20632,0,2,mezklador
20633,0,7,mayurkale22
20634,0,1,serkanalgl
20635,0,3,JulesGM
20636,0,1,13477940
20637,0,10,Kyushik
20638,0,20,ibourgeois
20639,0,4,AdriBesson
20640,0,3,SwJay
20641,0,3,mangualero
20642,0,6,sebastianliu
20643,0,1,nunhes
20644,0,5,SulivanDotEu
20645,324,2,maltebaumann
20646,0,13,modi95
20647,0,9,lianglia-apollo
20648,0,43,leodutra
20649,0,1,imfaber
20650,0,9,nfreear
20651,0,2,lancemk
20652,0,1,jscriptcoder
20653,0,1,abinj
20654,0,3,johanleroch
20655,0,5,OrdinaryCrazy
20656,0,1,Vatican-Cameos
20657,0,104,ibrahimsharaf
20658,0,10,sanghoon
20659,0,2,aishmittal
20660,0,8,SebastianMetzger
20661,0,9,ZhanHaolan316
20662,0,8,shunix
20663,0,15,TerenceCYJ
20664,0,3,aaronvb
20665,0,3,JiangWenqi
20666,0,22,pavelk2
20667,0,4,josh-padnick
20668,0,7,LNoe-lzy
20669,0,6,gillesbourgeat
20670,0,24,dileep-kishore
20671,0,1,hellokidder
20672,0,1,TannerPlauche
20673,0,4,chiral-carbon
20674,0,22,jorgeramirez
20675,0,1,ddnomad
20676,0,15,ErikBjare
20677,0,2,dennari
20678,0,5,hiroMTB
20679,0,5,debragail
20680,0,1,dhmemi
20681,0,9,chneau
20682,0,18,ayan-b
20683,0,1,justin-schroeder
20684,0,6,JonnyTran
20685,0,25,pauldowman
20686,0,1,lukysummer
20687,0,2,landier
20688,0,15,mastashake08
20689,200,2,kevin-wynn
20690,0,5,marcelochaves95
20691,0,18,bilibiliou
20692,0,5,akshatah33
20693,0,2,jamiebono
20694,0,4,mingjiu
20695,0,32,andygrunwald
20696,0,7,kiirpi
20697,0,11,spencern
20698,0,19,ibillxia
20699,0,5,dennisieur
20700,0,5,RoyLH
20701,0,17,tian1ya
20702,0,34,janmarkuslanger
20703,0,5,hahmed
20704,0,12,thomaspaulmann
20705,0,5,Sunwarul
20706,0,2,sowderca
20707,0,20,revelt
20708,0,2,AlekseiBakai
20709,0,4,raphaelkieling
20710,0,1,theboy5140
20711,0,7,hxgqh
20712,0,1,djeraseit
20713,0,1,RealLucasMeyer
20714,0,2,mtvu
20715,0,5,lightalloy
20716,0,6,James-QiuHaoran
20717,0,2,AshinSheng
20718,0,1,nihirash
20719,0,9,atsman
20720,0,48,bigardone
20721,0,1,kevinzhang2012
20722,0,3,JoshMilo
20723,0,1,denismeia
20724,0,3,sumitsk20
20725,129,2,petericebear
20726,0,60,creasty
20727,0,1,Gyran
20728,0,5,sunn-e
20729,0,16,arora-yash
20730,0,3,thephw
20731,0,10,halu886
20732,0,12,leng-yue
20733,0,2,rschaerer
20734,0,19,ikegami-yukino
20735,0,4,daixwu
20736,0,6,smdabdoub
20737,0,7,arashkeivan
20738,0,2,khamwas
20739,0,1,albertvazquezm
20740,0,2,geniusgeek
20741,0,1,Xol3
20742,0,13,Zane96
20743,0,3,Aditya0025
20744,0,19,mjd507
20745,0,19,jlev
20746,0,2,KevCron
20747,0,2,mahcr
20748,0,10,ike
20749,0,3,broncho
20750,0,8,igomez10
20751,0,6,heyarviind
20752,0,21,Story5
20753,0,1,arijitx
20754,0,5,Goktug
20755,0,2,paulomenezes
20756,0,10,aqibgatoo
20757,0,3,pmotch
20758,0,1,FilipLukac
20759,0,11,abarmat
20760,0,10,bdart
20761,0,4,Tedxz
20762,0,1,CS76
20763,0,2,digiltd
20764,0,5,shavz
20765,0,4,numairmansur
20766,0,26,rishirdua
20767,0,7,sayakbiswas
20768,0,2,maxmaccari
20769,0,4,codingdash
20770,0,4,gamingrobot
20771,296,1,JLKM
20772,0,18,seanwash
20773,0,23,KazuCocoa
20774,0,1,leechaoqiang
20775,0,8,anirudh-jwala
20776,0,6,ChangweiZhang
20777,0,16,Halfish
20778,0,11,foreverlms
20779,0,5,hamiltonmascioli
20780,0,124,chenyongze
20781,0,5,avinisilva
20782,0,16,klarkc
20783,0,2,svdamani
20784,0,14,setetres
20785,0,42,lijialiang
20786,0,42,onhernandes
20787,0,5,deniseyu
20788,0,12,anokata
20789,0,2,sunpochin
20790,0,4,Silvenga
20791,0,10,kieranrcampbell
20792,0,1,naveenrobo
20793,0,10,abhiyerra
20794,0,18,AshBardhan
20795,0,4,DevinZhong
20796,0,1,Gavin-ldh
20797,0,4,N01N01
20798,0,81,nmrshll
20799,0,10,floschliep
20800,0,5,AdityaGolatkar
20801,232,2,OzairP
20802,0,1,agsotelo
20803,90,4,lucasjoao
20804,0,16,DaleLJefferson
20805,0,8,chping2125
20806,0,15,evertonthepaula
20807,0,6,neerajp99
20808,0,38,erusev
20809,0,11,sumitk
20810,0,4,mapleeit
20811,0,2,jacksonly
20812,0,28,napsternxg
20813,0,8,krazyeom
20814,0,4,hkiang01
20815,0,12,linwenbang
20816,0,11,lucalves
20817,0,7,gokercebeci
20818,0,1,gerryeng
20819,0,2,neromaycry
20820,0,2,kat-siu
20821,0,2,Madusudanan
20822,0,1,Yanruyan
20823,0,3,Artmann
20824,0,17,DreadKnight
20825,0,2,RonnieSan
20826,0,19,lily-zhangying
20827,0,3,liu2guang
20828,0,6,crli
20829,0,3,mirokuxy
20830,0,18,cesardanielhg
20831,0,16,WaleedMKasem
20832,0,9,jasalt
20833,0,3,iyaozhen
20834,0,1,Hitoshi-Nakanishi
20835,0,2,gillianomenezes
20836,0,24,Caldis
20837,0,4,jhnferraris
20838,0,12,macbre
20839,0,15,anildigital
20840,0,26,AlaaAttya
20841,0,17,JohnPhamous
20842,0,3,Yifan-CUPB
20843,0,1,Tomicapo
20844,37,2,nicogranuja
20845,0,3,Folgerjun
20846,0,15,alivcor
20847,0,3,petartodorov
20848,0,2,Ademking
20849,0,94,technicalpickles
20850,0,1,maywanting
20851,0,1,riccjohn
20852,0,8,maxmeng93
20853,0,7,davidlatwe
20854,0,523,kenwheeler
20855,0,4,mikejoyceio
20856,0,3,samueltorres
20857,0,9,quicksnap
20858,0,1,janjagusch
20859,0,8,thakkaryash94
20860,0,8,kiaking
20861,0,83,mrkswlsn
20862,0,8,p3drosola
20863,109,2,feO2x
20864,0,4,natlownes
20865,0,1,tazumi
20866,0,7,matthewkastor
20867,0,26,namuol
20868,0,9,emrahtokalak
20869,0,2,okingjerryo
20870,269,1,jonathasbsouza
20871,0,8,hoantran-it
20872,0,6,solocommand
20873,0,19,kyleterry
20874,0,7,precious-adeyinka
20875,0,2,k0Iry
20876,0,1,mayankshah1607
20877,0,1,camiloei
20878,0,5,laosandegudai
20879,0,10,jpmurray
20880,0,77,Nealyang
20881,0,4,gespiton
20882,0,1,rudyhuynh
20883,0,7,linuxsable
20884,0,6,arunsanna
20885,0,1,lovelldies
20886,0,27,hungys
20887,0,1,hariaakash
20888,0,8,WM520
20889,0,7,BenOvermyer
20890,0,9,thiagopaiva99
20891,0,2,jzwanghui
20892,0,6,247webdev
20893,0,8,kukiron
20894,0,10,fakyras
20895,0,29,siddharthjindal1997
20896,0,2,benxgao
20897,0,11,Yellow5A5
20898,0,23,tiankonguse
20899,0,21,levithomason
20900,0,13,dgalarza
20901,0,3,keegandonley
20902,0,3,elvis-zhang
20903,0,5,jamesdphillips
20904,0,4,achilles42
20905,0,3,ajporlante
20906,0,2,Allkoman
20907,0,2,segalgouldn
20908,52,2,flatfisher
20909,0,1,larsha
20910,0,4,dandelion1000
20911,0,5,hanifekurnaz
20912,0,2,lixi0912
20913,0,10,lrghust
20914,0,7,jalmx
20915,0,8,lixiaoyang1992
20916,0,1,besirkurtulmus
20917,0,1,NicolasMontes
20918,0,13,daspecster
20919,0,10,sunchao
20920,0,23,Wolfgang89
20921,0,17,jomno
20922,0,89,MrKiven
20923,0,15,meaku
20924,0,3,PhaneendraGunda
20925,0,39,gulvarol
20926,0,13,devthiago
20927,0,79,jessestuart
20928,0,8,ZoranWong
20929,0,45,pruthvip
20930,0,2,arlionn
20931,0,1,joshuacerbito
20932,0,4,crashbell
20933,0,1,shawty
20934,0,1,TechnicalRhino
20935,0,2,BrianLima
20936,0,6,kellymears
20937,0,3,nyukhalov
20938,0,10,quake0day
20939,0,3,ChanningSun
20940,0,2,tangyanlin
20941,0,2,robwilde
20942,0,1,svenhaile
20943,0,3,luochuanyuewu
20944,0,12,PengboLiu
20945,0,23,bkase
20946,0,4,qdequele
20947,0,2,aorcsik
20948,0,18,apenshar
20949,0,3,patrioticcow
20950,0,2,Toneon
20951,0,9,MarvinBertin
20952,0,4,dhanrajkotian12
20953,0,21,dangxy
20954,0,66,jonatas
20955,0,13,tanteng
20956,0,11,SpringStudent
20957,0,8,Neofly4023
20958,0,3,pinewave
20959,0,12,ltoinel
20960,0,4,nisargkolhe
20961,0,47,josephwilk
20962,0,10,renopp
20963,0,81,aytacozkan
20964,0,7,Eyyub
20965,0,2,rizidoro
20966,0,10,Ehab97
20967,0,6,feargswalsh92
20968,0,8,imlinhanchao
20969,0,17,ricardoparro
20970,0,5,milroyfraser
20971,322,2,alfrizp
20972,0,35,mrsoftware
20973,252,2,CodingBash
20974,0,182,felladrin
20975,0,12,faksam
20976,0,27,rsales
20977,0,27,KasperTidemann
20978,0,160,JsAaron
20979,0,7,EugeneDz
20980,0,3,kienpham2000
20981,0,6,galtay
20982,0,4,fjugaldev
20983,0,7,mjdietzx
20984,0,33,bitjson
20985,0,41,neal1991
20986,0,12,Dliv3
20987,0,2,hhyasdf
20988,0,6,DrMegavolt
20989,0,6,huyinghuan
20990,0,1,AShedko
20991,0,1,joaomantovani
20992,0,21,itamelions
20993,0,3,dandeveloper
20994,0,4,thegodone
20995,0,2,Mihuuu
20996,0,10,masamichiueta
20997,0,7,pocket7878
20998,0,4,arzurchris
20999,0,27,rmehta
21000,0,6,Tocurd
21001,0,26,takecareofbigboss
21002,0,13,thezahedi
21003,0,14,Loopshape
21004,0,4,mozhuli
21005,0,23,davidhariri
21006,0,15,fiigii
21007,0,1,rwebler
21008,0,5,akshaybande81
21009,0,19,MonsieurV
21010,0,6,mgalgs
21011,0,5,Prash88
21012,0,11,kodekracker
21013,0,9,mkeblx
21014,0,2,calebeoliveira
21015,0,10,joseseie
21016,0,1,jeanbeanie
21017,0,25,leirenbaobao
21018,0,85,syl20bnr
21019,0,4,dharmawankenny
21020,0,3,dmqpdx
21021,0,3,FedeG
21022,0,12,itsashis4u
21023,0,14,imhele
21024,0,42,duaraghav8
21025,0,5,arlicle
21026,0,20,terkel
21027,0,7,PsiACE
21028,0,2,amer
21029,0,20,argonlaser
21030,0,1,rishispeets
21031,0,2,crazypoo
21032,0,15,saurshaz
21033,0,26,codeorbit
21034,0,43,luckyscript
21035,0,9,DaniloOliveira28
21036,0,10,chalermporn
21037,0,3,franklindias
21038,0,44,Bingnan
21039,0,3,stevejhkang
21040,0,3,lijing1996
21041,0,3,dzbo
21042,0,1,fhusquinet
21043,0,35,breck7
21044,0,5,alissonphp
21045,0,1,hlz1992
21046,0,5,AndriyPolukhin
21047,0,89,huyhoang17
21048,0,10,sullenor
21049,0,2,Furqankhanzada
21050,0,33,justin0022
21051,0,2,chufengt
21052,0,2,aoancea
21053,0,18,d1ngn1gefe1
21054,0,4,peburrows
21055,0,3,fdcore
21056,0,6,timche
21057,0,4,kenleemyth
21058,0,2,thehonestape
21059,0,3,osswangxining
21060,0,3,lecholin
21061,0,4,AntonisFK
21062,0,21,tianshanghong
21063,0,2,mani1soni
21064,0,2,charsme
21065,0,1,ahmed-alzahrani
21066,0,2,CreateChance
21067,0,13,Koomook
21068,0,1,miladfa7
21069,0,3,iamabdus
21070,0,77,stipsan
21071,0,24,diegocosta
21072,0,3,koutsoumposval
21073,0,3,senior-sigan
21074,0,12,SuperJolly
21075,0,18,PeterPorzuczek
21076,233,2,arathee2
21077,0,1,becile
21078,0,2,aixiu
21079,0,31,hiteshsahu
21080,7,2,mhangaard
21081,0,1,avorona
21082,0,1,loafbaker
21083,0,5,ex4sperans
21084,0,4,petermchale
21085,0,28,fredjens
21086,0,1,jjcruzhernandez
21087,0,4,malei0311
21088,0,25,mosesmeirelles
21089,0,4,pcrete
21090,0,99,afeld
21091,0,1,mirkomikan
21092,0,1,howardwzh
21093,0,6,drejohnson
21094,0,2,sradevski
21095,0,44,penouc
21096,0,13,lgyjg
21097,0,2,Brianop
21098,0,6,jbhannah
21099,0,46,filipeamoreira
21100,0,3,nouhadziri
21101,0,8,teamonn
21102,0,11,iblech
21103,0,9,arayaryoma
21104,0,9,jiaojie1989
21105,0,2,BartWaardenburg
21106,0,4,binwiederhier
21107,0,7,alanmarcell
21108,0,2,JackieZhangdx
21109,0,1,hrombach
21110,0,1,NoxCaos
21111,0,41,ericnakagawa
21112,0,17,adigunhammedolalekan
21113,0,15,tell-k
21114,0,21,kplimack
21115,0,2,sp0ker
21116,175,2,mstenquist
21117,0,4,chenbjin
21118,0,6,SebastianPlace
21119,0,4,markwinter
21120,0,2,mahaitao617
21121,0,17,anaelChardan
21122,0,8,AnuchitO
21123,0,12,Lukyhenson
21124,0,5,bluespore
21125,0,24,reddavis
21126,0,4,ericcarraway
21127,0,5,RonBarabash
21128,0,3,MrWooJ
21129,0,14,daodaovps
21130,0,7,stepancar
21131,0,4,karabatov
21132,0,6,EmpeRoar
21133,0,7,eightplusone
21134,0,2,SeunginLyu
21135,0,30,aron-bordin
21136,0,2,huster-zhangpeng
21137,0,1,DrKwint
21138,0,5,dingguijin
21139,0,6,Fourous
21140,0,23,hareshkh
21141,0,16,jeanmatheussouto
21142,0,689,fengmk2
21143,0,5,greychr
21144,0,12,nanaian
21145,0,9,rvgpl
21146,0,14,lzcdev
21147,0,1,syatyo
21148,0,41,elia
21149,228,1,lfsagostini
21150,0,1,mapengyuan
21151,0,5,harsh159357
21152,0,2,pprraasshhaanntthh
21153,0,26,HouariZegai
21154,259,2,bharat3012
21155,0,1,oscarfmdc
21156,0,10,juhemei
21157,0,2,Yuxf1991
21158,0,10,MundoGister
21159,0,25,brodock
21160,0,8,sjudson
21161,0,2,ronghang
21162,0,12,Anniepoo
21163,0,7,ChePeatio
21164,0,11,mareksuscak
21165,0,21,mosikoo
21166,0,2,Yitaek
21167,0,9,bsvineethiitg
21168,0,5,threshi
21169,0,61,abruzzi
21170,0,46,neurosnap
21171,0,55,briangonzalez
21172,0,1,allenjin
21173,0,15,kwiky
21174,0,11,finish8
21175,0,2,ben-gy
21176,0,3,nqxcode
21177,0,6,castelanjr
21178,0,4,samyerkes
21179,0,21,jfranciscos4
21180,0,3,floofydugong
21181,0,5,andrewnicols
21182,0,3,hoangthien94
21183,0,6,nRewik
21184,0,4,dackmin
21185,0,14,FadiZahhar
21186,0,4,edkek
21187,0,1,Cheukdarsy
21188,0,4,euoia
21189,0,3,stonemirror
21190,0,1,dinukasal
21191,0,1,oliver-bowman
21192,0,3,camjc
21193,0,1,ramonsmits
21194,0,90,leerduo
21195,0,1,n7olkachev
21196,0,3,fedonman
21197,0,4,SahajR
21198,0,1,asiqq23
21199,0,26,mlegy
21200,220,3,manse
21201,0,3,murwa
21202,0,6,kimond
21203,0,27,johnnyreilly
21204,0,38,atulmy
21205,0,8,sambaldwin
21206,0,3,phreaknerd
21207,0,4,suamorales
21208,0,6,brenodouglas
21209,0,1,kryz81
21210,0,9,kjhe11e
21211,0,6,davenquinn
21212,0,14,briantrice
21213,0,2,inacior
21214,0,16,moollaza
21215,0,16,lukewhitehouse
21216,0,2,dtrann
21217,0,41,philhawksworth
21218,0,1,goodpic
21219,0,1,caoyanglee
21220,0,1,jerett
21221,0,6,lucasrs
21222,0,2,gunnaraasen
21223,0,12,humanfactors
21224,0,8,EdmondWang
21225,0,5,fgriberi
21226,0,9,leesheppard
21227,39,1,helloworldzly
21228,0,17,iqiancheng
21229,0,10,na2axl
21230,0,1,edwardyoon
21231,0,10,UpperCod
21232,0,21,khriztianmoreno
21233,0,7,mfakane
21234,0,1,heyucs
21235,0,12,johanbrook
21236,0,9,cwooz
21237,0,2,sebastiansson
21238,0,26,StephenAbbott
21239,0,9,joemphilips
21240,0,16,Tabrizian
21241,0,8,PhilipTang
21242,0,11,lucasazevedonet
21243,0,19,pygaganthon
21244,0,26,princejwesley
21245,0,2,quantumew
21246,0,1,stuartforster
21247,0,1,Dirken
21248,0,3,sjain-stanford
21249,0,2,bmericc
21250,0,5,siddarthvader
21251,0,7,tanmaybinaykiya
21252,0,15,aldnav
21253,0,7,eisenheimjelid
21254,0,9,sugite
21255,0,5,jelen07
21256,0,5,ormrepo
21257,0,7,chawki27000
21258,0,2,PrataapMS
21259,0,10,ryanhuang1014
21260,0,4,TheFonix
21261,0,5,afranioce
21262,0,78,GeekLiB
21263,0,10,rok
21264,0,1,ikus060
21265,0,13,bradleyayers
21266,0,2,pjimanov
21267,0,3,IsaacHardy
21268,0,5,EnchanterIO
21269,0,17,lastlegion
21270,0,54,chitacan
21271,344,2,sgang007
21272,0,15,acid-chicken
21273,0,5,ShangruZhong
21274,0,10,sunshineYin
21275,0,8,digoreis
21276,0,18,alexmpereira
21277,0,2,Looveh
21278,0,1,jzw0025
21279,0,8,ilsken
21280,0,26,fhmunna
21281,0,10,heydemoura
21282,0,4,hardyqr
21283,0,14,rusucosmin
21284,0,15,qihonggang
21285,0,48,brianlovin
21286,0,2,kucuny
21287,0,34,sarfraznawaz2005
21288,0,18,msrshahrukh100
21289,0,3,lebiru
21290,0,8,nicolasparada
21291,0,9,kalabhairava
21292,0,3,magicxie
21293,0,7,kpango
21294,0,5,cagedcrown
21295,0,8,ripper2hl
21296,0,7,alexanderlperez
21297,0,1,mgzme
21298,0,12,hacklock
21299,0,2,sjehutch
21300,0,2,jestersunborn
21301,0,6,anhurtado
21302,0,12,maxpou
21303,0,36,nickqiao
21304,0,7,pkgodara
21305,0,1,saxahan
21306,0,6,LXSMNSYC
21307,0,14,marcosllz
21308,0,7,sunmaer
21309,0,134,manashmndl
21310,0,27,andykamath
21311,0,21,sachinmukherjee
21312,0,31,Simperfit
21313,0,8,Easonzero
21314,0,3,jyhsu2000
21315,0,12,TsingJyujing
21316,0,4,byeolbit
21317,0,1,matthewbordas
21318,0,49,elgalu
21319,0,20,tao1991123
21320,0,7,qingfengsuiyu
21321,0,18,pasupuletics
21322,0,52,glennreyes
21323,0,7,ryangun
21324,96,2,antonydevanchi
21325,0,39,mixonic
21326,0,8,damianesteban
21327,0,7,gxynikita
21328,0,1,elpablos
21329,0,6,VickoFranic
21330,0,8,spdpiyush
21331,0,16,Aurelsicoko
21332,0,3,gdavis
21333,0,22,idebasishbose
21334,0,90,TejasQ
21335,0,6,arijitdasgupta
21336,0,2,Bing1002
21337,0,30,JingYeoh
21338,0,8,geeksesi
21339,0,3,ferlu
21340,0,4,pobusama
21341,0,5,rootally
21342,0,7,cameronmoreau
21343,0,12,fzzf0618
21344,0,1,Vernlium
21345,0,1,loicknuchel
21346,0,3,Ja50n
21347,0,17,magicnat
21348,0,32,StormXX
21349,0,1,sandalian
21350,0,1,DocVaughan
21351,0,2,markstrefford
21352,0,6,hiradary
21353,0,3,Kittinutz
21354,0,3,sreevisakh
21355,0,3,sunyx1223
21356,0,1,andkon
21357,0,1,jeremyolliver
21358,0,220,schneems
21359,0,6,mikestecker
21360,0,1,bhaktaraz
21361,0,2,Kaishiyoku
21362,0,3,applesstt
21363,0,11,kanreisa
21364,0,13,ChainSafeSystems
21365,0,9,fjukstad
21366,0,3,Caitingwei
21367,0,10,elenacuoco
21368,0,21,rikonor
21369,0,6,nimbus98
21370,0,8,AGeorgy
21371,0,1,WitJakuczun
21372,0,24,athrunsun
21373,0,2,Bigalan09
21374,0,60,szu-bee
21375,0,389,digideskio
21376,0,233,JohnyXu
21377,0,7,martinyunify
21378,0,6,mklarqvist
21379,0,3,Pedro-Mendes
21380,0,64,CYBAI
21381,0,29,gustavoisensee
21382,0,1,itumoraes
21383,0,15,harryworld
21384,0,1,baaesh
21385,0,1,jchelmers
21386,0,4,jadewale
21387,0,10,mmanzano
21388,0,12,Mo9a7i
21389,0,4,ashirwad08
21390,0,154,casatwy
21391,0,21,glouw
21392,0,6,rangelvarnier
21393,0,3,amahon
21394,0,1,pietertolsma
21395,0,18,penk
21396,0,2,arjunkesava
21397,0,14,eliasah
21398,0,2,logicalgroove
21399,0,3,leovene
21400,0,2,shashankpr
21401,0,8,pactode
21402,0,30,Yonaba
21403,0,3,georgewneto
21404,0,10,6a209
21405,0,7,JorgeLuisMIPro
21406,0,4,ReeganExE
21407,0,6,spatocode
21408,0,8,jchristianhall
21409,0,12,linarnan
21410,0,2,johnthethird
21411,0,201,nikgraf
21412,0,4,KJChan02
21413,0,6,LeetCodes
21414,0,17,therealedsheenan
21415,0,15,badgeekluck
21416,0,58,nicholasess
21417,0,1,danielfc
21418,0,33,metalmatze
21419,0,15,romuloalves
21420,0,5,Orzldzx
21421,0,5,felipeblini
21422,0,1,tbarsbay
21423,0,2,razetime
21424,0,13,neozhangthe1
21425,0,44,Uberi
21426,0,1,pankhuri22
21427,0,5,TheLevti
21428,0,4,mengjiann
21429,0,1,ag8
21430,0,2,elliotweiser
21431,0,1,ramoncardena
21432,0,12,jmatsu
21433,0,22,jsuarezruiz
21434,0,1,amansrivastava
21435,0,62,szy0syz
21436,0,25,olucvolkan
21437,0,2,rdonnelly
21438,0,4,junpluse
21439,0,1,barld
21440,0,9,justmendes
21441,0,83,k0kubun
21442,0,9,codemickeycode
21443,0,9,shunza
21444,0,1,magicznyleszek
21445,0,11,disooqi
21446,0,5,jmhooper
21447,0,189,cyanzhong
21448,0,6,cperry24
21449,0,2,mikeskaug
21450,0,2,scowalt
21451,0,1,davidasync
21452,0,6,parthgargava
21453,0,5,paoqi1997
21454,0,30,benbieler
21455,0,11,edocevol
21456,287,2,pdpdds
21457,0,3,calheira
21458,0,2,ozturkaslii
21459,0,13,jakewies
21460,0,1,coreysparks
21461,0,20,striderdu
21462,0,20,ddsferreira
21463,0,11,ekkans
21464,0,9,patrickbeeson
21465,0,3,raulsenaferreira
21466,0,1,otrabalhador
21467,0,5,arijitkar98
21468,0,2,ryokamoi
21469,0,22,bruinxiong
21470,0,7,renpengben
21471,0,46,felipecruz
21472,0,4,dphans
21473,0,8,radu941208
21474,0,9,riccardoravaro
21475,0,10,adamcbrewer
21476,0,1,saintyue
21477,0,3,edloidas
21478,0,3,marioernestoms
21479,0,13,prabhash1785
21480,0,11,praveenpuglia
21481,0,4,LevenWin
21482,0,3,ryanpowszok
21483,0,11,cjoshmartin
21484,0,3,jthoth
21485,0,15,aka-jain
21486,0,3,opqclick
21487,0,1,suleymanyilmaz
21488,0,2,lawhump
21489,0,13,ligechina
21490,0,3,jsuo
21491,0,8,redragonx
21492,0,12,corselia
21493,0,3,houxg
21494,0,82,gf3
21495,0,7,lopezpagan
21496,0,1,robinnorth
21497,0,4,rhgrant10
21498,0,2,BrianMitchL
21499,0,16,amackera
21500,0,10,matchs
21501,0,109,smrjan
21502,0,1,SnaiLegacy
21503,0,3,menor
21504,0,37,godxkey
21505,0,4,Tifancy
21506,0,9,SuperAZHE
21507,0,6,jwahdatehagh
21508,0,40,neungkl
21509,0,5,goern
21510,0,1,Philosec
21511,0,5,shu3aybbadran
21512,0,3,maesoser
21513,0,15,leggetter
21514,0,7,lnas01
21515,0,3,jorisrietveld
21516,0,2,aozisik
21517,0,7,devlucas
21518,0,29,neviim
21519,0,3,jonybur
21520,0,6,leoluk
21521,0,6,mayusa
21522,0,2,ameyuuno
21523,0,6,nickfday
21524,0,3,jimth001
21525,0,4,Aijoona
21526,0,9,iotd
21527,0,41,joshghent
21528,0,6,Acentelles
21529,0,5,lancygoyal
21530,0,3,SethStalley
21531,0,4,nicklyz
21532,0,4,Exception4U
21533,0,3,Zorro30
21534,146,2,obrunsmann
21535,0,5,iancampelo
21536,0,3,ichenq
21537,0,10,loadchange
21538,0,3,timjuravich
21539,0,5,thornjad
21540,0,3,bendman
21541,0,3,S-aiueo32
21542,0,8,ericalli
21543,0,12,pederjohnsen
21544,0,9,dpishchalka
21545,0,2,alextsui05
21546,0,9,Zayelion
21547,0,79,roman01la
21548,0,2,hysonger
21549,0,2,elvezpablo
21550,0,18,Yanjiie
21551,0,9,guillecura
21552,0,7,retspen
21553,0,26,logaretm
21554,0,2,cupen
21555,0,4,ten2net
21556,0,6,nottrobin
21557,0,5,pierrebeitz
21558,0,3,leoliuasia
21559,0,18,arronf2e
21560,0,8,daneah
21561,0,4,ibrahimonat
21562,0,4,gguimaraesbr
21563,0,10,horiuchi
21564,0,2,CesBear
21565,0,3,nicoprocessor
21566,0,66,cakmoel
21567,0,2,MoonMoon1919
21568,0,1,JohnLockwood
21569,0,1,steveperrycreative
21570,0,1,llevvi
21571,0,5,ruyangit
21572,0,1,siromanto
21573,174,2,raymayemir
21574,0,1,andrewsommerlot
21575,0,34,mcphyolay72
21576,0,34,sheelabhadra
21577,0,31,joejollands
21578,0,18,lookphp
21579,0,1,majeedthaika
21580,0,3,lucaslz
21581,323,2,dhahn
21582,0,3,fourcolors
21583,0,3,rhogeranacleto
21584,0,3,ekkinox
21585,198,2,Suvink
21586,0,1,briankiragu
21587,0,3,bushblade
21588,0,20,lucasdaiki
21589,0,37,s1s1ty
21590,0,14,ramaro
21591,249,2,blacKitten13
21592,0,13,tenglvjun
21593,0,33,mmoreram
21594,0,1,980044579
21595,0,14,bloodf
21596,0,8,isayme
21597,0,5,jerusalemc
21598,0,6,DominiqueLoyer
21599,0,19,joesepi
21600,0,5,Kartikkh
21601,0,26,SrinivasanTarget
21602,0,23,hartzis
21603,0,5,bopo
21604,0,31,Swiip
21605,0,3,philosodad
21606,0,3,TonyNdungu
21607,0,24,oshou
21608,0,2,Greedysky
21609,0,1,christopheranderton
21610,219,4,alex-ross
21611,0,1,lisniuse
21612,0,3,clinjie
21613,0,27,UlricQin
21614,0,1,daviddarke
21615,0,14,TarikHuber
21616,0,32,AdamBrodzinski
21617,0,7,gerardo-junior
21618,0,2,Sartori-RIA
21619,0,1,ric-bianchi
21620,0,26,sangeet259
21621,0,4,huaguzi
21622,0,13,Cherish-xzw
21623,0,1,hervenivon
21624,0,1,bigGiant
21625,0,5,andyweizhao
21626,0,5,quentin-f451
21627,0,2,codingtomato
21628,0,6,alsora
21629,0,16,nicolastinkl
21630,0,14,buntine
21631,0,7,magicmark
21632,0,3,jerneju
21633,0,5,mamoonraja
21634,0,1,charisseysabel
21635,0,18,Mr-Linus
21636,0,8,lucasmedeirosleite
21637,0,3,salihyalcin
21638,0,21,thejmazz
21639,0,3,bhough
21640,0,66,souporserious
21641,0,10,jeongmincha
21642,0,4,kosson
21643,0,4,samueljon
21644,0,3,TattdCodeMonkey
21645,0,9,rmrhz
21646,0,2,io4
21647,0,14,Crmhf
21648,0,3,alikhil
21649,0,10,pateatlau
21650,0,5,shoken0x
21651,0,1,p4bl1t0
21652,0,4,qinchaofeng
21653,0,5,lannerate
21654,0,7,Niladri24dutta
21655,0,7,YuhangSong
21656,0,3,spoonerWeb
21657,0,12,nathggns
21658,0,2,mahantaf
21659,0,27,theonlyNischal
21660,0,4,b3h3rkz
21661,234,2,KartSriv
21662,0,21,songmeixu
21663,0,11,lolipop99
21664,0,13,YutaoAnswer
21665,0,9,gumieri
21666,0,8,SylvesterLi
21667,0,4,ronaldlangeveld
21668,0,12,danieldk
21669,0,2,getmanzooronline
21670,0,2,lukebro
21671,0,2,HanbumKo
21672,0,14,Luckylau
21673,0,11,RealMoMo
21674,0,4,bobmaerten
21675,0,1,mohamedamin90
21676,0,1,Ghiordy
21677,0,1,mandx
21678,0,20,ShuHai
21679,0,11,iou2much
21680,0,1,tangbogreat
21681,0,3,KianMderi
21682,188,2,JoseLuisMartins
21683,0,12,ben174
21684,0,2,fywu85
21685,0,6,edvincandon
21686,307,2,nickarad
21687,0,24,crisu83
21688,0,17,jadekler
21689,0,33,kenarai
21690,0,28,jhgg
21691,0,9,davebonds
21692,0,2,FredXue
21693,0,20,jmz7v
21694,0,52,josephjacks
21695,0,2,richardneililagan
21696,310,2,leodrez
21697,0,9,amal
21698,0,3,rjbernaldo
21699,0,12,BAILOOL
21700,0,1,ianshiundu
21701,0,3,JiveDig
21702,0,15,lopezpdvn
21703,0,3,lapisangularis
21704,0,9,jevenzh
21705,0,2,sMitea
21706,0,3,chenguowei
21707,0,5,peppertom
21708,0,1,francisdaigle
21709,0,25,nauhygon
21710,342,2,ryanneph
21711,0,11,jonrobinson2
21712,0,28,oAllanWeb
21713,0,6,naveenjafer
21714,0,14,avik-pal
21715,0,2,hpaliwal4
21716,0,7,matthiasott
21717,0,8,persand
21718,0,10,drupol
21719,0,34,cardoso
21720,0,3,Javitronxo
21721,0,4,fanky-c
21722,0,2,jbeltranleon
21723,0,9,ababol
21724,0,12,dzarezenko
21725,0,2,bliitzkrieg
21726,0,3,Poddiachyi
21727,0,3,scripterkaran
21728,0,34,magsout
21729,0,1,htmlboss
21730,0,5,peruginni
21731,0,25,h0ke
21732,0,26,goFrendiAsgard
21733,0,8,ddddwee1
21734,0,14,russellrosario
21735,0,8,DanielLCintra
21736,0,3,Reached
21737,0,11,mrazizi
21738,0,2,takouhai
21739,0,4,oyepez003
21740,0,1,nlebedevinc
21741,0,32,olahol
21742,0,2,songyingxin
21743,0,4,markmur
21744,0,12,jpbretanha
21745,0,1,khemrajiitk
21746,0,3,anchal-agrawal
21747,0,2,kvker
21748,0,9,live-wire
21749,0,4,asrul10
21750,0,8,emerpaiva
21751,0,2,jayoharedee
21752,0,17,examachine
21753,0,2,JLee21
21754,0,324,hemanth
21755,0,8,skalanter
21756,0,10,jcelerier
21757,0,10,n457
21758,0,8,marado
21759,0,2,stephen-v
21760,0,7,1vasari
21761,0,13,liampaull
21762,0,4,Qznan
21763,0,7,tantara
21764,0,13,backpropper
21765,0,6,djleonskennedy
21766,0,117,mahmoud
21767,0,4,Ayush-Goyal-coding
21768,0,66,endocrimes
21769,0,3,NickEntin
21770,0,9,giswqs
21771,0,6,khaledAX
21772,0,10,nsrishankar
21773,0,8,JackieAnxis
21774,0,6,CTLife
21775,0,21,suleturp
21776,0,10,binyellow
21777,0,5,arjunkomath
21778,0,1,5kywa1ker
21779,0,5,renke
21780,0,3,CamiloYate09
21781,0,3,estelabalboa
21782,0,9,ldonis
21783,0,3,YeongHyeon
21784,0,2,chrismbeckett
21785,0,7,dotBits
21786,0,17,gabrielgomesferraz
21787,0,13,ivernaloo
21788,0,3,minvv23
21789,0,12,luebken
21790,0,6,lpachecoquevedo
21791,0,1,evanknight
21792,0,3,mjpyeon
21793,0,26,dyanfeng
21794,0,8,mragungsetiaji
21795,0,20,TL-Developer
21796,0,44,dorianneto
21797,0,42,shampine
21798,0,23,chestnutchen
21799,0,2,cthompso
21800,0,9,dionarya6661
21801,0,6,chelseavalentine
21802,0,4,akobashikawa
21803,0,32,lizheng3401
21804,0,2,derickp
21805,0,41,luizhenriquesoares
21806,0,5,thatindiandude
21807,0,2,rmilushev
21808,0,6,divanvisagie
21809,0,1,tandrewnichols
21810,0,2,evah
21811,0,2,Shawcs
21812,0,14,Collins33
21813,0,1,XiangLi6632
21814,0,2,RobiFerentz
21815,0,5,mihan007
21816,0,39,iwillhappy1314
21817,0,19,sungkwangsong
21818,0,4,DanielYKPan
21819,0,26,harshul1610
21820,0,2,imrafarafarafa
21821,0,6,neetjn
21822,0,1,Hilbrand
21823,0,14,ptspzy
21824,0,1,shal
21825,0,1,legomolina
21826,0,4,danichim
21827,0,2,enirinth
21828,0,36,chrisrowe
21829,0,17,Jiangew
21830,0,2,Jonjoe
21831,0,37,raonyguimaraes
21832,0,1,nicholasodonnell
21833,0,19,puppe1990
21834,0,1,stevesunderland
21835,0,2,strider2023
21836,0,4,razi-ed
21837,0,6,qfxl
21838,0,1,dahnielson
21839,0,5,123vivekr
21840,0,3,alikhsan778
21841,0,6,Notim
21842,0,8,richardbertozzo
21843,0,1,nmaves
21844,217,2,Hustcw
21845,0,9,ps48
21846,0,15,lira
21847,0,48,mfikes
21848,0,3,ethanyoung
21849,0,2,pebutler3
21850,0,4,jacobssy
21851,0,207,ityouknow
21852,0,3,emekaorjiani
21853,0,3,muzaluisa
21854,0,13,quan-na
21855,0,7,handafa
21856,0,1,julienvincent
21857,0,30,JustinBeckwith
21858,0,1,nidzola
21859,0,1,IPyandy
21860,0,35,plutov
21861,0,3,nexon
21862,0,3,afrikhero
21863,0,11,adriengibrat
21864,0,299,passy
21865,0,4,alexanderte
21866,0,2,abetsagaral
21867,0,1,johngamboa
21868,0,2,hrandika
21869,0,16,epequeno
21870,0,3,richsilv
21871,0,4,pabloselin
21872,0,1,thinkerleolee
21873,0,11,billweasley
21874,0,1,quangnd
21875,0,17,elizabethsiegle
21876,0,19,andresgottlieb
21877,0,56,futurist
21878,0,1,sandyherho
21879,0,33,qinyao-he
21880,0,2,ale0xb
21881,0,20,Ahmed-Badawy
21882,0,22,Kyson
21883,0,3,krawster
21884,0,9,Tmw
21885,0,6,chrisssycollins
21886,0,6,stankusl
21887,0,5,magniff
21888,0,18,irvinebroque
21889,0,3,absiddiqueLive
21890,0,8,nabeken
21891,0,2,onjin
21892,0,13,southerneer
21893,0,1,Fi2zz
21894,0,3,kwahome
21895,0,1,shoeffner
21896,0,3,ZhuoLun
21897,0,5,smakonin
21898,0,2,n5ken
21899,0,2,StuartRayson
21900,0,19,SimonLarsen
21901,0,25,kyuwoo-choi
21902,0,4,bichotll
21903,0,5,AndreTheHunter
21904,0,2,cjgronlund
21905,0,1,bngesp
21906,0,2,dutlxq2014
21907,0,10,iislucas
21908,0,4,harveyaot
21909,0,3,kenhkelly
21910,0,2,DavidHe1127
21911,0,10,arcostasi
21912,0,3,andidp
21913,0,3,hujb48
21914,0,66,hi-caicai
21915,0,7,kutianwulei
21916,0,11,buonzz
21917,0,5,omarsmak
21918,0,4,macrozone
21919,0,1,kyalha
21920,0,1,shady831213
21921,0,3,YiddishKop
21922,0,3,IoTcat
21923,0,1,rocwangv
21924,0,8,bartjkdp
21925,0,6,circle-oo
21926,0,17,ssheikholeslami
21927,0,1,BrownHu
21928,0,5,nicolashemonic
21929,0,1,egdw
21930,0,9,jiayuasu
21931,0,26,jdjuan
21932,0,3,helsus
21933,0,2,ljoboy
21934,0,28,qinxuye
21935,0,5,shalabhsingh
21936,0,1,adityavm
21937,0,1,anowak-r7
21938,0,2,PaLeroy
21939,0,1,ptboyer
21940,0,5,sarathsp06
21941,0,6,paulkr
21942,0,8,shangboyang
21943,0,61,roidrage
21944,0,1,psushaanth23
21945,0,3,Containerhouse
21946,0,16,eyurivilc
21947,0,20,iulyanp
21948,0,8,baquiax
21949,0,3,relsqui
21950,0,43,shuaisunny
21951,0,10,mushanshitiancai
21952,0,36,ilkeryilmaz
21953,0,35,joelbandi
21954,0,15,oguzdumanoglu
21955,107,2,aksub99
21956,0,5,muneeb699
21957,0,80,jnewland
21958,0,2,XuRuLin
21959,0,10,YazzyYaz
21960,0,7,sndnvaps
21961,0,1,followsound
21962,0,4,jusonn
21963,0,8,1stevengrant
21964,0,1,adityamohta
21965,0,1,aaeabdo
21966,0,37,Vintharas
21967,0,7,jeiman
21968,0,21,eccyan
21969,0,4,MarauderXtreme
21970,0,1,YkSix
21971,0,1,huyssenZ
21972,0,5,jetaimefrc
21973,0,62,lnx1337
21974,0,6,antegulin
21975,0,31,chancez
21976,0,3,Ivan1234
21977,0,4,aminecodes
21978,0,6,RealDeanZhao
21979,0,113,project-delphi
21980,0,5,lihuanshuai
21981,0,6,JimmyLin192
21982,0,3,steveturner
21983,0,13,joshinrai
21984,0,6,dmitrinesterenko
21985,0,15,gyuwon
21986,0,3,heukirne
21987,0,5,mathpunk
21988,0,28,kwinkunks
21989,0,2,akliemke
21990,0,17,inidaname
21991,0,5,martindevans
21992,0,5,chrux
21993,0,5,esaiz
21994,0,1,hexpit
21995,0,1,damsleth
21996,0,25,arojunior
21997,0,3,miladmeidanshahi
21998,0,25,nasrulhazim
21999,0,1,ashchuk
22000,0,33,kingsleyudenewu
22001,0,1,akinwale-habibullah
22002,0,2,AndreaOlivieri
22003,0,10,sturquier
22004,0,20,GauravChaddha1996
22005,0,3,gongice
22006,0,5,nickeyvee
22007,0,32,reesun
22008,0,1,ricdizio
22009,0,1,specialshoot
22010,0,8,diemesleno
22011,232,4,rexs123
22012,0,1,lizitang
22013,0,37,caoer
22014,0,1,OyugiK
22015,0,3,kylamedina
22016,0,2,Albelt
22017,0,6,skylerzhang
22018,0,6,fedden
22019,0,61,raggi
22020,0,12,MashiroWang
22021,0,4,menonpg
22022,0,1,MXGray
22023,0,7,lucsrods
22024,0,8,levionessa
22025,0,6,davidsome
22026,0,2,SamsonPh
22027,0,5,mxschmitt
22028,0,15,chanakaDe
22029,0,11,ahmetcj4
22030,0,18,cndreisbach
22031,0,23,WiessWong
22032,0,10,Reaper622
22033,0,7,murilolobato
22034,0,3,bingcool
22035,0,5,archcorsair
22036,0,5,RafaelC457ro
22037,0,2,Nanra
22038,0,9,ai-hes
22039,0,13,barziz
22040,0,34,im-gozmit
22041,0,4,michaelvolz
22042,0,39,Senhordim
22043,260,2,ajayak
22044,0,6,newbie-andy
22045,0,3,Loser-XiaoZhi
22046,0,18,ediardo
22047,0,2,KatagiriSo
22048,0,14,iwilsonq
22049,0,4,KamilOcean
22050,0,4,devnix
22051,0,44,RayPS
22052,0,3,iamcxa
22053,0,1,mackwan84
22054,0,5,Roshrini
22055,0,5,HuangRongjun
22056,0,2,keyfer
22057,0,45,joelburget
22058,0,12,klr
22059,0,49,canercandan
22060,0,5,amansilla
22061,0,13,jreduardo
22062,0,103,AllenFang
22063,0,29,Jeet1994
22064,0,1,narkeeso
22065,0,6,brimstone
22066,0,6,fenandosr
22067,0,9,jasesuperhero
22068,0,19,lafikl
22069,0,14,cedricziel
22070,0,3,oiagorodrigues
22071,0,31,mathcbc
22072,0,1,fdaugs
22073,0,1,GaryChenMesser
22074,0,46,bionicles
22075,0,7,mikelambert
22076,0,4,supercycle91
22077,0,24,Ephigenia
22078,0,1,Pedro-Matos
22079,0,6,VaibhavAgarwalVA
22080,0,1,francis94c
22081,0,8,Aixtuz
22082,0,7,RyanBalfanz
22083,0,18,summerstream
22084,0,30,agnaldom
22085,0,1,codesoftwind
22086,0,7,djones
22087,0,4,shashank88
22088,0,9,KenyeeC
22089,0,31,pepe
22090,0,6,fang0rnz
22091,0,6,bazfer
22092,0,6,jorry2008
22093,0,13,romarioraffington
22094,0,5,soyandresochoa
22095,0,1,motevets
22096,0,12,bradymholt
22097,0,2,Stollie
22098,0,16,Yvon-Shong
22099,0,4,d-kahara
22100,0,10,robanquieri
22101,0,5,atefth
22102,0,27,jinankjain
22103,0,1,VictorHaine
22104,0,10,nicksuch
22105,0,1,christattum
22106,0,2,johnny4young
22107,0,19,feelepxyz
22108,0,5,plainprogrammer
22109,0,7,dio
22110,0,20,talcual
22111,0,1,moczolaszlo
22112,0,2,felipefzdz
22113,0,4,mwager
22114,0,1,jacklau88
22115,0,2,lpbearden
22116,0,4,chan17
22117,0,1,eliasrodeloso
22118,0,3,ninjapanzer
22119,0,42,rgllm
22120,0,6,microinginer
22121,0,3,ngthuc
22122,0,6,lifesaver0129
22123,0,2,fernandosouza84
22124,294,2,shamystic
22125,0,7,ac-alpha
22126,0,5,FRickReich
22127,0,17,dterei
22128,0,5,lvshiling
22129,0,5,AlphaSRE
22130,0,186,terrytangyuan
22131,0,1,arunkv
22132,9,2,nbermudezs
22133,0,1,ashupk
22134,0,56,itsN1X
22135,0,5,UnquietCode
22136,0,3,ZekeDa
22137,0,7,jiaxiaogang
22138,0,2,adriano-di-giovanni
22139,0,13,huangbowen521
22140,0,12,garrett
22141,0,18,kykungz
22142,0,3,pignax
22143,0,2,GrimDerp
22144,0,13,amogower
22145,0,21,rajeshpillai
22146,0,2,jrgonzalez3
22147,0,1,RCheese
22148,0,6,bertolo1988
22149,0,1,kelson42
22150,0,5,jonhermansen
22151,0,89,ruandre
22152,0,9,sfrias
22153,0,2,JeansReal
22154,0,5,mofoghlu
22155,0,6,Allen-LPL
22156,0,1,puginabox
22157,0,5,dragosgn
22158,0,8,chrisluu
22159,0,46,limonte
22160,0,5,adanac
22161,0,5,rojaster
22162,0,12,tagmic
22163,0,5,ntauth
22164,0,1,patrikorup
22165,0,14,pangguoming
22166,0,12,jmtavares
22167,0,17,dcaunt
22168,0,7,duqian291902259
22169,0,25,jilljenn
22170,0,101,mauricionobrega
22171,0,32,brunodlz
22172,0,9,pedrobalage
22173,0,6,atosatto
22174,0,5,Nilabhra
22175,0,21,oscarmorrison
22176,0,1,JerimSD
22177,0,3,MohamedPHP
22178,0,20,EugeneYilia
22179,0,4,caxaria
22180,0,2,myspivey
22181,0,4,marcosschroh
22182,0,4,pwkraft
22183,0,12,pricco
22184,0,2,frontgoo
22185,0,5,lee212
22186,0,7,mayankchd
22187,0,11,qingkaikong
22188,0,9,daveberning
22189,0,4,flowmar
22190,0,2,kspe
22191,0,20,stevenferrer
22192,0,14,davidkirwan
22193,0,7,hendrysadrak
22194,0,6,bmfteixeira
22195,0,20,karimnaaji
22196,0,151,donnfelker
22197,0,4,sameervitian
22198,0,20,ikashnitsky
22199,0,3,JonathanAJ
22200,0,9,AdiSai
22201,0,9,mycoin
22202,0,1,stridera
22203,0,3,compops
22204,0,9,lifengand1992
22205,0,2,energy1010
22206,0,21,mr-wildcard
22207,0,9,MohamedDiaa
22208,0,8,mmiller42
22209,0,3,AEnguerrand
22210,0,3,sigit-prayoga
22211,0,19,msguner
22212,0,1,reachanihere
22213,0,12,itaen
22214,0,7,sciencepal
22215,0,22,cnLGMing
22216,0,4,hideokamoto
22217,0,3,Geew
22218,0,79,mohitmun
22219,0,2,sigpwned
22220,0,2,oldrev
22221,0,1,ruiyan1995
22222,0,11,avranju
22223,0,13,alexpatin
22224,0,3,phreakyphoenix
22225,0,18,Leonidas-from-XIV
22226,0,21,CoderJolly
22227,0,13,maximevaillancourt
22228,0,12,felipsmartins
22229,0,3,ValyrianSteel
22230,0,4,playgrdstar
22231,0,14,MrDHat
22232,0,7,emilgeorgejames1
22233,0,19,andreineculau
22234,0,33,alexpetrov
22235,0,30,k82cn
22236,0,7,stephenyan1231
22237,0,54,felipecwb
22238,0,23,fraxken
22239,0,3,kevinabouhanna
22240,0,3,julon
22241,0,2,kubuzetto
22242,0,1,PascaleBeier
22243,0,3,josedulanto
22244,0,6,amancevice
22245,0,30,flyg101
22246,0,1,flyOstrich
22247,0,16,mirkokiefer
22248,0,2,lpalgarvio
22249,0,16,blighli
22250,0,1,ArthurGuy
22251,0,10,Jarvis5780
22252,0,2,JJLewis
22253,0,5,kcomain
22254,0,1,rilwanfit
22255,0,9,fireflex
22256,0,4,hi-craft
22257,0,3,pstuifzand
22258,0,1,epappas
22259,0,15,hepplerj
22260,0,3,kahlkn
22261,0,4,dangoldin
22262,0,2,martinbertinat
22263,0,3,daijapan
22264,0,1,AstroMatt
22265,0,63,kxion
22266,0,2,soloviola
22267,0,19,liyasthomas
22268,0,5,IsCod
22269,0,3,abolajibisiriyu
22270,0,1,mateuszpohl
22271,0,1,caoshuaitong
22272,0,45,lastnamearya
22273,0,4,luisulbaranleonTSCI
22274,0,21,harunpehlivan
22275,344,2,shady-cs15
22276,0,1,plusk01
22277,0,1,davidsturgeon
22278,0,6,AcerWang
22279,0,7,milaptank
22280,0,5,rednafi
22281,0,9,probil
22282,0,31,onrmrt
22283,0,10,Meesayen
22284,0,12,aerokite
22285,0,4,keyolk
22286,0,2,peoplehlj
22287,0,1,Tesfamichael1074
22288,0,23,italolelis
22289,0,10,Awcrr
22290,0,39,haozhu233
22291,0,11,awolfson
22292,0,18,embbnux
22293,0,6,lihuanpeng
22294,0,3,ianwsperber
22295,0,11,pratikchhapolika
22296,0,5,awurth
22297,0,12,j3nnn1
22298,0,7,martymcguire
22299,0,75,lightningtgc
22300,0,2,harrynorthover
22301,0,14,renatoargh
22302,0,5,Antony138
22303,0,5,SamThompson
22304,0,10,NekodRider
22305,0,11,piryguiry
22306,0,7,safajirafa
22307,0,13,petebachant
22308,0,3,jiyaping
22309,283,2,jimmahoney
22310,0,1,quziyan
22311,0,21,memojja
22312,0,18,life1st
22313,0,9,CoderJava
22314,0,1,shubham23471
22315,0,4,gustavo-depaula
22316,112,2,alexeyroudenko
22317,0,48,kunicmarko20
22318,0,16,dotku
22319,0,8,mathnogueira
22320,0,4,nemo1991
22321,0,618,bradfitz
22322,0,26,IsmailM
22323,0,3,pedrotoliveira
22324,0,6,dorajam
22325,0,32,lyongdee
22326,0,16,goxr3plus
22327,0,5,rguo12
22328,0,3,luoxiaohei
22329,0,177,jbenet
22330,0,8,can3p
22331,0,15,sandsmark
22332,0,1,VitorHFLopes
22333,0,58,rShetty
22334,0,8,saulsolorzano
22335,0,1,pedroinc
22336,0,2,louxj424
22337,0,29,Yunkou
22338,0,4,clark99
22339,0,13,olvlvl
22340,0,1,Polyterative
22341,0,72,eacdy
22342,0,11,fengpeng213
22343,0,4,flynnduism
22344,0,5,javimosch
22345,0,44,scheeloong
22346,0,6,orangeSi
22347,0,10,categulario
22348,0,3,raganw
22349,0,3,mmoll
22350,0,6,Woorg
22351,0,13,QigenLin
22352,0,9,sjuniorti
22353,0,769,spf13
22354,0,5,PaoloCifariello
22355,0,16,jhmei
22356,0,2,Nagoo
22357,0,10,dada8397
22358,0,22,Jeff-sjtu
22359,0,305,jaydson
22360,0,6,Xsolute
22361,0,2,Dauriel
22362,0,1,kzap
22363,0,6,jeffanthony
22364,0,1,sa501428
22365,0,5,deniscsz
22366,0,24,KrunalLathiya
22367,0,4,soyrojo
22368,0,4,onlyandrewn
22369,0,5,haidaoxiaofei
22370,0,1,SoheilSalehian
22371,0,13,m19c
22372,0,7,mrprofessor
22373,0,5,davmixcool
22374,0,4,olitreadwell
22375,0,14,SamuelMoraesF
22376,0,14,melissamoreira
22377,0,4,ashislaha
22378,0,5,aujisti-ador
22379,0,21,shiinamiyuki
22380,0,4,Abhijeet399
22381,0,2,TheGameFreak720
22382,0,1,DanielGunna
22383,0,12,DemonCloud
22384,0,11,Michaelvll
22385,0,2,robertdrakedennis
22386,0,7,fpzeng
22387,0,2,nischayv
22388,0,10,miracleyoo
22389,0,77,FranciscoAmado
22390,0,6,alexrochas
22391,0,9,aarongodin
22392,0,1,autumnfjeld
22393,0,5,ZhengZixiang
22394,0,29,polichan
22395,0,132,dunglas
22396,0,23,derekchiang
22397,0,2,gavindsouza
22398,0,15,m3nd3s
22399,0,29,nicolaslopezj
22400,0,10,Tusharmalik
22401,0,2,MindGeek
22402,0,64,seldo
22403,0,2,chrisbarber86
22404,0,2,gmono
22405,0,13,simsausaurabh
22406,0,4,AlexisNava
22407,0,6,falaeverson
22408,0,1,gougouccnu
22409,0,6,Pastens
22410,0,5,mamunsyuhada
22411,0,3,ccorbi
22412,0,3,HolyChen
22413,0,11,brainysoon
22414,0,3,s1ckdark
22415,0,18,hlxwell
22416,0,1,shaohao2014
22417,0,79,belinwu
22418,0,9,georgeliu1998
22419,0,2,BlueDi
22420,0,8,athlonUA
22421,0,4,diego3
22422,0,1,ryanedwards
22423,0,25,bryant1410
22424,0,2,ChrisMichaelPerezSantiago
22425,0,17,clock21am
22426,0,51,matthewbauer
22427,0,5,SterlingVix
22428,0,8,iamapig120
22429,0,1,MoMuBai
22430,0,3,shumaojie
22431,0,3,barzilouik
22432,0,3,Ribesg
22433,0,4,aeirola
22434,0,31,bingqixuan
22435,0,5,Rychillie
22436,0,7,jehb
22437,0,3,kazuya-n
22438,0,3,nomaster
22439,0,26,hdragomir
22440,0,4,magicspon
22441,0,12,amir20
22442,0,277,mikedemarais
22443,0,20,thomasbnt
22444,0,16,chpengzh
22445,0,6,bonny
22446,0,19,pixeldesu
22447,0,10,shareme
22448,0,1,shanebarringer
22449,0,76,kvz
22450,0,6,arobbins
22451,0,2,mve0991
22452,0,259,island205
22453,0,7,jeverduzco
22454,0,51,neoighodaro
22455,0,25,guimeisang
22456,0,9,Korbeil
22457,0,19,liondedan
22458,0,9,m1911star
22459,0,112,br3ad
22460,0,1,ailionx
22461,0,9,bcalik
22462,0,41,tavioalves
22463,0,2,BuonOmo
22464,0,16,luocooldong
22465,0,2,kiley0
22466,0,7,stephenjbarr
22467,0,10,arnaudjuracek
22468,0,2,blackshow
22469,0,1,ViaFerrata
22470,0,6,alejandroschmechel
22471,0,20,chenshun00
22472,0,9,lunika
22473,0,4,issactoast
22474,0,1,mytianlan
22475,0,6,jimdowling
22476,0,2,j-m
22477,0,3,simars
22478,0,23,DTennant
22479,0,10,lulyon
22480,0,21,sbine
22481,0,2,SebastianCzoch
22482,0,4,rafysanchez
22483,0,7,ialzugaray
22484,0,15,cancerberoSgx
22485,0,4,jinliming2
22486,0,4,blademasterzhang
22487,0,32,austinkelleher
22488,0,5,mehmetsefabalik
22489,0,16,cetienn01
22490,0,1,aashish-ak
22491,0,108,spastorino
22492,0,15,dhimmel
22493,0,5,sairamkrish
22494,0,19,hussaintamboli
22495,0,6,ivanets
22496,0,2,mrwigster
22497,0,4,rory-eiq
22498,0,2,dsdenes
22499,0,32,ChrisMcKenzie
22500,0,35,edwinvrgs
22501,0,8,dinodsaurus
22502,0,6,cuzik
22503,0,17,lukeshiru
22504,0,124,antonmedv
22505,0,47,GopherJ
22506,0,1,ejwaibel
22507,0,3,HaroldV
22508,0,7,SFLAQiu
22509,0,7,siddharthdivi
22510,0,9,kauryrosariog
22511,0,1,GoooodSky
22512,0,7,lyseky
22513,0,10,spkjess
22514,0,4,captainhurst
22515,0,39,cezaraugusto
22516,0,12,kevinptt0323
22517,0,2,DHclly
22518,0,4,JasonTy
22519,0,42,rabingaire
22520,0,26,itsdaiego
22521,0,2,hu6360567
22522,0,2,thiagosgarcia
22523,0,7,JahanAjani
22524,0,2,mrparkers
22525,0,1,Nico-Curti
22526,0,4,maxmingbo
22527,0,2,arnab39
22528,0,3,caiomdias
22529,0,3,elionaimc
22530,0,8,heihuhuRay
22531,0,11,felipealbuquerq
22532,0,16,bodefuwa
22533,0,37,eklem
22534,0,11,somone23412
22535,0,4,matthewpi
22536,0,3,ronin13
22537,290,2,terry07
22538,0,14,searchzakir
22539,0,95,felipecsl
22540,0,4,sonlexqt
22541,0,12,advence-liz
22542,0,6,disbitski
22543,0,4,shuhikari
22544,0,11,AdyKalra
22545,0,26,ShawnyXiao
22546,0,13,joelgriffith
22547,0,10,jangsoopark
22548,0,5,paulradzkov
22549,0,3,ClarkZinzow
22550,304,2,LaerteGuedes
22551,0,3,Vitexus
22552,0,16,brunoric
22553,0,40,manchumahara
22554,0,15,robsonbittencourt
22555,0,3,RuiLuoAstro
22556,0,4,apilaskowski
22557,0,16,rintukutum
22558,0,12,afrendeiro
22559,0,2,kallbuloso
22560,149,2,azxca1731
22561,0,4,appli456
22562,0,14,qnlz
22563,0,2,ricca509
22564,0,70,ellisonleao
22565,0,1,mklemme
22566,0,22,ZahoreczTibor
22567,0,5,dailliwang
22568,0,3,lawsonvt
22569,0,7,mtford90
22570,0,18,meSingh
22571,0,6,Doshibu
22572,0,3,Alpccelik
22573,0,4,kizzlebot
22574,0,3,pjm17971
22575,0,3,ckuijjer
22576,0,27,devjin0617
22577,0,4,ke2ulpatani
22578,0,8,b2stry
22579,0,3,WTxiaomage
22580,0,16,kangzubin
22581,0,3,Su27SK
22582,0,3,aalencar
22583,0,10,derryberni
22584,0,97,creadone
22585,0,1,karambafe
22586,0,6,adamwalz
22587,0,24,andriksantos
22588,0,1,sebastianleezy
22589,0,10,TerenYeung
22590,0,4,NySunShine
22591,0,14,sumonst21
22592,0,1,rhtpandeyIN
22593,0,19,TabSpace
22594,0,31,gmittal
22595,0,20,fabianehlert
22596,0,20,EspoirX
22597,0,5,shreyans800755
22598,0,2,linjer
22599,0,11,sugi-cho
22600,0,12,giobauermeister
22601,0,20,johnie
22602,0,15,kress95
22603,0,3,kshux
22604,0,33,Guolei1130
22605,0,7,Caselles
22606,0,226,janl
22607,0,7,awitherow
22608,0,1,nicoorfi
22609,0,5,chenjinya
22610,0,7,abhishekzgithub
22611,0,1,ozil-110
22612,0,17,fengzhongsen
22613,0,12,ShehabSunny
22614,0,3,DaKoala
22615,0,11,spencersalazar
22616,0,5,kheraAniruddh
22617,0,7,sk1712
22618,0,17,ADU-21
22619,0,9,kuko-mainroot
22620,0,10,lzhuor
22621,0,14,Bunn
22622,0,5,dinostheo
22623,0,13,dj-shin
22624,0,23,DTrejo
22625,0,25,firewalker06
22626,0,11,renankof
22627,0,1,ajdaniel
22628,0,7,langxuelang
22629,0,6,chandankuiry
22630,0,27,jiacheng-xu
22631,0,17,scplay
22632,0,1,aleksandergrzyb
22633,0,3,phuongphally
22634,0,3,bdukes
22635,128,5,captenmasin
22636,0,4,rakeden
22637,0,3,qqli1209
22638,0,43,gayanhewa
22639,0,1,ProGamerCode
22640,0,15,danmingyang
22641,0,7,martincik
22642,0,989,phodal
22643,0,4,imlimiao
22644,0,23,albin3
22645,0,10,malun666
22646,0,9,andersonfernandes
22647,0,14,JasonLi1990
22648,0,2,justin-c-rounds
22649,0,7,bsodmike
22650,0,31,abdurrahmanriyad
22651,0,2,Hosiang1026
22652,0,2,dpacmen
22653,0,9,jrogatis
22654,0,2,bundyfx
22655,0,12,Guria
22656,0,4,Jarvis-Q
22657,0,7,prayeo
22658,0,8,NotBad4U
22659,0,1,1forh
22660,0,1,dannyverp
22661,0,24,kandros
22662,0,27,christiansmith
22663,0,3,lostwun
22664,0,5,lakk1
22665,0,48,techfort
22666,0,635,mafintosh
22667,0,19,ivan-94
22668,0,94,AlanCheen
22669,0,16,Lynn-cc
22670,0,1,joaodaher
22671,0,13,Dabuk
22672,0,4,asiareal
22673,253,2,carsonmclean
22674,0,7,XayOn
22675,0,5,PeterXiao
22676,0,6,felixheck
22677,0,14,Ahuge
22678,0,10,selmantsn
22679,0,1,ebfio
22680,0,44,alvaromb
22681,0,3,mohithingorani
22682,0,16,nbortolotti
22683,0,1,huiwenzhang
22684,0,5,JCBarry
22685,0,35,mattkrick
22686,0,3,WSPeng
22687,0,13,ignacioribes
22688,0,3,eyscode
22689,0,3,sushantkumar23
22690,0,59,mooyoul
22691,0,11,homfen
22692,0,25,suryabhupa
22693,0,6,edurodriguesdias
22694,0,1,SeanTater
22695,0,1,langheran
22696,0,6,jtkim-kaist
22697,0,4,codepr
22698,0,1,greatfarmer
22699,0,4,arnaz06
22700,0,2,bassochette
22701,0,3,janw
22702,0,5,drizzentic
22703,0,19,jlozovei
22704,0,7,terencehuynh
22705,0,2,benthepoet
22706,0,30,pugson
22707,0,7,everyx
22708,0,13,KyleCe
22709,0,8,chetanchawla
22710,0,6,mkaouer
22711,0,4,ChoiZ
22712,0,16,cubsdiary
22713,0,7,a657439380
22714,0,7,llaski
22715,0,117,bryanhelmig
22716,0,1,BrentDorsey
22717,0,44,filfreire
22718,0,28,Turbiani
22719,0,3,Binayak07
22720,0,1,cart0909
22721,0,19,banzalik
22722,0,12,daqingliu
22723,0,15,GordyD
22724,0,32,donnyyou
22725,0,5,CoderMudy
22726,0,17,dreadl0ck
22727,0,6,davinkevin
22728,0,4,absinthejt
22729,0,72,owainlewis
22730,0,8,siddharth-lakhara
22731,0,45,Husseinhj
22732,0,31,hellowin
22733,0,4,siegfriedgrimbeek
22734,0,10,rajbdilip
22735,0,9,joshumax
22736,0,2,ompatri
22737,0,3,CV-JunchengLi
22738,0,1,erlv
22739,0,7,cichy
22740,0,1,nlpdz
22741,0,2,frederfred
22742,0,6,alvarojoao
22743,0,15,micahbrich
22744,0,2,jakubpolak
22745,0,8,ryosukefujiki
22746,0,1,Suyyala
22747,0,1,aloosley
22748,0,21,llfylwg
22749,0,10,rumkin
22750,0,15,mundizzle
22751,0,6,krishnakanthpps
22752,0,3,helderdiin
22753,0,1,akathpal
22754,0,1,amelekhin
22755,0,9,filipemerker
22756,0,22,diwu
22757,0,64,ozziest
22758,0,2,marcotroisi
22759,0,7,shumbo
22760,0,2,skapin
22761,0,15,lidapang
22762,0,24,daxingplay
22763,0,33,OlafenwaMoses
22764,0,10,tasselcui
22765,0,4,hodak
22766,0,9,LiuJiJiJi
22767,0,4,davidkellis
22768,0,23,larruda
22769,0,7,diegohdez90
22770,0,1,FelixKlauke
22771,0,13,luizcarlosfaria
22772,0,11,jeremyzahner
22773,0,10,apetrovYa
22774,0,9,charj
22775,0,1,galaxyark
22776,0,3,Mateuszto
22777,105,2,takayan660
22778,0,5,elgreg
22779,0,75,BBcaptain
22780,0,10,Bojne
22781,0,2,suendri
22782,0,296,sonnylazuardi
22783,0,16,maralla
22784,0,2,FraDeliro
22785,0,59,CaMnter
22786,0,2,peteroravec
22787,0,16,pea3nut
22788,0,2,jai-singhal
22789,0,28,heinrichreimer
22790,0,10,jaimerodas
22791,0,1,rahulsprajapati
22792,0,31,DongjunLee
22793,0,25,Xaviju
22794,0,2,liangpeili
22795,0,9,hideo54
22796,0,21,mj1856
22797,0,127,luojiyin1987
22798,0,11,Ooshita
22799,0,2,martialblog
22800,0,1,kevinleeex
22801,0,13,brtknr
22802,0,3,filipp
22803,0,4,jkyberneees
22804,0,1,happut
22805,0,3,rafaismyname
22806,0,10,alexdiliberto
22807,0,4,ingscjoshua
22808,0,10,heavyimage
22809,0,1,Macyrate
22810,0,6,caonUlisses
22811,0,6,maria-kravtsova
22812,0,24,taylorbryant
22813,0,18,jxson
22814,0,3,jesseokeya
22815,0,1,c0psrul3
22816,0,17,chrisledet
22817,0,3,DonovanCharpin
22818,0,35,igorgue
22819,0,10,Yann-Wang
22820,0,1,elporfirio
22821,0,12,rcourivaud
22822,0,1,jiaju99
22823,0,1,aalhyari
22824,0,6,PaulSavignano
22825,0,107,ibolmo
22826,0,4,saibhargav97v
22827,0,9,jeremyong
22828,0,3,cphana
22829,0,1,Ntarasiuk
22830,0,1,dbalaouras
22831,0,19,krsreenatha
22832,0,518,daneden
22833,0,9,MaxWilliamJF
22834,0,16,ruslanskorb
22835,0,6,takabayashi
22836,0,59,guangwong
22837,0,64,cmhungsteve
22838,0,10,rvosa
22839,0,3,sabuhitalibli
22840,0,14,0x1ad2
22841,0,4,Enigma-I-am
22842,0,10,shemeermali
22843,0,8,luoru
22844,0,2,Qitas
22845,0,9,codef0rmer
22846,0,2,amadormf
22847,0,29,luismendes070
22848,0,4,PieerotGG
22849,0,26,MinhasKamal
22850,0,2,sammarks
22851,0,15,BenjaminSouchet
22852,0,4,ericmcbride
22853,0,2,mayurc137
22854,0,148,limichange
22855,0,13,hboon
22856,0,9,AlexKVal
22857,0,2,QYQSDTC
22858,0,48,liangdahong
22859,0,10,laurentkempe
22860,0,4,lassediercks
22861,0,6,hsmnzaydn
22862,0,4,haqqer
22863,0,3,JackTheHack
22864,0,2,ErickTucto
22865,0,2,DaffyDuke
22866,0,4,AhmedBessrour
22867,0,1,mzohaibqc
22868,0,16,neo5anderson
22869,0,2,castrodrigo
22870,0,4,LanceMoe
22871,0,3,ameya005
22872,0,88,luiscape
22873,0,16,liqing-ustc
22874,0,21,izumin5210
22875,0,32,astronomersiva
22876,0,8,aboutdata
22877,0,8,cristian0
22878,0,5,jackwakefield
22879,0,1,kingrome2017
22880,0,16,duanjunxiao
22881,0,905,ajsb85
22882,0,37,jansenfelipe
22883,0,1,bzw875
22884,0,16,jlambe
22885,0,4,Jeremalloch
22886,0,17,ailurus1991
22887,0,1,Stansbridge
22888,0,17,taha7ussein007
22889,0,33,KristenXu
22890,0,26,AleksK1NG
22891,0,15,serkanyersen
22892,0,1,daguito81
22893,0,8,Jalalx
22894,0,1,shoNagai
22895,0,3,ponyesteves
22896,0,24,AbhinavJain13
22897,0,3,imlcl
22898,0,5,ivanyu
22899,0,119,keith
22900,0,11,iaciac
22901,0,25,ManuCastrillonM
22902,0,22,salifm
22903,0,5,manzinello
22904,0,1,earthperson
22905,0,5,Gregoor
22906,0,2,The-Marvex
22907,0,1,ZhengWG
22908,0,7,elszczepano
22909,0,2,flawimc
22910,0,11,3tty0n
22911,0,1,Yoshipe
22912,0,4,Nanamare
22913,0,5,HndrkMkt
22914,0,54,JasinYip
22915,0,9,gate3
22916,0,9,micknudsen
22917,0,4,bedapudi6788
22918,0,2,rtubio
22919,0,1,Samanimkr
22920,0,1,gaiar
22921,0,6,dewey
22922,0,9,YerlinMatu
22923,0,1,dipta007
22924,0,4,david-saint
22925,0,11,arkist
22926,0,9,ESWAT
22927,0,1,bmnepali
22928,0,27,thekemkid
22929,0,1,manasb-uoe
22930,0,7,singh1114
22931,94,2,tevykak
22932,0,40,kaonashi-tyc
22933,0,1,intelaashish
22934,0,4,Varavarforvar
22935,0,5,revanli
22936,0,2,levilindsey
22937,0,2,liudaizong
22938,0,39,gineshidalgo99
22939,0,1,lannyzhujin
22940,0,21,mlantz
22941,0,18,scottrigby
22942,0,7,mateusduraes
22943,0,5,Grohden
22944,0,8,scottconnerly
22945,0,1,jyane
22946,0,1,tibaes
22947,0,3,JalexChang
22948,0,2,bestJoe
22949,0,12,isharaux
22950,0,47,jerodsanto
22951,0,7,pueue
22952,0,12,BoltDoggy
22953,0,17,OriPekelman
22954,0,4,iloveluce
22955,0,3,Maartz
22956,0,1,ifischer
22957,0,11,aaronamm
22958,0,2,cozmo
22959,0,24,sculove
22960,0,3,emulienfou
22961,0,7,thailh12
22962,0,1,lsa2127291
22963,0,1,stevendbrown
22964,0,5,seppestas
22965,0,4,josephilipraja
22966,0,8,LookingLMH
22967,0,24,DrewDahlman
22968,0,4,daveedgarcia
22969,0,4,hby910830
22970,0,17,AbdullahKady
22971,0,43,incleaf
22972,0,5,mohammadbashiri
22973,0,24,eglassman
22974,0,11,aravindcraj
22975,0,10,kasajei
22976,0,1,cybr17crwlr
22977,0,5,leonardoeloy
22978,0,7,gavin-hu
22979,0,15,icodejs
22980,0,6,avarun42
22981,0,6,medeirosvictor
22982,0,2,mogocat
22983,0,5,SkyaTura
22984,0,15,koddr
22985,0,3,aqeelmoshref
22986,6,1,Sebastix
22987,0,8,ErickZH
22988,0,2,Kanbc
22989,0,2,achabill
22990,0,6,join123456
22991,0,2,AdamIsrael
22992,0,3,fernandoandreotti
22993,0,1,robolamp
22994,0,7,soequelle
22995,0,31,dongilbert
22996,0,34,muxuezi
22997,0,10,froeder
22998,0,12,rafaelklaessen
22999,0,7,bmutinda
23000,0,1,Deen12520
23001,0,2,ersoy-insider
23002,0,7,joshsaintjacque
23003,0,2,lampietti
23004,0,14,bijiasuo2006
23005,0,21,asika32764
23006,0,2,flickerapps
23007,0,1,dotKev
23008,0,43,hellerve
23009,0,5,ricardoham
23010,0,1,diggerdata
23011,0,2,phpforlan
23012,0,5,sfikas
23013,6,2,ClikeX
23014,0,10,lokisama
23015,0,1,HongyuJiang
23016,0,2,plusoneee
23017,0,18,Monine
23018,0,13,Shawn1993
23019,0,2,natpen
23020,0,2,gsmadi
23021,0,14,ranxian
23022,0,5,armanozak
23023,0,4,ahz549467483
23024,90,4,thurbridi
23025,0,1,TurtleWolf
23026,0,1,jacobkaufmann
23027,0,2,h476982844
23028,0,7,balajisr
23029,312,3,ljb7977
23030,0,6,D1no
23031,0,3,AnClark
23032,0,4,2ez4wp
23033,0,1,savaf
23034,0,2,VindulaF
23035,0,17,LypGitHub
23036,0,11,caiquecastro
23037,0,5,Milozms
23038,0,1,KentoNishi
23039,0,11,jacoli
23040,0,19,afonsof
23041,0,5,mz2
23042,0,3,olafurjohannsson
23043,0,3,rabbit-run
23044,0,14,coryetzkorn
23045,0,16,ColorfulCat
23046,0,1,dhhagan
23047,0,20,adi518
23048,0,6,avallonking
23049,0,2,edgaraafelix
23050,0,318,mourner
23051,0,57,mariusae
23052,0,21,alefcastelo
23053,0,3,alekhrycaiko
23054,0,1,chenchao15
23055,0,6,kahara
23056,0,1,otorrillas
23057,0,1,jtberglund
23058,0,31,iJaniashvili
23059,0,6,leo-mao
23060,0,61,shanezhiu
23061,0,1,richard-roberts
23062,0,13,kde713
23063,0,6,billgloff
23064,0,2,mcanalesmayo
23065,0,6,bruno-alencar
23066,0,17,nourharidy
23067,0,1,adrianw
23068,0,3,ChenhuaYang
23069,0,28,TobiasLee
23070,0,1,joel-eriksson
23071,0,12,andres-morenogr
23072,0,64,theacodes
23073,0,1,KathrynBrusewitz
23074,0,2,sjparsons
23075,0,7,restmount
23076,0,4,sumanp
23077,0,19,bishalg
23078,0,2,gunturaf
23079,0,1,dzhwinter
23080,333,2,kaitlynhova
23081,0,3,Tonyvitamin
23082,0,4,sjimenez77
23083,0,12,Guyanqi
23084,0,11,samliu
23085,0,6,WeichenXu123
23086,0,40,shallwefootball
23087,0,13,klebercode
23088,0,5,Sky-Zeng
23089,0,6,d33d33
23090,0,32,luanpontolio
23091,0,1,thiagolucio
23092,0,1,XikunZhang
23093,0,2,justkaran
23094,0,1,aekram43
23095,0,11,eduardo-melo
23096,0,2,hankso
23097,0,4,cjjuice
23098,0,5,JasonLinkinBright
23099,0,9,SauloSilva
23100,0,35,adityaladwa
23101,0,2,seanlim
23102,0,13,r0bl0rd
23103,0,1,jsyqrt
23104,0,4,jeffbass
23105,0,15,JulioCesarCeron
23106,0,15,matbesancon
23107,0,6,TamikoT
23108,0,101,liangfeidotme
23109,161,1,kylelol
23110,0,14,frenck
23111,0,16,theprivileges
23112,0,73,geekvijay
23113,0,2,forvoid
23114,0,5,roadman
23115,0,1,achrafkh
23116,0,1,VPManske
23117,0,1,ArnabRaxit
23118,0,6,AliKhan1990
23119,0,1,ruben69695
23120,0,16,MIFind
23121,0,10,sbimochan
23122,0,7,acareaga
23123,0,24,mpkuse
23124,0,11,damons
23125,0,10,afbora
23126,0,6,corneliouzbett
23127,0,27,necfol
23128,198,2,mrsupiri
23129,0,17,jthomas
23130,0,2,AlexYangLi
23131,0,6,bshahr
23132,0,6,Zettersten
23133,0,15,guan-wy
23134,0,11,danielbonifacio
23135,0,1,Inv0k3r
23136,0,7,Rouffi
23137,0,4,FredrikAugust
23138,0,4,kevinzeladacl
23139,0,3,gitaumoses4
23140,0,3,lfsimoes
23141,0,3,danigar
23142,0,3,leksa
23143,0,12,minamion
23144,0,26,smakosh
23145,0,1,Ritali
23146,0,1,sebcode
23147,0,20,YuheiNakasaka
23148,0,10,WisestCoder
23149,0,2,RobertLucian
23150,0,33,developer-sandip
23151,0,15,chuan92
23152,0,4,DamonOuyang
23153,0,44,huxiaoman7
23154,0,4,dandonahoe
23155,0,13,MlWoo
23156,0,8,jrutheiser
23157,0,9,sagark1510
23158,0,4,cod3rkane
23159,317,1,kckjn97
23160,0,22,pangolulu
23161,0,3,Tekyid237
23162,0,9,dziudek
23163,0,60,HackyRoot
23164,0,9,ds-hwang
23165,0,14,maxcnunes
23166,0,8,LeonardAukea
23167,0,23,garyelephant
23168,0,16,fanglinchen
23169,0,7,aboire
23170,0,5,simplenclean
23171,0,14,Huanghongru
23172,0,2,javyliu
23173,0,1,ridha
23174,0,44,rafaelangical
23175,0,3,roberto-slopez
23176,0,2,amandasaffer
23177,0,2,shaneapen
23178,0,20,musaprg
23179,0,5,Purelightme
23180,0,3,kyle-fox
23181,0,5,sud01oo
23182,0,5,CameronBanga
23183,0,14,MichaelKohler
23184,0,15,gabrieluizramos
23185,0,7,seonggukchoi
23186,0,4,gtracy
23187,0,1,luis-kaufmann-silva
23188,0,14,cperales
23189,0,12,hsorellana
23190,0,9,nuSapb
23191,0,9,lorceroth
23192,0,6,shikow
23193,0,25,laszlolm
23194,0,12,JianCheng
23195,0,5,muhzi4u
23196,0,3,jfranciscosousa
23197,0,32,lorey
23198,0,6,lluisrojass
23199,0,12,mychaelgo
23200,0,1,adamansky
23201,0,7,strawberryfg
23202,0,2,scutzhe
23203,0,2,cli53
23204,0,282,LendisFabri
23205,0,3,JiangFan6
23206,0,71,mikeckennedy
23207,0,7,daetal-us
23208,0,2,hnistzhou
23209,0,61,Thinking80s
23210,0,17,codesve
23211,0,3,kres0345
23212,0,9,rafaelbressan
23213,0,4,guiherzog
23214,0,9,YozhikM
23215,0,2,thierrygosselin
23216,0,12,gtopia
23217,0,11,ArthurAssuncao
23218,0,1,rahul1809
23219,0,18,phcostabh
23220,0,1,jayceefun
23221,0,9,alexzhang2015
23222,0,3,pablomdd
23223,0,8,anhari
23224,276,1,cyprienruffino
23225,0,13,Deerdev
23226,0,3,Umcaruje
23227,0,3,mesutcan
23228,0,83,FavioVazquez
23229,0,3,captnseagraves
23230,0,14,novotelituk
23231,0,2,RyanQu
23232,0,7,lastmjs
23233,0,46,raelmax
23234,0,1,ryanplasma
23235,0,3,carolvicente
23236,0,4,huailiang
23237,0,4,peterzhu2118
23238,0,1,snehasinghania
23239,0,10,inkerinmaa
23240,0,1,alejandrodgb
23241,0,2,majikarp
23242,0,28,huangming1994
23243,0,8,farmdawgnation
23244,0,3,Tahul
23245,0,3,Zarana-Parekh
23246,0,7,00imvj00
23247,0,16,ajcrites
23248,0,2,stallboy
23249,0,3,MD4
23250,0,16,danielinoa
23251,0,20,CruiseDevice
23252,0,5,techedlaksh
23253,0,9,gofaniyi
23254,0,2,Parakrant
23255,0,5,SidneyAllen
23256,0,4,AlbertLucianto
23257,0,1,beedaan
23258,0,3,abhas
23259,0,7,lan17
23260,0,1,WilliamHoltam
23261,0,52,nouraellm
23262,0,3,ben-mlr
23263,0,5,Kiuber
23264,0,47,alanerzhao
23265,0,1,schakko
23266,0,16,angrykoala
23267,0,92,jtauber
23268,0,7,ahtcfg24
23269,0,1,shug0
23270,0,13,thiagoalmeidasa
23271,0,93,kumar-shridhar
23272,0,12,HanderWei
23273,0,71,hiorws
23274,0,15,sixertoy
23275,0,8,SummerFans
23276,0,11,beshur
23277,0,52,emilianoeloi
23278,0,1,RedCarrottt
23279,0,9,2woongjae
23280,0,8,jjvein
23281,0,37,jrgifford
23282,0,1,kobezone
23283,0,25,Sanyam96
23284,0,5,liuqiyu
23285,0,3,hiyouga
23286,0,1,adampassey
23287,0,5,mgodwin
23288,0,3,JerryloveEmily
23289,0,1,Alexandre-cibot
23290,0,34,muwoo
23291,0,21,chengxxxxwang
23292,0,5,caleblawrence
23293,0,1,bctyh12345
23294,0,6,Devenet
23295,0,14,BaeSeulki
23296,0,1,oyww710
23297,0,72,luics
23298,0,3,jamesone
23299,0,10,pntrivedy
23300,0,19,renjie1996
23301,0,3,diegocasillas
23302,0,1,igalklebanov
23303,0,12,rejonpardenilla
23304,0,11,edublancas
23305,0,1,mccombs
23306,0,6,songdejia
23307,0,1,ZibanPirate
23308,0,9,ismailatkurt
23309,0,20,rand0me
23310,0,12,superbiger
23311,0,55,geminiwen
23312,0,3,paulplayer
23313,0,6,mariolucasdev
23314,0,8,JeremyFan
23315,0,9,hcchen
23316,0,14,lawler61
23317,0,13,shivayanbora123
23318,0,13,m80126colin
23319,0,4,kaisar420
23320,0,15,pcchou
23321,0,1,huytbt
23322,0,3,dongheehand
23323,0,7,Songkunda
23324,0,18,MarkWuNLP
23325,0,5,dpritchett
23326,0,10,iSWORD
23327,0,19,SamenYan
23328,0,7,FrancescoMgl
23329,0,45,Hopson97
23330,0,6,awnumar
23331,0,26,cenoura
23332,0,63,namin
23333,0,22,gencebay
23334,0,136,nolimits4web
23335,0,6,ZY2071
23336,0,8,satriajidam
23337,0,16,light-bringer
23338,0,1,aidistan
23339,0,21,pellizzetti
23340,0,3,robertovg
23341,209,1,nullality
23342,0,22,bchu
23343,0,6,gbrlcustodio
23344,0,58,danvitoriano
23345,0,5,sarangjo
23346,0,10,lrlucena
23347,0,10,christianesperar
23348,0,9,Spaxe
23349,0,20,mohsinulhaq
23350,0,1,FenHua
23351,0,4,doniexun
23352,0,17,lucasrocali
23353,0,33,akosiorek
23354,0,4,Michael-Tu
23355,0,4,ExcellentJR
23356,0,5,johnnypea
23357,0,2,kmsravindra
23358,0,8,hammadkhann
23359,0,3,ShengQiangLiu
23360,0,7,mfrohberg
23361,0,3,DearDhruv
23362,0,1,SyedAman
23363,0,14,mabasic
23364,0,6,samuelrbo
23365,0,1,giovagnoli
23366,0,48,Yousanflics
23367,0,2,Cuijie12358
23368,0,7,murilocosta
23369,0,27,dellsystem
23370,0,13,mcnuttandrew
23371,0,12,kenrick95
23372,0,36,MadhavBahlMD
23373,0,1,rasheedridwon
23374,0,5,danbernier
23375,0,4,rsweetland
23376,0,28,mostafa
23377,0,9,jiaoguowei
23378,166,1,SeaWar741
23379,0,14,pandeykartikey
23380,0,8,sdougbrown
23381,0,11,rustamwin
23382,0,21,guapier
23383,0,11,markshust
23384,0,12,ko1o
23385,0,42,AndrewUsher
23386,0,5,ZhennanQin
23387,0,2,nash403
23388,0,6,Ankushr785
23389,0,6,munkacsitomi
23390,0,4,alexventuraio
23391,0,4,coral
23392,0,6,niedzielski
23393,0,9,gugwad
23394,0,7,shotarok
23395,0,11,salilkapur
23396,0,3,millengustavo
23397,0,37,douxiaotian
23398,0,47,BrOrlandi
23399,0,12,realronchi
23400,0,53,fidelisrafael
23401,0,4,micahblu
23402,0,10,koverholt
23403,0,12,rainstormza
23404,0,4,gasparian
23405,0,16,luca85perez
23406,0,3,amorals-mtz
23407,0,14,Phineas
23408,0,17,Eccolala
23409,0,1,AngelaCPulido
23410,0,9,ivorscott
23411,0,67,emerleite
23412,0,9,gostkin
23413,0,2,krzywiecki
23414,0,19,happycrappie
23415,0,13,mr-ubik
23416,0,13,mithunsasidharan
23417,0,31,abelsu7
23418,0,2,AndrewAskins
23419,0,7,daidai21
23420,0,1,jemmrich
23421,0,30,jwu
23422,0,3,gps
23423,0,3,maximest-pierre
23424,0,14,ksasi
23425,0,1,happydemoney
23426,0,3,kamilml
23427,0,5,josete89
23428,0,3,Mr-Zer0
23429,0,23,alefesouza
23430,0,71,SumonMSelim
23431,0,36,Clivern
23432,0,1,SaifurRahmanMohsin
23433,0,49,laosb
23434,0,30,aagarwal1012
23435,0,1,Nitesh-Mishra
23436,0,31,taozywu
23437,0,1,joykuang
23438,0,33,ArunMichaelDsouza
23439,0,18,arandilopez
23440,0,6,leonarrd
23441,0,14,sabbir1991
23442,0,6,danasilver
23443,0,1,drewdotpro
23444,0,5,ogulcanucarsu
23445,0,1,cbsandeep10
23446,0,14,kesar
23447,0,2,kunalnagar
23448,0,1,gengruixu
23449,0,6,hm43
23450,0,16,Gagarinwjj
23451,0,36,shaan360
23452,0,1,caxenie
23453,0,27,ShubhamTatvamasi
23454,0,39,ludwigschubert
23455,0,8,renanpupin
23456,0,14,ozywuli
23457,0,5,pingali
23458,0,137,ahmgeek
23459,0,8,LeeJim
23460,0,11,AviAvni
23461,0,5,anurag-majumdar
23462,0,3,codyeatworld
23463,0,38,daviddarnes
23464,0,3,joaobiriba
23465,0,3,jessedijkstra
23466,0,1,JonyHM
23467,0,4,poncoe
23468,0,5,fahmi-idris
23469,0,14,FootballFan141
23470,0,10,b0nz
23471,0,46,TBlindaruk
23472,0,2,bastosjavier
23473,0,4,blackie1019
23474,0,2,steampilot
23475,0,2,kevinhassan
23476,0,1,franktopel
23477,0,5,cesarl
23478,0,8,daraselia
23479,0,10,sinAshish
23480,298,2,mhfu0
23481,0,2,mleong245
23482,0,3,saucxs
23483,0,1,ninesalt
23484,0,31,jas0ncn
23485,0,24,dragon-yuan
23486,0,1,diegomichell
23487,0,2,mavillan
23488,0,1,liufeng900204
23489,0,15,PDXIII
23490,0,24,riasvdv
23491,0,132,stolinski
23492,0,3,christianbegines
23493,0,11,huang5556019
23494,0,4,Palgie
23495,0,27,juanriaza
23496,0,5,leolassence
23497,0,2,ed-codes
23498,69,1,hwanyoungChoi
23499,0,1,chuangag
23500,0,1,hanzhi713
23501,0,25,maxheld83
23502,0,2,ilanvivanco
23503,0,4,WatsonWangZh
23504,0,4,davidkaufman
23505,0,3,lvanfretti
23506,0,21,qw4990
23507,0,1,jnm2
23508,0,6,tieorange
23509,0,6,Yiannistaos
23510,0,2,kevin-shu
23511,0,45,riteshhota2008
23512,0,1,shygiants
23513,0,33,duanhong169
23514,0,4,Kevinlearynet
23515,0,17,mengdu
23516,0,3,davidkhuu
23517,0,3,Manik9
23518,0,9,artemruts
23519,0,2,gopal-amlekar
23520,0,3,suvozit
23521,0,5,lznism
23522,0,3,FloatingGhost
23523,0,79,Cadene
23524,0,9,AD1024
23525,0,18,hgonlywj
23526,0,5,NicoJuicy
23527,0,26,leny
23528,0,18,ezrra
23529,0,21,mateuschaves
23530,0,3,leejw51
23531,0,5,dszkng
23532,0,6,robipresotto
23533,0,10,marcossegovia
23534,0,12,ZJUYH
23535,0,15,hanigamal
23536,0,17,jamiefolsom
23537,0,5,pipopotamasu
23538,0,1,leomccormack
23539,0,19,luizpicolo
23540,0,3,ankitjaadoo
23541,0,57,simonmysun
23542,0,8,shinework
23543,0,6,anlin-yang
23544,0,18,perteraul
23545,0,1,armanzhol
23546,0,1,datracka
23547,0,24,Han-Ya-Jun
23548,0,2,iamzken
23549,0,8,TimothyBJacobs
23550,0,16,pwfee
23551,0,11,nickedes
23552,0,4,Jasonandy
23553,0,3,ilioner
23554,0,1,RaihanStark
23555,0,104,sunnysinghnitb
23556,0,10,Setsun
23557,0,4,lucaslvs
23558,0,12,jedie
23559,0,8,kajal-puri
23560,0,9,bunseokbot
23561,0,1,natarajan1993
23562,0,4,mdumrauf
23563,0,13,foreverjiangting
23564,0,3,jakobbuis
23565,0,22,jaywon
23566,0,7,WenchaoDing
23567,0,16,cesarcosta99
23568,0,1,beihaifusang
23569,0,10,lvshuang
23570,0,3,jmsherry
23571,0,15,MohammadHeydari
23572,309,2,hsl947
23573,0,3,sirbully
23574,0,11,StevenShi-23
23575,0,11,mapleincode
23576,0,309,jaywcjlove
23577,0,9,Ujwal2910
23578,0,20,taylor840326
23579,0,4,owt5008137
23580,0,12,Foluwa
23581,0,4,kevinongko
23582,0,19,asvd
23583,0,21,ruiming
23584,0,11,betososa
23585,0,4,lucasosuza
23586,0,12,dbrock
23587,0,5,AAorris
23588,0,21,breath103
23589,0,967,antirez
23590,0,5,cbenz
23591,0,12,ashsmith
23592,0,8,apleroy
23593,0,25,LogIN-
23594,0,1,atrotter0
23595,0,5,ShrinkLynn
23596,0,13,jroliveira
23597,0,1,marianzange
23598,0,16,arnellebalane
23599,0,1,TheWildBlue
23600,0,3,reoim
23601,0,2,ErkanBasar
23602,0,1,mattboler
23603,0,1,raurir
23604,0,54,NiiMER
23605,0,3,samtgarson
23606,0,30,bsclifton
23607,0,2,AdaJass
23608,0,2,ethanlmx
23609,0,13,kayzhao
23610,0,4,ZhuFengdaaa
23611,188,2,gtugablue
23612,0,1,muhammadsasmito
23613,308,2,freakanth
23614,0,6,guilsa
23615,0,2,bhgomes
23616,0,17,izabelacborges
23617,0,50,prahaladbelavadi
23618,0,2,pyrou
23619,0,11,arnaldorusso
23620,0,28,Navneet-Suresh
23621,0,8,acdemiralp
23622,0,2,Yansera
23623,0,9,laziestcoder
23624,0,14,drenther
23625,334,1,Chocksy
23626,0,3,steffex
23627,0,5,heshenghuan
23628,0,7,picasso250
23629,0,61,seungwonpark
23630,0,2,faridsh69
23631,0,57,janryWang
23632,0,1,GodMoonGoodman
23633,0,6,alexander-lazarov
23634,0,2,SoumyadeepJana
23635,0,1,manojm18
23636,0,1,lee2430
23637,0,2,notwhy
23638,0,6,suyingtao
23639,0,15,Hangeer
23640,0,12,andy0130tw
23641,0,13,mistic100
23642,0,16,hridaydutta123
23643,0,10,AndrewJHart
23644,0,10,MrOhyang
23645,0,1,prokia
23646,0,23,pvgomes
23647,0,12,AgarwalPragy
23648,0,14,aikin
23649,0,17,tbekolay
23650,0,4,kunal-mandalia
23651,0,16,tiagopog
23652,0,1,loneavon
23653,0,1,thaer899
23654,0,11,msteckyefantis
23655,0,1,jermartin77
23656,70,1,khamer
23657,0,2,rmeja
23658,0,1,karelpan
23659,0,3,inyono
23660,0,3,profmcdan
23661,0,1,thomasrorystone
23662,0,1,ctarver
23663,0,5,guchongxi
23664,0,785,kamranahmedse
23665,0,10,damienlethiec
23666,0,3,norpadon
23667,0,11,fo0ol
23668,0,43,10Macit
23669,0,6,sunnyBob
23670,0,16,patrickfuller
23671,0,2,luisvid
23672,0,3,okibeogezi
23673,0,12,chenhg5
23674,0,1,mphelp
23675,0,4,sirvar
23676,0,25,evantre
23677,0,7,songkaiape
23678,0,3,tangyang8942
23679,0,5,halis
23680,0,2,patrick-narciso
23681,0,7,sholsinger
23682,0,5,rahuls321
23683,0,4,paulstewart
23684,0,20,ichiki
23685,0,6,chncwang
23686,0,1,jerryladoo
23687,0,3,TomIsion
23688,0,7,RafaelPlantard
23689,0,1,lwood54
23690,0,14,iShawnWang
23691,0,14,VernonVan
23692,0,26,anshul3899
23693,0,1,jawest
23694,0,59,mingrui
23695,0,15,Geoion
23696,0,6,peterzheng98
23697,0,2,jmbataller
23698,0,6,jendowns
23699,0,6,piseysen
23700,0,3,JosueDanielBust
23701,0,4,rickydazla
23702,0,6,jaimejrios
23703,0,3,juanrossi
23704,0,11,flyyi
23705,335,1,nanduriprabhakar
23706,0,16,ae6623
23707,0,31,aritropaul
23708,0,36,kevalpatel2106
23709,0,5,huebs
23710,0,2,YuanboBQ
23711,0,8,samphilipd
23712,0,1,ridvank
23713,0,3,mi546870961
23714,0,46,rwson
23715,0,2,swifttao
23716,0,15,rozzzly
23717,0,11,casutton
23718,0,9,cnsaturn
23719,0,1,ian-rudge
23720,0,1,chkrishnadheeraj
23721,0,2,martiuh
23722,0,8,marvinhosea
23723,0,2,KMarkert
23724,0,26,JesseRWeigel
23725,0,13,nhomar
23726,0,7,DonPage
23727,0,5,rizkimufti
23728,0,6,sankhadeeproy007
23729,236,2,LiyaoJiang1998
23730,0,3,Saran-nns
23731,0,3,tangyin
23732,0,9,haozhongli
23733,0,4,codeandrew
23734,0,1,JamieVaughn
23735,0,6,flyhuang
23736,248,1,david-mcafee
23737,0,1,ramlev
23738,0,9,davegamez
23739,0,7,shaunbent
23740,0,44,chriddyp
23741,0,21,sadikaya
23742,0,6,OzgunOzdemir
23743,0,6,petersunbag
23744,0,14,nerr
23745,0,4,Fayadh56
23746,0,8,hstove
23747,0,6,edgeq
23748,0,4,maciejmatu
23749,0,2,jdickey
23750,0,30,suyanlong
23751,0,9,Gnimuc
23752,0,48,Ordosbxy
23753,0,5,ivantha
23754,0,4,Blssel
23755,0,15,robertcoopercode
23756,0,1,matthewfortier
23757,0,7,senwa
23758,0,2,aupendu
23759,0,8,Haeresis
23760,0,19,mrfoto
23761,0,3,mirocody
23762,0,10,jan-molak
23763,0,8,ImgBotApp
23764,0,146,Lysandroc
23765,0,14,coconilu
23766,0,3,minademian
23767,0,116,JerryC8080
23768,0,1,amirdeljouyi
23769,0,2,Kaushalop
23770,0,7,k3v1nd315
23771,0,2,GanadiniAkshay
23772,0,1,j-pong
23773,0,7,sagarnasit
23774,0,17,liebeskind
23775,0,10,luojianet
23776,0,2,eroispaziali
23777,0,17,kastnerorz
23778,0,13,avdeev
23779,0,5,SnoozeZ
23780,0,12,AedDev
23781,0,24,Leop0ld
23782,0,2,FortiSTray
23783,0,78,kachayev
23784,0,3,ivanp
23785,0,3,juananruiz
23786,0,7,jozhi
23787,0,3,m-deck
23788,0,14,CasualJi
23789,0,38,sebinsua
23790,0,14,psanders
23791,0,26,aesqe
23792,0,6,CHELSEA234
23793,0,92,adiloztaser
23794,0,4,johson
23795,0,3,AlbertBrand
23796,0,6,bergercookie
23797,0,3,Alessandra-Nastassja
23798,0,33,csrgxtu
23799,0,7,monroy95
23800,0,9,AllenGu93
23801,0,1,sherakama
23802,0,7,MrTreasure
23803,0,1,James9074
23804,0,6,danschultz
23805,0,1,jducrot
23806,0,3,Saneyan
23807,0,11,chengquan223
23808,0,26,akanimax
23809,0,3,danilomiranda
23810,0,19,bianpratama
23811,0,1,aerobless
23812,0,2,EivindArvesen
23813,0,2,mayank-git-hub
23814,0,38,batuhan
23815,0,11,cosmicbuffalo
23816,0,41,nelsera
23817,0,25,Sino0904
23818,0,164,madeye
23819,0,3,faizalzakaria
23820,0,1,canhnm
23821,0,2,objectorientedperson
23822,0,26,eugeneiiim
23823,0,7,adampatterson
23824,0,3,MarlonRaphael
23825,0,2,laurin1
23826,0,7,microcipcip
23827,287,1,JinkiJung
23828,0,6,lix059
23829,0,7,Landish
23830,0,34,778477
23831,0,1,edensummer
23832,0,3,giautm
23833,0,23,jens1o
23834,0,22,Maru-zhang
23835,0,2,andrewdazs
23836,0,18,amenadiel
23837,0,188,airyland
23838,0,576,ai
23839,0,5,WebCodeFarmer
23840,0,31,jedahan
23841,0,1,adamjstewart
23842,0,7,nickysemenza
23843,0,1,puradox
23844,0,6,laminbarrow
23845,0,8,amiraliamhh
23846,0,3,lit520
23847,0,6,roamiri
23848,0,1,Skwai
23849,0,1,dosman711
23850,0,54,sunyongjian
23851,0,4,danielpuglisi
23852,0,2,aebarber
23853,0,13,stekhn
23854,0,10,gertig
23855,0,3,houd1ni
23856,0,37,ikrum
23857,0,9,mzubairsaleem
23858,0,6,WayneDW
23859,0,3,romeovs
23860,0,3,Jeromche
23861,0,2,shandley
23862,0,6,AntoineTurmel
23863,0,9,mifi
23864,0,3,martinlemahieu
23865,0,7,Leocardoso94
23866,0,10,mkykode
23867,0,4,lifeart
23868,0,4,ilyankou
23869,0,1,timdeng2324
23870,93,2,ferencberes
23871,0,12,jdjkelly
23872,0,3,pedropapa
23873,0,1,douglasrocha
23874,0,2,khanhdang
23875,63,2,UpsetPelican
23876,0,3,breeze2
23877,0,7,dreamway
23878,0,8,bcarvalho89
23879,0,79,rain1024
23880,0,15,YaKaiLi
23881,0,199,collizo4sky
23882,0,3,AdrienPoupa
23883,0,3,SamirBoulil
23884,0,1,kisimple
23885,0,3,littlemonster00
23886,0,1,sasconsul
23887,0,4,hsakas
23888,0,4,MichielStock
23889,0,5,iHelin
23890,0,22,puranjayjain
23891,0,4,itosho
23892,0,13,gjyoung1974
23893,0,2,thuzhaowang
23894,0,3,needle-wang
23895,0,25,sabativi
23896,0,4,Mohsens22
23897,0,12,amay077
23898,0,4,cmfcmf
23899,0,18,ivankravets
23900,286,2,fradeve
23901,0,31,nipunbatra
23902,0,3,ideaguy3d
23903,0,39,HazemKhaled
23904,0,3,mexiQQ
23905,0,29,EULIR
23906,0,20,liufengyun
23907,0,28,annakrystalli
23908,0,10,fabiomirandaa
23909,0,28,HeminWon
23910,0,1,necosta
23911,0,4,ethanmick
23912,0,2,boguan
23913,0,13,khawajafarooq
23914,0,22,apuayush
23915,0,4,akaziuna
23916,0,36,jithurjacob
23917,0,8,gau1991
23918,0,2,luisriverag
23919,0,27,mikker
23920,0,2,sooheang
23921,0,1,szymonzakiewicz
23922,0,32,ssx
23923,0,3,shanematte
23924,0,7,regniblod
23925,0,6,angelfan
23926,0,2,Yumonra07
23927,0,4,jaidTw
23928,0,3,metalaman
23929,0,5,codepotato
23930,0,4,amomorning
23931,0,1,itsfk
23932,0,53,codeskyblue
23933,0,5,heyfletch
23934,0,1,avdeveloper
23935,0,7,mingslife
23936,0,9,rucuriousyet
23937,0,13,luisbalru
23938,0,11,halil
23939,0,2,ghal
23940,0,3,liuzhengwei127
23941,0,9,brodriguezs
23942,0,31,Free-Yd
23943,0,2,nigamarpit
23944,0,4,beyazitkolemen
23945,0,8,nrbernard
23946,0,1,CLOUGH
23947,0,2,TMJones
23948,0,1,basharbme
23949,0,6,chikaobuah
23950,0,3,shellshock1911
23951,0,1,aflaisler
23952,0,2,bbenefield89
23953,0,7,lucdandrel
23954,0,22,rafinskipg
23955,0,8,soldatjiang
23956,0,8,nandesh553
23957,0,1,luismec90
23958,0,116,Brooooooklyn
23959,0,2,jacebot
23960,0,1,MasoudBimar
23961,0,14,mhink
23962,0,2,minoritea
23963,0,5,ric9176
23964,0,14,jasebell
23965,0,4,CarlColglazier
23966,0,1,sharvilak11
23967,0,1,MichaelDao
23968,0,1,MarbilleJuntado
23969,0,1,filipepratalima
23970,0,56,oarriaga
23971,0,5,jankal
23972,0,66,emilbayes
23973,0,103,iSuperMostafa
23974,0,3,smalloranges
23975,0,6,chronakazi
23976,0,2,gismatthew
23977,0,32,airtoxin
23978,0,43,italojs
23979,0,4,life2015
23980,0,5,brunoalano
23981,0,6,osule
23982,0,1,sergiofruto
23983,0,25,Lascorbe
23984,0,2,gbrvalerio
23985,0,7,hiimtaylorjones
23986,0,5,stoutlabs
23987,0,15,luizperes
23988,0,28,behram
23989,0,1,jlil
23990,0,7,schuhschuh
23991,0,51,KevinOfNeu
23992,0,6,matteusbarbosa
23993,0,5,samuelgrigolato
23994,0,4,tangdai0228
23995,0,6,Gioni06
23996,0,2,ankmathur96
23997,0,5,soumik12345
23998,0,47,emilyemorehouse
23999,0,25,plasticine
24000,0,26,brunocroh
24001,0,7,danschultzer
24002,0,5,Tushar2179
24003,0,1,liangjz92
24004,0,4,raindev
24005,311,2,ahmadyan
24006,0,1,orachide
24007,0,2,fallen90
24008,0,24,ilatif
24009,0,5,Athul-CA
24010,0,100,ktquez
24011,0,6,rtanmay
24012,0,2,mlosz
24013,0,7,jasonpa
24014,0,1,Alserda
24015,0,2,henryscala
24016,0,16,dannyrb
24017,0,1,ratulKabir
24018,0,3,AcriCAA
24019,0,5,daichao1997
24020,0,10,ripplek
24021,0,10,kasakui
24022,0,1,prashanta
24023,0,3,leeyufreeman
24024,0,26,jlewi
24025,0,1,dbdean
24026,0,2,LeeeeoLiu
24027,0,6,etozzato
24028,0,3,basilmeer
24029,0,3,abshinn
24030,0,12,pradeepgangwar
24031,0,2,mechanyx
24032,0,13,kpulkit29
24033,0,6,DavidAntaramian
24034,0,3,OctavianLee
24035,0,3,JeanPerriault
24036,0,2,patrickford
24037,0,1,JonasAmrich
24038,0,1,18292843691
24039,0,12,ricardovsilva
24040,0,44,svett
24041,0,3,Avanish42
24042,0,1,luduvigo
24043,0,1,brukhabtu
24044,0,12,sideshowcoder
24045,0,2,madrisan
24046,0,5,meddle0x53
24047,0,3,nickmancol
24048,0,12,benatespina
24049,0,147,dwqs
24050,0,2,caimagic
24051,0,9,ayimdomnic
24052,0,9,Sukura7
24053,0,16,aep
24054,0,7,EggUncle
24055,0,3,marinsalinas
24056,0,1,FuMengAtDJ
24057,0,2,ondc
24058,0,4,frebro
24059,0,22,kdeldycke
24060,0,5,sharynneazhar
24061,0,22,ethanhs
24062,0,2,q2amarket
24063,0,2,louistsaitszho
24064,0,3,davemedema
24065,0,7,edersign
24066,0,1,mrb0y
24067,0,25,fujohnwang
24068,0,10,jiaoguanwen
24069,0,4,memob0x
24070,0,9,sanddudu
24071,0,4,elertan
24072,0,26,1fabiopereira
24073,0,23,chaoskyme
24074,0,7,qixiaobo
24075,0,18,mbernson
24076,0,5,YWD
24077,0,4,roustem
24078,0,3,hellosee
24079,0,1,Qeneke
24080,0,1,Nagakiran1
24081,0,3,ankitamasand
24082,0,8,mdunbavan
24083,0,1,pablo-moreno
24084,0,44,HazemNoor
24085,0,19,realXuJiang
24086,186,2,pontusps
24087,0,2,dotmh
24088,0,6,amirbar
24089,0,10,Cyw1104
24090,0,3,SubjectNoi
24091,0,2,jmduarte
24092,0,5,KiemNguyen
24093,0,1,ktabori
24094,0,3,dubin555
24095,0,2,debo93
24096,0,3,prasadmudedla
24097,0,4,mtrovilho
24098,0,1,kvaps
24099,58,2,daipengwa
24100,0,2,fliptation
24101,0,1,ryandoll
24102,0,12,igorkosta
24103,0,1,dchatry
24104,0,6,degouville
24105,0,8,bretanac93
24106,342,2,fishdda
24107,0,1,szepczynski
24108,0,9,oshri
24109,0,5,liuyihan
24110,0,6,Zeyad-37
24111,0,18,chankeh
24112,0,2,klimashkin
24113,0,13,MightyRevenge
24114,0,11,jcutrell
24115,0,7,makitsune
24116,0,11,JRetza
24117,0,2,rclilly
24118,0,4,cool-acid
24119,0,4,elieteyssedou
24120,0,18,Jack-Valentine
24121,0,2,pdhoopr
24122,0,3,shresthasudil
24123,0,4,pedroGermano
24124,0,14,0xhiroki
24125,0,13,cagataygurturk
24126,0,5,jahangircsebuet
24127,0,1,aj-may
24128,0,34,berkaybeyaz1
24129,0,25,etcinit
24130,0,68,OXOYO
24131,0,53,dutianbo
24132,336,2,jmdvinodjmd
24133,0,94,dotcypress
24134,0,5,Jerryzcn
24135,0,1,pawarvijay
24136,0,8,tangzhirong
24137,0,5,jbwashington
24138,0,3,denis-kalinichenko
24139,0,34,allanfish
24140,0,24,mickaelandrieu
24141,0,2,ravelab
24142,0,9,scottux
24143,0,4,JoeyBurzynski
24144,0,3,solydzajs
24145,0,2,TBWISK
24146,0,11,importpy
24147,0,2,ApurvaHari
24148,0,1,Wern-rm
24149,0,4,ryanewing
24150,0,4,StephanieSpanjian
24151,0,6,philolo1
24152,0,2,robin-98
24153,0,32,leouieda
24154,0,1,saman-aghazadeh
24155,0,29,imaculate
24156,0,1,gmichaeljaison
24157,0,4,shnizzedy
24158,0,4,liao961120
24159,0,11,SrVieira
24160,0,15,rojaswilmer
24161,0,83,Jhongesell
24162,0,41,takwas
24163,0,6,Mag1cPanda
24164,0,6,ozoli
24165,0,2,1994crazyboy
24166,0,12,igorgolovanov
24167,0,1,Joshi-Harsh
24168,0,5,ppazos
24169,0,3,littletomatodonkey
24170,58,1,sklf
24171,0,10,longting
24172,0,2,cansolve
24173,0,29,Booligoosh
24174,0,2,maciejcieslar
24175,0,30,dougtq
24176,0,1,milankarunarathne
24177,0,3,cmateusmoraes
24178,0,5,Andesome
24179,0,7,jothiprakash
24180,0,6,akhwan90
24181,0,60,solderjs
24182,0,1,theogravity
24183,0,4,ptoraskar
24184,0,18,chshersh
24185,0,22,funnycoderstar
24186,0,10,sonichandni
24187,0,2,itrestian
24188,0,2,chengbo
24189,0,2,satblip
24190,0,3,marccoll
24191,0,2,GWYloved
24192,0,24,karolmajek
24193,0,2,RossKen
24194,0,9,Microshaoft
24195,0,6,brennebeck
24196,0,2,coox
24197,0,56,Laymer
24198,0,2,salavert
24199,0,11,holtenko
24200,0,2,alemarcha
24201,0,9,jedrichards
24202,0,5,shiye515
24203,0,1,lxidea
24204,0,3,Ruins7
24205,0,12,ragavvenkatesan
24206,0,1,amitkoth
24207,0,265,netspencer
24208,0,3,MatheusMK3
24209,0,18,BichengLUO
24210,0,4,robobenklein
24211,232,2,JorgenVatle
24212,0,15,mateuszmalinowski
24213,0,2,leonardoandrade
24214,0,1,KunalGautam
24215,0,6,klinkin
24216,0,7,PeterConchaR
24217,0,4,JosephChenHub
24218,0,4,avuenja
24219,0,1,gsw85
24220,0,17,dpolychr
24221,0,8,jerkjoe
24222,0,5,disillusion028
24223,105,3,hakuturu583
24224,0,1,aandresortiz
24225,0,76,manishmarahatta
24226,0,10,fortyMiles
24227,0,3,soroushhashemifar
24228,0,4,Jokeren
24229,0,4,jschroed91
24230,0,3,dwarandae
24231,0,8,JLLeitschuh
24232,0,15,jacsonsantos
24233,0,29,jamfly
24234,0,2,aturingmachine
24235,0,1,lmego
24236,0,8,gutsy-robot
24237,0,10,jjeffcaii
24238,0,3,tecpromotion
24239,0,6,alanderex
24240,0,2,jstanden
24241,0,3,davendw49
24242,0,2,Zenine
24243,0,6,nakulgulati
24244,0,10,juancuiule
24245,0,5,gauravgupta123
24246,0,2,mkopcic
24247,0,2,Decrain
24248,0,1,jigardafda
24249,0,5,songguangyu
24250,0,8,lookquad
24251,0,2,timothyjellison
24252,0,6,mstg
24253,0,7,ajaya
24254,0,5,Khukhunashvili
24255,0,2,mick-io
24256,0,8,shakeelmohamed
24257,0,5,StephenGaoFE
24258,0,6,DHEERAJ264
24259,0,10,emmajam
24260,163,4,mucill
24261,0,7,batiron
24262,0,8,azishapidin
24263,0,2,kjellberg
24264,0,16,dezren39
24265,0,3,Jianglinyuan
24266,0,6,ibosong
24267,0,8,jacobj
24268,0,17,CrabDude
24269,0,4,carloslozano
24270,0,18,bordoni
24271,0,3,kirtangajjar
24272,0,10,nickbuddendotcom
24273,0,7,Ollynov
24274,0,21,ellessenne
24275,0,5,thekavish
24276,0,10,noparkinghere
24277,0,6,MayukhSobo
24278,0,2,luyizhou4
24279,0,13,imsus
24280,0,22,neworldwebsites
24281,0,1,kenshin579
24282,0,2,avosalmon
24283,0,31,saadq
24284,0,4,Ankur-Jat
24285,0,1,qdtiger
24286,0,9,smikhalevski
24287,7,1,jboes
24288,0,1,taylorturneriv
24289,0,2,FL4TLiN3
24290,0,45,rssilva
24291,0,33,hyb628
24292,0,2,manoelangelo
24293,0,26,markroxor
24294,0,18,erhnby
24295,0,3,jonnybarnes
24296,0,3,knbdtu
24297,0,1,riedel
24298,0,2,MattCzerner
24299,0,25,ThadeuLuz
24300,0,2,jbors
24301,0,1,ch957869975
24302,0,21,jobsamuel
24303,0,4,rudelafuente
24304,0,7,sivang
24305,0,3,ricardobarroslourenco
24306,0,9,redbyzan
24307,0,3,johnnywell
24308,0,5,luozhouyang
24309,0,4,FarhadHP
24310,0,1,BigSweet
24311,0,7,luizotcarvalho
24312,0,1,Rinacm
24313,0,5,philipdowner
24314,0,3,gefangshuai
24315,0,12,maulikmmodi
24316,0,1,concept-inversion
24317,0,6,amulya349
24318,0,3,thedanzor
24319,0,14,Jiiiiiin
24320,0,1,brionmario
24321,0,12,corpsee
24322,0,3,abejide001
24323,271,2,nsxsoft
24324,0,6,gerrit
24325,0,1,annez
24326,0,7,caibaohua
24327,0,1,tiagocoutinho
24328,0,1,AlexRedfield
24329,0,4,jay16213
24330,0,1,naveenvignesh5
24331,0,31,digenaldo
24332,0,1,MateusVeloso
24333,0,52,merin83
24334,0,36,auvipy
24335,0,3,choznerol
24336,0,59,hacktivist123
24337,0,4,francescofiori
24338,0,14,HeLiangHIT
24339,0,61,andrewrcollins
24340,0,1,kartik144
24341,0,39,dformoso
24342,0,5,ZSShen
24343,0,59,leungwensen
24344,0,2,Error323
24345,0,13,iamstevendao
24346,0,22,redsquirrel
24347,0,162,ibmcuijunluke
24348,0,14,rafaelvicio
24349,0,13,nicklusk
24350,0,121,mazipan
24351,0,53,spmaniato
24352,0,12,guzhenping
24353,0,8,csrobinson86
24354,0,8,sagar290
24355,0,3,necheporenko
24356,0,6,gunjan5
24357,0,1,jittakal
24358,0,4,hgpvision
24359,0,3,iteratorlee
24360,0,8,davidedonattini
24361,0,6,joshi-mehul
24362,0,33,bolshchikov
24363,0,59,spillai
24364,0,6,AlejandroMataGuillen
24365,0,5,ilewseu
24366,0,1,aehyok
24367,0,13,TurtleZhong
24368,0,4,alishalisha
24369,0,6,sirfoga
24370,0,4,chongg039
24371,0,2,jacksinn
24372,0,8,swalpa
24373,0,4,Crashthatch
24374,0,4,isthisnagee
24375,0,4,FernandaSzAdr
24376,0,68,aral
24377,0,8,SepehrAkhavan
24378,0,3,gpuente
24379,0,1,soulik
24380,0,1,rohitcoder
24381,0,1,davidsolorzano20
24382,0,22,aviflombaum
24383,0,1,mauriciofragajr
24384,0,5,Shervanator
24385,0,12,TabCen
24386,0,6,alesdotio
24387,0,17,dajobe
24388,0,5,alexisabril
24389,121,1,YuYang0724
24390,0,18,FindHao
24391,0,6,proteneer
24392,0,2,okayjeffrey
24393,0,1,landsurveyorsunited
24394,0,3,rasyadh
24395,0,45,S1ngS1ng
24396,0,6,s-schumann
24397,0,7,HansOspina
24398,0,3,nakulbharuka
24399,0,2,JonghunYu
24400,0,9,rismay
24401,0,2,luventa
24402,0,129,BinaryMuse
24403,0,4,fabioluciano
24404,0,4,scottfontenot
24405,0,5,Scrocrix
24406,0,1,prafiles
24407,0,2,beeva-ricardoguerrero
24408,0,7,alxolr
24409,0,20,Andiedie
24410,0,6,DoctorCotic
24411,0,4,kunci115
24412,0,3,bedrin
24413,0,3,byrantwithyou
24414,19,2,HRDVV
24415,0,5,jiajudu
24416,0,44,bosunolanrewaju
24417,0,11,keydunov
24418,0,3,Piyush-Pragyan
24419,0,56,Amin52J
24420,0,16,ma3tk
24421,0,8,safaksaylam
24422,0,5,dAAAb
24423,0,2,BeckDevil
24424,0,5,julytang
24425,0,6,anirbanroydas
24426,0,4,nushydude
24427,222,2,rsavajiyani
24428,0,4,mahata
24429,0,2,marwanad
24430,0,6,liyanan0904
24431,0,31,denfromufa
24432,0,10,RatulGhosh
24433,0,3,tanigon
24434,0,1,arezk84
24435,326,2,IrvingZha0
24436,0,4,cauerego
24437,0,4,R-anybbo
24438,0,7,godlessturtle
24439,0,2,lanceguyatt
24440,0,4,nicgirault
24441,0,1,stasgavrylov
24442,0,13,sitefeng
24443,0,2,nathanshammah
24444,0,8,sychaichangkun
24445,0,4,bensochar
24446,0,1,94007boy
24447,0,19,ligurio
24448,0,16,KarovInal
24449,0,14,Gujarats
24450,0,2,serabiasin
24451,0,4,MutterPedro
24452,0,2,arunkp
24453,0,5,maclof
24454,0,7,hewenning
24455,0,3,hegazy
24456,0,38,lupomontero
24457,0,2,ariestav
24458,0,5,tcyfree
24459,0,12,KanteLabs
24460,0,67,theKashey
24461,0,7,kennybatista
24462,0,3,syjdev
24463,0,9,infojunkie
24464,0,3,curbsidevasily
24465,0,13,SSARCandy
24466,0,4,nicolocarpignoli
24467,0,57,brycebaril
24468,0,6,HaraldNordgren
24469,0,6,momamene
24470,0,6,ehsansouri23
24471,0,17,ruijun
24472,0,4,omartawba1
24473,0,165,danqi
24474,0,1,italolourenco
24475,0,1,nuruzzaman
24476,0,6,mcclowes
24477,0,6,ingiulio
24478,0,19,icyphox
24479,0,12,Universeyi
24480,0,16,pedrro
24481,0,23,johannilsson
24482,0,7,shajun
24483,0,1,gongxia20
24484,0,4,LauraLaureus
24485,0,21,Comandeer
24486,0,1,CanRau
24487,0,4,ShilinHe
24488,0,10,dezhizhang
24489,0,2,ciceropablo
24490,0,17,godruoyi
24491,0,4,joeellis
24492,0,1,BrunoFenzl
24493,0,1,ernestom
24494,0,8,MaheKarim
24495,0,2,bb9696aa
24496,0,16,cevio
24497,0,1,Lucien-X
24498,0,16,Tiankui
24499,0,155,dexteryy
24500,0,1,ashwinkshenoy
24501,0,6,mpiplani
24502,0,13,buschtoens
24503,0,6,bchavez
24504,0,4,jongwony
24505,0,4,VinsonWood
24506,0,10,elliotekj
24507,0,2,juampick
24508,0,8,jrevillas
24509,0,6,ranaozcan
24510,0,12,gpupo
24511,0,16,darongE
24512,0,4,marshallford
24513,0,1,godbout
24514,0,64,jo0ger
24515,0,5,irony
24516,0,3,b12f
24517,0,1,sauryfish
24518,0,1,gentlerainsky
24519,0,34,lomanyong
24520,0,4,Yubin
24521,0,23,rockyou9000
24522,0,1,sgavathe
24523,0,2,caburj
24524,0,8,liuquan2049
24525,0,11,Frank1e0927
24526,0,2,mxplusb
24527,0,2,0elo
24528,0,5,ernsheong
24529,0,6,Beyyes
24530,0,1,MitkoTschimev
24531,0,10,jaspershen
24532,0,22,hanmag
24533,0,5,lucianocarvalho
24534,0,11,jcarva
24535,0,2,arjithn
24536,0,5,maxlevesque
24537,0,31,cjwilburn
24538,0,29,f0ntana
24539,0,1,sarjon
24540,0,2,sparker888
24541,0,18,mittsh
24542,0,1,NorihiroNakaoka
24543,0,21,robotpilot
24544,0,1,allenbyerly
24545,0,88,lhcgoncalves
24546,0,18,Eqistyre
24547,0,4,basilbeltran
24548,0,6,gitslagga
24549,338,1,abhishekpopli
24550,0,16,boyander
24551,0,3,GreatWizard
24552,0,27,Piashsarker
24553,0,1,kzhrk
24554,0,2,boraseoksoon
24555,0,6,seunogunmola
24556,0,48,alvarlaigna
24557,0,33,dnbarron
24558,0,4,K-Jo
24559,0,10,kyontan
24560,0,26,fighting41love
24561,0,53,j4mie
24562,0,6,AeroCross
24563,0,13,hereisnaman
24564,0,2,Kajiyu
24565,0,6,merbst
24566,0,3,markwhiting
24567,0,10,leonardovillela
24568,0,107,arvindarvee
24569,0,5,single9
24570,0,3,PaulRosset
24571,0,2,kevinz
24572,0,122,remirobert
24573,0,5,cristhianleonli
24574,0,128,iammert
24575,0,1,rahulbhadani
24576,0,1,kikofernandez
24577,0,10,lewisgoddard
24578,0,4,lynnic26
24579,0,3,hammourihab
24580,0,13,Crease29
24581,0,33,MegaByte875
24582,0,7,ColinLeverger
24583,0,12,hiraksarkar
24584,0,7,terasum
24585,0,2,ccastleberry
24586,0,3,psanyal
24587,0,30,jeasonstudio
24588,0,5,sujilnt
24589,0,11,surmrf
24590,0,7,sh7dm
24591,0,1,biokcb
24592,0,1,jackerjay
24593,0,83,nesquena
24594,0,1,soulso
24595,0,32,ikhsanalatsary
24596,0,5,johnewart
24597,0,3,hzqiuxm
24598,0,14,moepoi
24599,0,26,liuwons
24600,0,6,lixiaoyu
24601,0,1,mattlo
24602,0,21,bxm0927
24603,0,5,ftripier
24604,0,3,4artit
24605,0,21,jbixon13
24606,0,4,binakot
24607,0,17,jvcjunior
24608,0,1,bhanuone
24609,0,85,billgo
24610,0,7,stephenmelrose
24611,0,1,NiZerin
24612,0,19,rohittiwarirvt
24613,0,2,bfleal
24614,0,11,pciapcib
24615,0,23,shahzadthathal
24616,0,42,adamchainz
24617,0,3,CristianFelix
24618,0,17,simbathesailor
24619,0,2,Leohc92
24620,0,1,bash-horatio
24621,0,3,mrbrianhobo
24622,0,5,longxdragon
24623,0,7,Yiluo-pHoton
24624,0,4,lrenhrda
24625,0,7,anweiss
24626,0,1,anasmoin
24627,0,8,evaldobarbosa
24628,0,4,fulvi0
24629,0,1,pivstone
24630,0,10,martin-prillard
24631,0,3,MohamedGamil
24632,0,8,sbouaked
24633,0,19,benjioh5
24634,0,1,Blank-Wang
24635,0,40,RayZhao1998
24636,0,1,navinthenapster
24637,0,2,nzatsepilov
24638,66,2,huangleiBuaa
24639,0,3,dimitri-yatsenko
24640,0,6,Luitame
24641,0,1,YaohuiHou
24642,0,5,jaroslav-kubicek
24643,0,14,ans-4175
24644,0,11,geekforbrains
24645,0,22,sudoliyang
24646,0,2,arsa994
24647,0,8,dengal3
24648,0,10,huchuanping
24649,0,39,RyanZHe
24650,0,3,reginabattle
24651,0,4,johnbocook
24652,0,3,DanielTheGeek
24653,0,1,adelonzeta
24654,0,8,jgrana
24655,0,51,hoch
24656,0,8,bryantee
24657,0,1,manthanthakker
24658,0,24,mwydmuch
24659,0,4,kuriishu27
24660,0,1,talp101
24661,0,20,sasaplus1
24662,0,37,fristonio
24663,0,23,gmcabrita
24664,131,2,alec-hoyland
24665,0,8,fengyuhetao
24666,0,87,luruke
24667,0,4,fusimeng
24668,0,7,riaf
24669,0,4,1Chic
24670,0,9,abramstyle
24671,0,2,mamat-rahmat
24672,0,22,FuZer
24673,0,24,damianopetrungaro
24674,0,3,kehr
24675,0,20,pedsmoreira
24676,0,3,nkuzhengwt
24677,0,77,dasguptar
24678,0,4,ckousik
24679,0,10,PeiyuanQi
24680,0,3,manvfx
24681,0,13,ZulwiyozaPutra
24682,0,2,jkxyx205
24683,0,3,rodymolenaar
24684,0,6,patrickt010
24685,0,8,gDanix
24686,0,22,imdreamrunner
24687,0,1,GNAYUOHZ
24688,0,8,geoffreyporto
24689,270,2,leo-texuanw
24690,0,3,iamflowerdog
24691,0,2,GuangChao-Yu
24692,0,3,healess
24693,0,6,megatux
24694,0,3,hajarrashidi
24695,0,4,finiking
24696,0,17,creafz
24697,0,13,charleslcsantos
24698,0,3,irvinlim
24699,0,3,rotelando
24700,0,8,alanleite
24701,0,4,ianschmitz
24702,0,11,mayankagg9722
24703,0,2,rednaks
24704,0,2,muhghazaliakbar
24705,0,14,rkmax
24706,0,1,hmol
24707,0,13,antonior92
24708,0,2,jgdev
24709,0,20,kenlyau
24710,0,5,MattieTK
24711,0,71,alexcarpenter
24712,0,15,pqt
24713,0,2,SakuraNeko
24714,0,4,Komeyl94
24715,0,3,dylanjmcdonald
24716,0,50,icyflame
24717,0,2,mwmw7
24718,0,288,radovankavicky
24719,0,20,buddman1208
24720,0,18,ArunkumarRamanan
24721,0,93,surjikal
24722,0,11,mvexel
24723,0,1,jfederico
24724,0,3,danielforsyth
24725,0,1,llz383455526
24726,0,2,joekrump
24727,0,3,eunbeejang
24728,0,5,haraldrudell
24729,0,30,iwgx
24730,0,40,jurassix
24731,0,1,Veroer
24732,0,1,MatNoble
24733,0,34,darius
24734,0,6,Padrio
24735,0,56,Alexintosh
24736,0,29,jeongyoonlee
24737,0,33,theadambyrne
24738,0,13,tamouse
24739,0,1,nanotime
24740,0,3,ajayrawat12
24741,0,1,emanuelsaringan
24742,0,9,Errec
24743,0,33,davidpich
24744,0,21,LucianQu
24745,0,2,jiangxiaolin
24746,0,7,studian
24747,0,1,Tammeny
24748,0,7,snk4tr
24749,318,1,raheemdawar
24750,0,1,kushvarma
24751,0,15,scatterbrain333
24752,0,1,Ddickey
24753,0,8,mskims
24754,0,6,internetztube
24755,0,1,StuMason
24756,0,6,jacobfoard
24757,0,15,HIPERCUBE
24758,0,86,qiyian
24759,0,32,fivejjs
24760,0,1,marciopaiva
24761,0,8,kid-wumeng
24762,0,1,potjanart
24763,0,8,guptachetan1997
24764,0,3,easonlv
24765,0,13,dlepaux
24766,0,6,pestrov
24767,0,7,kreeger
24768,0,6,ellis-wu
24769,0,3,aldo-jr
24770,0,2,rocketxujia
24771,0,1,shishirui
24772,0,6,Meikii
24773,0,9,dengjunquan
24774,0,2,ramon-villain
24775,0,11,samstewart
24776,0,3,shubham14
24777,0,13,owencm
24778,0,1,DanielLenz
24779,319,1,jessemcbride
24780,0,4,strikeentco
24781,0,8,lanzhiheng
24782,0,15,Gfast2
24783,0,13,samandmoore
24784,0,1,holyzfy
24785,0,1,fabiodiniz
24786,0,16,corona10
24787,0,1,jclopezdev
24788,0,10,burneyburney
24789,0,2,Fmindex
24790,0,4,cnchanning
24791,0,5,pranay360
24792,0,8,SeryunCheon
24793,0,3,backpackerhh
24794,0,1,MeijeSibbel
24795,0,6,leonardfactory
24796,0,14,ericwooley
24797,0,1,olimpias
24798,0,5,Emat12
24799,0,16,QichaoChen
24800,0,2,marciolins
24801,0,8,asd500asd
24802,0,9,taivop
24803,0,1,pwaleczek
24804,0,2,cbgabe
24805,0,39,scorphus
24806,0,3,MalcolmMielle
24807,0,22,kkpan11
24808,0,7,snlg
24809,0,6,gdbhosale
24810,0,18,fomkin
24811,0,3,M4t1ss
24812,0,2,GregJacobs82
24813,0,1,dhobdensa
24814,0,4,dulichan
24815,0,12,dideler
24816,0,4,qinjie0903
24817,0,3,pedrobenevides
24818,0,4,asutosh7hota
24819,0,5,clementlamoureux
24820,0,16,rslhdyt
24821,0,14,arifulhb
24822,0,5,diguifi
24823,0,1,EricZhufb
24824,0,4,Lwxiang
24825,0,3,Himmelt
24826,0,4,destinio
24827,0,7,hcxyzlm
24828,0,16,nontachaiwebdev
24829,0,19,sfailsthy
24830,0,309,CompuIves
24831,0,7,nickurban
24832,0,2,leodegeus7
24833,0,1,lpfann
24834,0,5,pablolizardo
24835,0,9,jethrosun
24836,0,4,Gurenax
24837,0,12,formattedzzz
24838,0,2,jbergen
24839,0,85,jmanuelrosa
24840,0,7,hyyfrank
24841,0,40,alihalabyah
24842,0,39,RetroAstro
24843,0,10,rajnishmsrit
24844,0,30,elmasse
24845,0,1,IYoni
24846,0,4,dggriffin
24847,0,15,Fer0x
24848,0,8,Superpencil
24849,0,2,clickbrain
24850,0,2,cpvbruno
24851,0,1,liuguoping
24852,0,6,DarrenMagician
24853,0,6,HexMox
24854,0,1,stpe
24855,0,10,ShuaiJunlan
24856,0,35,mcastilho
24857,0,4,damms005
24858,0,4,keul
24859,0,4,SoumitraAgarwal
24860,0,5,stephensauceda
24861,0,3,Cloudox
24862,0,4,ayodelevm
24863,158,2,LeanderChen
24864,0,5,PrateekKumarSingh
24865,0,2,josefigueredo
24866,0,8,arinbasu
24867,0,4,pengfu
24868,0,3,Inateno
24869,0,5,jahentao
24870,207,2,sander-beenen
24871,0,2,jmreid
24872,0,1,Myusuf060696
24873,0,1,saikiranmothe
24874,0,5,thomasingalls
24875,0,1,golddranks
24876,0,4,Saeris
24877,0,16,prantoran
24878,0,11,ashryanbeats
24879,0,9,Ambika55
24880,0,5,semoal
24881,0,3,MrVPlusOne
24882,0,21,easonlin404
24883,241,2,ikhatri
24884,0,4,Yangzixu666
24885,0,1,hakjong
24886,0,3,huangzhemin
24887,0,5,anushkab
24888,0,10,piginzoo
24889,0,5,festaans
24890,0,1,Kevinwenya
24891,0,8,lightnine
24892,0,3,ArnIIe
24893,0,7,bakorer
24894,0,8,adam187
24895,0,1,gaulinmp
24896,0,50,YixuanLi
24897,286,2,marcogdepinto
24898,0,4,dsabalete
24899,0,1,csunking
24900,0,6,fronzec
24901,0,14,Kenny407
24902,0,1,Huitzoo
24903,0,5,satwik77
24904,0,2,ZachisGit
24905,0,47,supercoderhawk
24906,0,30,pabarros
24907,0,1,KirillArtemenko
24908,0,2,qiuchen100
24909,0,2,gjergjk71
24910,0,91,tannerlinsley
24911,0,11,robinandeer
24912,0,4,podorozhny
24913,0,5,Wangxiz
24914,0,3,mirkoferraro
24915,0,2,aman2304
24916,0,6,Softwave
24917,0,19,ashqal
24918,0,3,mazyvan
24919,0,43,hantsy
24920,0,7,snowdreams1006
24921,0,4,sean-lin
24922,0,7,nuex
24923,0,5,SeaRoth
24924,0,3,qq451682583
24925,0,3,thamaraiselvam
24926,0,8,izotx
24927,0,2,czzisaman
24928,0,10,kylemeow
24929,0,10,cnstoll
24930,0,4,alvaropp
24931,0,27,amir-yaghoobi
24932,0,53,halzhang
24933,0,5,gregurco
24934,0,19,rt-zhangxuefei
24935,0,7,breakds
24936,0,9,aaroncrespo
24937,0,2,ryondev
24938,0,10,lanjingling0510
24939,0,49,chengdazhi
24940,0,3,pureexe
24941,0,16,JWXIAN
24942,0,3,headcruser
24943,0,2,easonlau02
24944,0,11,amanmj
24945,0,3,atlasstrategic
24946,0,1,MontyD
24947,0,12,VATALU
24948,0,12,philvoyer
24949,0,2,haziqhafizuddin
24950,0,9,iDuuck
24951,0,13,shiyuent
24952,0,8,barbier
24953,0,76,leohxj
24954,0,16,Paxa
24955,0,3,jasoncrawford
24956,0,12,maxmouchet
24957,0,12,adrianomelo
24958,0,6,SebastienElet
24959,0,1,compumatrix
24960,0,3,servetsatiroglu
24961,0,1,AngryBigCat
24962,0,1,lzyplayer
24963,0,9,AnneLau
24964,0,3,olivierobert
24965,0,49,lqez
24966,0,15,jipiboily
24967,0,5,pantsel
24968,0,4,msjbear
24969,0,98,eahefnawy
24970,0,1,bingxl
24971,0,2,qishibo
24972,0,1,jhkkhtd
24973,0,17,josecelano
24974,0,3,rnhurt
24975,0,8,asiermartinez
24976,0,12,fedor
24977,0,13,sarahmonster
24978,0,2,ivallesp
24979,0,26,martinwoodward
24980,0,3,takayuky
24981,0,26,omidnikrah
24982,0,4,leeorichi
24983,0,4,Swathiu
24984,0,19,howardyclo
24985,0,7,AtekiRyu
24986,0,7,domudall
24987,0,1,akumbhani66
24988,0,8,kirillrogovoy
24989,0,15,calazans10
24990,104,1,Wangbin-Sun
24991,0,3,jungxue
24992,0,1,sdporzio
24993,0,28,dtan4
24994,0,46,MarcoWorms
24995,0,9,kinshuk4
24996,0,5,samirak93
24997,0,7,3den
24998,0,1,holmescn
24999,0,1,LeoMelody
25000,0,2,shole
25001,0,1,TiDJ
25002,0,8,rpadovani
25003,0,7,AntonMZ
25004,0,17,mercer
25005,0,64,rachelbaker
25006,0,13,smackgg
25007,0,5,kadoppe
25008,0,3,Yangxulight
25009,0,2,sheep0704
25010,0,64,jhonystein
25011,0,2,jasonnathan
25012,0,5,ex
25013,0,34,luozhihao
25014,320,2,StefanoGroenland
25015,0,15,NohSeho
25016,0,2,ashutoshkrjha
25017,0,8,silasjmatson
25018,0,5,CJamesKeller
25019,0,8,manuelgeek
25020,0,1,robyle
25021,0,1,cagricolak
25022,0,5,Jecyu
25023,0,6,fitfab
25024,0,19,drgx
25025,0,5,gupta1anubhav
25026,0,4,LinkDoyle
25027,0,3,felipegirotti
25028,0,9,Jspsun
25029,0,41,crzidea
25030,0,4,superryanguo
25031,0,29,norzechowicz
25032,0,17,ballercat
25033,0,20,pendulm
25034,0,4,thomasfl
25035,0,3,LeeGerry
25036,0,2,Bandito11
25037,0,4,ShubhamAnand
25038,0,5,jgontrum
25039,0,1,suibber
25040,0,2,luisxiaomai
25041,0,13,abhiksark
25042,0,2,cuppett
25043,0,30,AsceticBoy
25044,0,7,dr-orlovsky
25045,0,3,sim4life
25046,0,3,promarcel
25047,0,19,nath1as
25048,0,3,jonespen
25049,0,2,carlosturnerbenites
25050,0,4,mogbeyi-david
25051,0,2,highcat
25052,0,14,lavyun
25053,0,2,elianalien
25054,0,1,Veemon
25055,0,1,fmenezes12
25056,0,2,seugonzalez
25057,0,31,garciparedes
25058,0,2,shubham7saxena
25059,0,4,qiaohongshen
25060,0,3,git-issue
25061,0,34,michaeldarius
25062,0,130,jackmcdade
25063,0,10,josemarjobs
25064,0,1,guerrillacaptain
25065,0,16,itzmukeshy7
25066,0,41,ericnormand
25067,0,3,badah
25068,0,5,sonald
25069,0,30,grissomsh
25070,0,2,khalid32
25071,0,3,sgrimes
25072,0,10,fdrennan
25073,0,1,ceekays
25074,0,3,aboglioli
25075,0,2,samvk
25076,0,1,oddevan
25077,0,1,rgem52
25078,0,7,esuau
25079,0,32,hwdsl2
25080,0,13,Yixi
25081,0,2,CapAllen
25082,0,3,Heshiyu1996
25083,0,6,bpiche
25084,0,24,shenAlexy
25085,0,1,jacoblapworth
25086,0,4,OneCodeMonkey
25087,0,9,Restuta
25088,0,10,bjornmeansbear
25089,0,18,fanyunfei786452470
25090,0,3,motet-a
25091,0,7,dmmulroy
25092,0,6,BeneStem
25093,0,20,garvitkhandelwal
25094,0,5,pablo384
25095,0,20,hmishra2250
25096,0,13,mandar2812
25097,0,3,rainbow494
25098,0,20,danielsef
25099,0,3,superMDguy
25100,0,3,jspetrak
25101,0,2,miaojiang1987
25102,0,205,jnunemaker
25103,0,4,StaceyWhitmore
25104,0,4,dotellie
25105,0,13,nghuyong
25106,0,15,ccicc
25107,0,47,jamonholmgren
25108,0,21,Linrstudio
25109,0,12,qiyuangong
25110,0,9,estevaolucas
25111,0,2,javadrajabi
25112,0,6,PabloSuarez
25113,0,32,inureyes
25114,0,2,animesh-s
25115,0,107,ghaseminya
25116,0,3,johnnydoe82
25117,0,1,arpat
25118,0,29,devholic
25119,0,1,brahmcapoor
25120,0,13,kedmenecr
25121,0,5,CLAUDIOPINHEIRO
25122,0,4,Jongkeun
25123,0,3,mibzman
25124,0,9,edernegrete
25125,0,110,talbotseb
25126,0,2,orangecoding
25127,0,1,rvaronos
25128,0,21,Kensuke-Hinata
25129,0,21,beiwei30
25130,0,9,Monyancha
25131,0,2,Akki2200
25132,0,24,crazylxr
25133,0,11,feifanyajun
25134,0,16,RichardBray
25135,0,4,nicholasio
25136,0,12,carmen0208
25137,0,50,pauladiniz
25138,0,10,fish98
25139,0,9,Psycadelik
25140,0,2,ridewindx
25141,0,8,sabbirrahman
25142,0,25,jhh130910
25143,0,17,dsblank
25144,0,10,jlgasparrini
25145,0,11,notimewaste
25146,0,9,khurrumqureshi
25147,0,3,Tinazhedube
25148,0,3,carakas
25149,0,10,mmontes11
25150,0,2,DZG-MELODY
25151,0,2,friggog
25152,0,4,Eih3
25153,0,2,pbhatnagar3
25154,0,3,joaomlneto
25155,0,8,SilenceL
25156,0,3,dengjiuhong
25157,0,8,kedar9444
25158,0,6,keithyong
25159,0,15,heziqiang
25160,0,7,jokosusilo
25161,0,1,Mukesh23singh
25162,0,1,ayinlaaji
25163,0,38,nosir
25164,0,10,lzhaoyang
25165,0,7,nzjrs
25166,0,168,andrewsyc
25167,0,6,mruse
25168,0,1,MinDBreaK
25169,0,1,seongsikpark
25170,0,11,specialunderwear
25171,168,2,skatsaounis
25172,0,5,huleile
25173,0,3,YevgeniyShunevych
25174,0,14,akourtis98
25175,0,38,emrekeskinmac
25176,0,3,rebekahanne
25177,0,41,palewire
25178,0,3,softrime
25179,0,102,AbhiAgarwal
25180,0,21,AbraaoHonorio
25181,0,4,bgokden
25182,131,2,cosmojg
25183,0,4,carlosjoserg
25184,0,4,tfzh
25185,0,50,hitripod
25186,0,1,kiochan
25187,0,3,j-faria
25188,0,4,emrekgn
25189,0,6,brownag
25190,0,6,dogonthehorizon
25191,0,1,Mur3ph
25192,0,1,jpriceonline
25193,0,2,adnanSharif
25194,0,1,tianyic
25195,0,4,andreasvirkus
25196,0,2,jixh
25197,0,21,rupakg
25198,0,6,leovan
25199,0,6,rakshans1
25200,0,3,alsanchez86
25201,0,18,hiqsol
25202,0,4,WilHall
25203,0,3,dkmin
25204,0,1,dahuacai
25205,0,3,JiteshLakhwani
25206,0,1,novinfard
25207,0,8,MaartenDesnouck
25208,0,2,PulsarTao
25209,0,1,402332509
25210,0,208,sasha240100
25211,0,6,stakada7
25212,0,3,dhaw92
25213,0,19,devyanikota
25214,0,22,mbjoseph
25215,0,1,prust
25216,0,2,martincalvert
25217,0,12,dalamar66
25218,0,7,LuckyZXL2016
25219,0,2,bengsfort
25220,0,3,qiyanjun
25221,0,31,morewry
25222,0,6,lawmurray
25223,0,5,jzplp
25224,0,10,caibirdme
25225,0,24,fardhanardhi
25226,0,7,colinwke
25227,0,21,ecarreras
25228,0,6,Reefaq
25229,0,7,tanmillet
25230,0,2,thebylito
25231,0,19,pallavagarwal07
25232,0,3,reeseyuan
25233,0,2,khelil
25234,0,2,gionabbe
25235,0,11,sealabr
25236,0,10,ThorrStevens
25237,0,9,AmitThakur
25238,0,36,cristiancmello
25239,0,29,lostleaf
25240,0,1,Krutarth-Dave
25241,80,2,hugo19941994
25242,0,68,Xiphin
25243,0,2,jeffdeville
25244,0,15,Stevenzwzhai
25245,0,9,fightingljm
25246,0,2,csullivan
25247,0,2,Imaginaerum
25248,0,4,roberto-filho
25249,0,577,mxcl
25250,0,12,csuldw
25251,0,8,qyhfbqz
25252,0,3,Bukati
25253,0,1,njzjz
25254,0,17,joydo
25255,0,45,rmariuzzo
25256,0,127,danjesus
25257,0,15,jeffhollan
25258,0,11,SoyGoodPeople
25259,0,30,alanhg
25260,0,9,rotoshine
25261,0,9,nmanske
25262,0,14,niceboybao
25263,0,19,barneycarroll
25264,0,16,bestmike007
25265,0,1,saurabhd2511
25266,0,5,SaumyaRawat
25267,0,1,berviantoleo
25268,0,34,bingohuang
25269,0,3,Tomcruseal
25270,0,70,asmeurer
25271,0,10,csehydrogen
25272,0,27,ExplorerFreda
25273,0,16,Rahul-Raviprasad
25274,0,18,mcdave
25275,0,3,dougludlow
25276,0,18,nitta-honoka
25277,0,21,quirkyshop
25278,0,8,hustcalm
25279,0,3,mohamednagy
25280,0,1,FiloSpaTeam
25281,0,5,AdrianoMourthe
25282,0,1,Adarshreddyash
25283,0,17,gongzhang
25284,0,2,nknj
25285,0,46,sonots
25286,0,30,koudaiii
25287,0,1,ningCe
25288,0,6,jafar-rezaei
25289,0,4,rsnemmen
25290,0,15,cycomachead
25291,0,51,aylei
25292,0,29,AbdelrahmanRadwan
25293,0,3,pshen
25294,0,6,nibty
25295,0,10,moumao
25296,0,7,ieugen
25297,0,5,Turingwy
25298,0,14,alxshelepenok
25299,0,39,lauriejim
25300,0,1,HectorMelendez
25301,0,14,JonasBa
25302,0,32,kingideayou
25303,0,5,filipszczepanski
25304,0,2,louie-oohii
25305,0,4,JamesKingdom
25306,0,5,rmsy
25307,0,8,PengJiyuan
25308,0,33,apg
25309,246,3,mfoster1989
25310,0,10,slavafomin
25311,0,16,Double1996
25312,0,17,tevino
25313,0,2,Pratik-Chhajer
25314,0,54,fukuball
25315,0,1,randriese
25316,0,7,eastskykang
25317,0,1,melvinwevers
25318,0,4,arumuganainar73
25319,0,16,fumeboy
25320,0,5,rhcad
25321,0,1,root-master
25322,0,21,gabelula
25323,0,45,S2606
25324,0,18,maraisr
25325,0,2,hooyh
25326,0,12,maisui99
25327,0,27,baransu
25328,0,2,kw0lf
25329,0,10,gionniboy
25330,0,2,developer0hye
25331,0,1,BigMaMonkey
25332,0,2,Mility
25333,0,5,afomi
25334,0,11,coolxeo
25335,0,8,ryanboris
25336,0,2,athulmurali
25337,0,3,ashigirl96
25338,0,3,kenluck2001
25339,0,12,OpesanyaAdebayo
25340,0,49,evhub
25341,0,1,sinstein
25342,0,32,linghuam
25343,0,3,ggck43
25344,0,2,robsaunders
25345,0,3,karlomikus
25346,0,8,arademaker
25347,0,7,dmstern
25348,0,13,jkschneider
25349,0,5,sriraman
25350,0,10,line-o
25351,0,1,stevexniu
25352,0,7,amirassov
25353,0,28,DimitarChristoff
25354,0,25,dannyeuu
25355,0,6,luffyke
25356,0,27,obeattie
25357,0,5,ChenQuan
25358,0,2,bdanchilla
25359,0,12,ErikaSFS
25360,0,23,calvinlfer
25361,0,14,chocotan
25362,0,1,maantje
25363,0,1,minqukanq
25364,0,33,coetry
25365,0,5,henrypan
25366,0,7,olegbilyk
25367,0,10,narendasan
25368,0,5,shinjayne
25369,0,2,Tumiz
25370,0,12,erayaydin
25371,0,3,jafar690
25372,0,6,danielsnider
25373,0,9,devmsh
25374,0,42,metowolf
25375,0,4,lightsound
25376,0,6,fraina
25377,0,5,jeysal
25378,0,15,pushrax
25379,0,14,Krizzu
25380,0,2,RareChicken
25381,0,3,hnkz
25382,0,6,leonardxfce
25383,0,2,ccheng16
25384,0,19,richardson-trevor
25385,0,2,ruoyuwangeel4930
25386,76,2,WEAINE
25387,0,3,ObaidAshraf
25388,0,15,expalmer
25389,0,5,shiftedreality
25390,0,8,avikantz
25391,0,23,raphaguasta
25392,0,52,artivilla
25393,0,31,sunset1995
25394,0,6,andrewfluck
25395,0,3,MusicForMyself
25396,0,18,invzhi
25397,0,15,LiangLuDev
25398,0,54,lnmunhoz
25399,0,3,anthonykgross
25400,0,2,sikaiyin
25401,0,23,drugoi
25402,0,6,kiranvm
25403,0,12,Simonwep
25404,0,2,ihac
25405,0,3,dilijev
25406,0,10,oyilmaztekin
25407,0,18,Jiahonzheng
25408,0,2,SubarnaTripathi
25409,0,2,alathrop
25410,0,1,milkcat0904
25411,0,9,Kovah
25412,0,4,anton-khodak
25413,0,11,bendtherules
25414,0,42,burningion
25415,0,11,jeroenherczeg
25416,0,13,sirmagid
25417,0,6,imabhishekkumar
25418,0,4,AdrienDesola
25419,0,4,henrist
25420,0,4,Eastkap
25421,0,56,OnurSevket
25422,0,70,KevinDean0216
25423,0,26,pingjiang
25424,0,164,leeight
25425,0,5,d4rkd0s
25426,0,7,maxbeckers
25427,0,46,ngs
25428,0,16,amn41
25429,0,6,seanCodes
25430,0,16,he9lin
25431,0,18,GloomyGhost-MosquitoSeal
25432,0,4,robinwassen
25433,0,5,thiagoedson
25434,0,136,Kaijun
25435,0,5,atalebagha
25436,0,48,raphealolams
25437,0,1,jonathanlundstrom
25438,0,3,russc
25439,0,23,braulio94
25440,0,8,anmingyu11
25441,0,30,dunovank
25442,0,2,joshharington
25443,0,5,AntiTyping
25444,0,1,rodrigo-pena
25445,0,12,akashishu777
25446,0,30,Hanaasagi
25447,0,1,myapit
25448,0,7,Fxztam
25449,0,6,GabrielGil
25450,163,1,ambarsetyawan
25451,0,67,octalmage
25452,0,3,kbremner
25453,0,1,jevonswang
25454,0,21,jcxia43
25455,0,6,Pengnian
25456,0,6,nigelnindo
25457,0,2,PrimerLi
25458,0,26,GYZHikari
25459,0,5,harshbg
25460,0,1,leninlal
25461,0,1,fangde
25462,0,2,szajbus
25463,0,8,AdemolaAfolabi
25464,0,3,patniko
25465,0,1,1160300630
25466,0,1,negebauer
25467,0,6,Big-xiong
25468,0,4,chengchaos
25469,0,94,luoyjx
25470,0,5,ChrisJr4Eva87
25471,280,2,jacktomlinson
25472,170,2,boylecreations
25473,0,3,albertfougy
25474,0,10,Riokai
25475,0,4,thejtate
25476,0,12,SACHINnANYAKKARA
25477,0,933,mcanthony
25478,0,13,techjewel
25479,0,1,parkchief
25480,0,3,ganesh-deshmukh
25481,0,3,0x15f
25482,0,94,TrySound
25483,0,3,Lumersgo
25484,301,2,matyax
25485,0,2,pqhieu
25486,0,22,ozcanyarimdunya
25487,0,3,ramithp
25488,0,1,kingvid-chan
25489,0,3,ro0t
25490,0,1,NanaMorse
25491,0,2,Ankit01Mishra
25492,0,9,PraneetDutta
25493,0,8,DuyguKeskek
25494,0,3,mdcao
25495,0,9,jimages
25496,0,8,AzarManuel
25497,0,3,keshik6
25498,0,64,Hoverhuang-er
25499,0,7,artdong
25500,0,6,YZlingyu
25501,0,7,rjrajivjha
25502,0,14,tallpants
25503,0,33,lwxyfer
25504,0,42,gozali
25505,0,3,srgvg
25506,0,2,maximilienlanz
25507,0,4,Bojack-want-drink
25508,0,2,RafaelSdeSouza
25509,0,19,RahilModi
25510,0,58,houko
25511,0,3,lbgod2222
25512,0,2,keqiang
25513,0,1,g-suraj
25514,0,19,cades
25515,0,7,hyunminch
25516,0,1,fraterblack
25517,0,18,qiuling2014
25518,0,7,danielscarvalho
25519,0,3,houlu369
25520,0,5,sammymwangangi
25521,0,2,shantanusharma
25522,0,1,PR4M
25523,0,5,ruxandraburtica
25524,0,7,halton
25525,0,5,dexterous
25526,0,25,GeoffZhu
25527,0,2,corwien
25528,0,5,StdioA
25529,0,16,nickzuber
25530,0,2,josser
25531,0,27,bramus
25532,0,2,arnabmitra
25533,0,5,jonbrennecke
25534,0,3,iaditya
25535,0,10,abmohan
25536,0,2,lazercore
25537,0,20,lilidan
25538,0,1,prine
25539,0,6,lxs24sxl
25540,0,2,moreirawebmaster
25541,0,13,buixuanhai
25542,0,6,larquin
25543,0,1,harisriaz17
25544,0,1,thewulf7
25545,0,3,francomarianardini
25546,0,4,binitghetiya
25547,0,22,the-architect
25548,0,5,riaz
25549,0,9,ayush29feb
25550,0,2,frederik
25551,0,12,schizobulia
25552,0,5,styp152
25553,0,1,bimal125
25554,0,41,mikefowler
25555,0,1,dandanbang
25556,0,1,feimax
25557,0,5,AStoker
25558,0,2,marciioluucas
25559,0,7,RaphaelOneRepublic
25560,0,6,Hollywood
25561,0,1,sirthxalot
25562,0,3,riijagraphics
25563,0,1,geekfh
25564,0,74,roshandelpoor
25565,0,1,AdrianDeAnda
25566,0,9,simongregory
25567,0,8,maxentile
25568,0,3,jpyatachkov
25569,0,51,ngot
25570,0,9,agjs
25571,0,2,shahrokhnabavi
25572,0,8,peterwilli
25573,0,2,qgeissmann
25574,0,9,taofengno1
25575,0,150,szahn
25576,0,160,JakeLin
25577,0,5,ethanmuller
25578,0,27,MouadZIANI
25579,0,57,edbizarro
25580,0,4,ankitsorathiya
25581,0,3,songyazhao
25582,0,25,lcatro
25583,0,2,elanq
25584,0,11,samjbmason
25585,0,2,outtimes
25586,0,3,chunchill
25587,0,3,csndra0504
25588,0,7,getromanin
25589,0,26,atesgoral
25590,0,3,evoxmusic
25591,0,2,memoryleak
25592,0,9,hansen7
25593,0,2,seltzlab
25594,0,18,nb2998
25595,0,1,marfis
25596,0,1,maljes
25597,0,18,marcelobohn
25598,0,6,fontenele
25599,0,9,sansroman
25600,0,4,jungleBadger
25601,0,20,ozh
25602,0,2,mikeislearning
25603,0,16,attliaLin
25604,0,7,mstaessen
25605,0,2,thomasdashney
25606,0,10,miyataken999
25607,219,2,davidelbe
25608,0,118,Daniel15
25609,0,6,AugustMiller
25610,0,46,node
25611,0,12,silpol
25612,0,3,benorama
25613,0,11,andrewfiorillo
25614,0,8,Meriky
25615,0,3,Sparker0i
25616,0,12,shatu
25617,0,8,njohnson7
25618,0,5,dedeswim
25619,0,5,mturley
25620,0,14,ShenYj
25621,0,30,gd-zhang
25622,0,1,fukien
25623,0,1,mertoksuz
25624,0,4,tamtamchik
25625,0,2,FelSiq
25626,0,22,loicdescotte
25627,0,48,sokoslee
25628,0,7,apmoore1
25629,40,1,jpguzman
25630,0,392,orta
25631,0,5,aliyasineser
25632,0,4,mamuz
25633,0,2,danhab99
25634,0,1,derN3rd
25635,0,2,Hao-HOU
25636,0,5,joeburton
25637,0,4,egriboz
25638,0,22,peunzhang
25639,0,2,e200
25640,0,9,JideGuru
25641,0,4,joshua-s
25642,0,19,pedrolucasp
25643,0,1,kroniak
25644,173,5,hanovruslan
25645,0,8,albertogallego
25646,0,5,JunningWu
25647,0,9,bulicmatko
25648,0,15,leftthomas
25649,0,13,clamstew
25650,0,3,gurkancakir
25651,0,1,TeslaHua
25652,0,9,AngelMsger
25653,0,5,lokendrakumar
25654,0,12,JangGwa
25655,0,2,brunocesarsilva
25656,0,3,FilipCofi
25657,0,4,smivv
25658,0,4,iapYang
25659,0,24,kronik3r
25660,0,4,antoineco
25661,0,4,hackingangle
25662,181,1,CDOTAD
25663,0,3,jaskiratr
25664,0,40,michaelczhou
25665,0,9,HugoDaniel
25666,0,15,llFireHawkll
25667,0,7,mkaykisiz
25668,0,1,rexhzhang
25669,0,76,fnlctrl
25670,0,8,NGPixel
25671,0,4,Wyntuition
25672,0,8,gregbayer
25673,0,3,OlegScout
25674,0,7,santospatrick
25675,0,72,jeremeamia
25676,0,2,ThiagoHara
25677,0,104,rogeriopradoj
25678,0,26,aayushmnit
25679,0,16,takuti
25680,0,1,polarity
25681,0,7,XeCtvi
25682,0,11,jakeleboeuf
25683,0,4,andrewwatson
25684,0,4,jaumesala
25685,0,3,ahuigo
25686,0,20,ronxin
25687,0,27,BharathMG
25688,0,38,cclauss
25689,0,18,marcustisater
25690,0,4,Eden1114
25691,0,6,PyojinKim
25692,0,26,TianxiaoHu
25693,0,3,fedorjia
25694,0,1,bene200
25695,0,2,nndii
25696,0,1,ouzhrm
25697,0,2,jvarness
25698,0,18,shgtkshruch
25699,0,1,AnandAyan
25700,0,47,dalsn
25701,0,1,alexnakagawa
25702,0,28,aashutoshrathi
25703,0,16,githoniel
25704,0,59,GauravWalia19
25705,0,1,dave4jr
25706,0,79,endel
25707,0,3,pochy-ja
25708,0,1,fernastereo
25709,0,1,ray6080
25710,0,24,kanster
25711,0,8,Parbhat
25712,0,1,thisismzm
25713,0,3,MarsJiao
25714,0,3,davidquinto
25715,0,7,AustinMCrane
25716,0,1,anderles
25717,0,3,demosdemon
25718,0,1,jviriato
25719,0,1,bankjirapan
25720,0,1,abmahmoodi
25721,0,7,skyFi
25722,0,11,andreshp
25723,0,20,aisuhua
25724,0,11,raank
25725,0,18,agibralter
25726,0,5,gb112211
25727,0,32,ms10398
25728,0,12,jonatasfreitasv
25729,0,3,inonchiu
25730,0,48,quangv
25731,0,5,leotm
25732,0,17,jbpionnier
25733,0,12,etiennebr
25734,0,4,sk22
25735,339,1,Aubret
25736,0,1,ofyalcin
25737,0,5,butlerx
25738,0,3,shangleixun
25739,0,42,sigfriedCub1990
25740,0,13,fernandoporazzi
25741,0,5,netgfx
25742,0,5,pdsullivan
25743,0,8,gilbertoolimpio
25744,0,1,christopherdupont
25745,0,1,davidwagnerkc
25746,0,6,sinfuless
25747,0,13,nerdsupremacist
25748,0,65,macalinao
25749,0,2,ImOmid
25750,0,35,myabc
25751,0,3,RyKilleen
25752,0,129,ZYSzys
25753,0,7,neyaoz
25754,0,31,jackeyGao
25755,0,12,brotzky
25756,0,25,bsideup
25757,0,3,insomnius
25758,0,11,flyer-dev
25759,0,10,ViniciusGularte
25760,0,4,AlphaHinex
25761,0,2,ao5357
25762,0,2,jersonlatorre
25763,0,4,kidozh
25764,0,4,sheryl-ai
25765,0,6,minihat
25766,0,12,caixiaomao
25767,0,12,razonyang
25768,0,2,ivoilic
25769,0,4,T4cC0re
25770,0,53,pwnall
25771,0,69,micheleriva
25772,0,4,hanai
25773,0,9,joeyguerra
25774,0,34,hbin
25775,0,4,liecn
25776,0,1,hoangsonld95
25777,0,11,QingkaiZeng
25778,0,2,davan690
25779,0,2,heykarimoff
25780,0,10,soyluking
25781,0,5,requiemformemories
25782,0,30,simonguo
25783,0,35,skydoves
25784,0,5,gabriellacerda
25785,0,8,kxhit
25786,0,6,awellis
25787,0,1,flsing
25788,73,2,ottogin
25789,0,4,Vibhav8
25790,0,3,thiagoa1
25791,0,15,smistad
25792,0,15,Codyooo
25793,0,5,betocantu93
25794,0,2,PayneJoe
25795,0,4,ricokareem
25796,0,15,MaxUlysse
25797,0,7,lzhpo
25798,0,54,farseerfc
25799,0,4,WeihuaZhu
25800,0,2,jinggoing
25801,0,6,chargen
25802,0,4,Mamunahmed33
25803,0,2,WebWeave
25804,0,2,juniorbird
25805,0,75,BretFisher
25806,0,32,brunops
25807,0,3,EduardoPech
25808,0,4,reinbach
25809,247,1,Kignuf
25810,0,1,fantazey
25811,0,9,evolbug
25812,0,255,danieldsf
25813,0,4,Surgo
25814,0,1,donge
25815,0,15,Baniel
25816,0,36,davidguttman
25817,0,3,Fayozjon
25818,0,5,ivan-jgr
25819,0,56,eonezhang
25820,0,3,nice01qc
25821,0,1,christophior
25822,0,1,marlosin
25823,0,11,YuunYang
25824,0,1,darrenwang00
25825,0,9,aleross
25826,0,5,Nevenall
25827,0,5,blyndusk
25828,0,9,AlenQi
25829,0,1,rookielzy
25830,0,17,ahmdrz
25831,0,6,jptacek
25832,0,13,thisray
25833,0,2,anneincoding
25834,0,3,lxx2013
25835,0,7,Onnion
25836,0,14,ntucker
25837,0,10,olefirenko
25838,0,2,devmattrick
25839,0,116,taki0112
25840,0,3,seonghobae
25841,0,7,denkurbatov
25842,0,10,bedjiken
25843,0,9,Arcterus
25844,0,5,jasonfungsing
25845,0,5,ChaosCui
25846,0,26,federicobond
25847,0,32,karanchahal
25848,0,6,SimonS
25849,0,58,rubiojr
25850,0,16,qidaneix
25851,0,7,lvndry
25852,0,7,NoDurex
25853,0,3,davikawasaki
25854,0,70,YTLogos
25855,0,5,charlesfeng
25856,0,5,Leodhy
25857,0,16,dfmcphee
25858,0,13,Vanhesling
25859,0,1,brianlheim
25860,0,4,saiedhp
25861,0,8,ldehai
25862,0,9,Codefa
25863,0,5,Harry1993
25864,0,2,davidzech
25865,0,23,jverdeyen
25866,0,6,rr-
25867,0,4,lxyea
25868,0,1,MrDwZ
25869,0,2,fxtayj
25870,0,4,kunaldawn
25871,0,3,JoeLoser
25872,0,1,eventhough
25873,0,2,keyvan-m-sadeghi
25874,0,3,rowthan
25875,0,1,kibbled
25876,0,18,betterclever
25877,0,4,ariefbayu
25878,0,2,VectorJin
25879,0,1,jovanidash21
25880,0,85,sarkartanzil
25881,0,3,Jaimeloeuf
25882,0,38,icaromh
25883,0,58,cygmris
25884,0,14,dalewang1995
25885,0,12,axc888
25886,0,4,mylyed
25887,0,120,jingxujuan
25888,0,1,dscoleman
25889,0,7,KaimingWan
25890,154,2,moderatemisbehaviour
25891,0,17,shahariaazam
25892,0,3,RobertSasak
25893,0,3,sangyeol-kim
25894,0,2,pinoniq
25895,165,2,TakuKobayashi
25896,0,75,DevJoseWeb
25897,0,2,em1le
25898,0,36,DavidHu0921
25899,0,12,elevenbeans
25900,0,1,LionOfJewdah
25901,0,7,AlessioTonioni
25902,0,54,greenboxal
25903,0,5,Lyt99
25904,0,2,mbmaciel
25905,0,8,pfgray
25906,0,7,jorenerene
25907,0,100,ahmadnassri
25908,0,33,Mickey0001
25909,0,4,DwarfThief
25910,0,4,somratcste
25911,0,7,owldesign
25912,0,6,sentience
25913,0,3,Stanton
25914,0,1,StephenAshmore
25915,0,12,CrankZ
25916,0,8,m4n3z40
25917,0,4,ilyes-kechidi
25918,0,1,karthiek
25919,0,8,psych0der
25920,0,19,jkobus
25921,0,4,peruho
25922,0,13,git-lt
25923,0,18,mikemaccana
25924,0,28,edmundojr
25925,0,1,LoganDavidTalbot
25926,0,5,drexly
25927,0,4,akshaybharambe14
25928,0,5,emilmirzayev
25929,0,3,mahmudz
25930,0,2,Boberober
25931,0,11,Rxbsxn
25932,137,2,lichuan0620
25933,0,16,ivosoares
25934,0,27,aliumujib
25935,0,4,mcrose
25936,0,1,dostiharise
25937,0,2,faddah
25938,0,9,LiuYashion
25939,0,13,jadnco
25940,0,1,takeiteasy
25941,0,5,omarfouad
25942,0,1,dotieuthien
25943,0,5,elstr
25944,0,1,MrPeach07
25945,215,2,hamidnazari
25946,0,4,djproc
25947,0,2,kashev
25948,0,2,kk580kk
25949,0,12,icidasset
25950,0,8,tiagomnh
25951,0,6,shaozhuqing
25952,0,25,gogotanaka
25953,0,7,logan62334
25954,319,2,SidTheEngineer
25955,0,2,kpollich
25956,0,1,luhan
25957,0,4,akirashimosoeda
25958,0,143,jonathantneal
25959,0,10,gp1313
25960,0,17,EricYangXD
25961,111,1,JasonChrYoung
25962,0,6,prashant2018
25963,0,42,jkudish
25964,0,1,MrDiz2112
25965,0,4,stelukutla
25966,0,2,johnbensnyder
25967,0,26,eduan
25968,0,9,rajathalex
25969,0,5,osk2
25970,0,9,gilluan
25971,0,12,sodhancha
25972,0,2,dedenf
25973,0,3,kxming
25974,0,14,bobmayuze
25975,0,2,felixlimanta
25976,0,12,mikemajesty
25977,0,2,rtax
25978,0,1,r3krut
25979,0,3,IamShivamJaiswal
25980,0,1,dguliani
25981,0,2,krayush07
25982,0,2,lin483
25983,0,13,kbjr
25984,0,9,jpggvilaca
25985,0,38,jeantimex
25986,0,3,dcastro
25987,0,5,liondani
25988,0,1,DarylRodrigo
25989,0,6,pengqinglan
25990,0,7,MinkaiXu
25991,0,3,aeolyus
25992,0,1,RuWang15
25993,0,6,magnusnordlander
25994,0,45,ravinderk
25995,0,2,tibetty
25996,0,3,matthieugrieger
25997,0,2,CrzDog
25998,0,7,oliverearl
25999,0,30,GeniusFunny
26000,0,16,masongzhi
26001,0,1,axpence
26002,0,1,laxpatil
26003,0,142,teachat8
26004,0,4,dattanchu
26005,0,32,Mehonoshin
26006,218,2,RMSnow
26007,0,133,ahdinosaur
26008,0,4,MarkHerhold
26009,0,11,saurav-bhagat
26010,0,3,danilomartinelli
26011,0,2,Dssdiego
26012,0,76,andela-tolotin
26013,0,7,jerryOnlyZRJ
26014,0,1,chromonav
26015,0,5,D5n9s
26016,0,2,gcy9406
26017,0,3,logicappsource
26018,0,1,aloncn
26019,0,5,jch254
26020,0,9,gabrielanhaia
26021,0,3,martinlatrille
26022,0,2,Chinazhouwy
26023,0,2,WeikuiWang
26024,0,3,AlexQuidditch
26025,0,1,str
26026,0,65,arduanov
26027,0,5,kmmanoj
26028,0,6,piratus
26029,0,1,sarah-verys
26030,0,2,jeblad
26031,0,8,TheEngineerz
26032,0,3,Maxattax97
26033,0,1,mosmartin
26034,0,75,jessepollak
26035,0,17,hallettj
26036,0,2,hughrun
26037,0,5,metalerk
26038,0,1,KevCJones
26039,0,1,keevkeev
26040,0,4,amazingrando
26041,0,5,faizsiddiqui
26042,0,11,eltonmesquita
26043,0,5,jdorleans
26044,0,8,tansengming
26045,0,35,danielvlopes
26046,0,2,ptdecker
26047,0,1,erikgall
26048,0,29,eriwen
26049,0,2,johonunu
26050,0,13,brunoocasali
26051,0,2,13161842059
26052,0,6,liutaihua
26053,0,167,chriseppstein
26054,0,6,philipforget
26055,0,5,metalheadani
26056,0,7,L4Z3RC47
26057,0,3,slaykovsky
26058,0,18,fevziomurtekin
26059,295,1,cakirmuha
26060,0,20,filipesf
26061,0,6,awemulya
26062,0,2,inarol
26063,0,1,harsha935
26064,0,4,khmfighter
26065,0,46,rafamaxber
26066,0,4,ramsunvtech
26067,0,4,akshaybhatia10
26068,0,2,tehpsalmist
26069,0,1,thierrysantoos1
26070,0,3,Joo-fanChang
26071,0,1,raytracer
26072,0,32,Acanguven
26073,0,48,pine
26074,0,4,rafmacalaba
26075,0,18,dezinezync
26076,0,5,IranNeto
26077,0,19,Xing-He
26078,0,10,felicianotech
26079,0,3,nan-wang
26080,0,3,lt94
26081,0,1,dlakatos847
26082,0,10,graysheeep
26083,0,6,sdierauf
26084,0,2,aadityataparia
26085,0,60,edsu
26086,0,24,ZhaoJ9014
26087,29,2,ErickChacon
26088,0,5,Constannnnnt
26089,0,16,Kenny254
26090,0,1,markjin1990
26091,0,2,RuiqingQiu
26092,0,57,jserz
26093,0,10,deepukr85
26094,0,1,liuxiaojun
26095,0,8,Palmaswell
26096,0,10,liulixiang1988
26097,0,5,fkkcloud
26098,0,5,jayfallon
26099,0,16,naushadS
26100,0,6,hangxingliu
26101,0,2,sezginacer
26102,0,1,sriharsha-sammeta
26103,0,7,maxkorp
26104,0,19,michaelbeil
26105,0,20,stevenroose
26106,0,3,Nikit-Singh
26107,0,23,lowmess
26108,0,7,djdongjin
26109,0,3,dongmuliu
26110,0,323,aymericdamien
26111,0,2,huynhminhtufu
26112,0,7,SebastianBO
26113,0,10,rashed091
26114,0,12,GabLeRoux
26115,0,15,leeweizhe1993
26116,0,64,muukii
26117,0,2,jmkovachi
26118,0,7,Zanark
26119,0,5,ergoz
26120,0,4,kalindkaria
26121,0,2,kexul
26122,44,4,FrankPortman
26123,0,7,krzychukula
26124,0,43,bruce
26125,0,20,sjy
26126,0,5,Souradip-sopho
26127,0,6,admix
26128,0,3,oliverklee
26129,0,6,evanzlj
26130,0,105,heidsoft
26131,0,8,kamiyam
26132,0,5,cvsolutions
26133,0,3,jessecurry
26134,0,2,TodorBalabanov
26135,0,1,dubox
26136,0,8,sebastianGehrmann
26137,0,3,nithindavid
26138,0,20,BaaniLeen
26139,0,2,jan-martinek
26140,0,3,bfraiche
26141,0,7,pradyotprakash
26142,0,1,elantion
26143,0,15,bradmontgomery
26144,0,2,etienne-napoleone
26145,0,30,ferdinandsalis
26146,0,12,iamphill
26147,0,6,misterinterrupt
26148,0,4,sudiptoChy
26149,0,4,lakshit1001
26150,0,3,Lmzd
26151,0,13,Jannchie
26152,0,8,damiani
26153,0,37,jasondavis
26154,0,1,ritesh-nitjsr
26155,0,13,dan-blanchard
26156,0,93,JacopKane
26157,0,3,diescake
26158,0,1,adamdevigili
26159,0,16,ivanfretes
26160,0,2,kuri-leo
26161,0,2,macleginn
26162,0,1,MJunaidAhmad
26163,0,25,mahdisml
26164,0,6,cettox
26165,0,53,Lh4cKg
26166,0,12,beiliangshizi
26167,0,31,netlover
26168,0,6,igororlov
26169,0,15,bramswenson
26170,0,5,eshlykov
26171,0,4,dsapandora
26172,0,2,cmittendorf
26173,0,46,fvcproductions
26174,0,7,elatfy
26175,0,16,doomhz
26176,0,41,odeke-em
26177,0,1,albertjimenez
26178,0,3,stefanscheidt
26179,0,12,cklwblove
26180,0,29,ianmiell
26181,0,2,danielraad
26182,0,7,gunalp
26183,0,9,bolaibrahim1
26184,0,6,alexanderspace100
26185,0,11,davyengone
26186,0,6,Rolilink
26187,0,2,manuxo
26188,0,2,ssuchanowski
26189,0,49,miaowing
26190,0,107,mhnpd
26191,0,5,rohan-deshpande
26192,116,1,CeliaCha
26193,0,4,akisma
26194,0,2,Sharifur
26195,0,4,decached
26196,0,27,DamirSvrtan
26197,0,5,RandolphG
26198,0,1,bbody
26199,54,2,flashwave
26200,0,38,Jkwell
26201,0,31,foxish
26202,0,7,GhazanfarMir
26203,0,7,sidharthmehra
26204,0,2,DenisBiondic
26205,0,5,deepaknverma
26206,0,8,qq291462491
26207,0,2,positivepsycho
26208,0,24,sivareddyg
26209,0,14,Fdom92
26210,0,6,JLUNeverMore
26211,0,1,simonecosci
26212,0,5,d-a-p
26213,0,1,mariuskiessling
26214,0,3,armetiz
26215,0,1,osmfarid
26216,0,2,akashjobanputra
26217,0,12,ivan-kleshnin
26218,0,1,HussamAdil
26219,0,3,loicland
26220,0,7,lishichengyan
26221,0,17,helei112g
26222,0,1,srogatch
26223,0,102,mgp25
26224,0,2,HiDana
26225,0,5,sureife
26226,0,2,r3trofitted
26227,0,16,burakolgun
26228,0,17,mosaic101
26229,0,11,circy
26230,0,11,Hacker-YHJ
26231,0,1,connerlane
26232,0,23,harshitahluwalia7895
26233,0,10,kamikazechaser
26234,0,7,Rantideb
26235,0,20,jeancsanchez
26236,0,22,shammellee
26237,0,1,HD650
26238,0,13,madhephaestus
26239,0,15,steward379
26240,0,19,samuraisam
26241,0,4,mopx
26242,0,14,reco
26243,0,18,cballou
26244,0,5,Artties
26245,0,13,RyanLiu0235
26246,0,2,ALEXKIRNAS
26247,0,3,hichamjanati
26248,0,5,TristanToye
26249,0,7,nabeelomer
26250,0,3,ravsa
26251,0,10,harshavamsi
26252,0,60,luanfonceca
26253,0,8,procoru
26254,0,2,basemre
26255,0,11,altuga
26256,0,4,craychee
26257,0,1,likeaboy
26258,0,2,fceruti
26259,0,1,Ali-Ahmadi
26260,0,7,koneko096
26261,0,24,thjashin
26262,0,10,rootsecurity
26263,0,11,fromcortes
26264,0,2,MolecularDeveloper
26265,0,9,arryanggaputra
26266,0,2,nharrisanalyst
26267,0,1,gordonmurray
26268,0,11,pdkaizer
26269,0,1,ethangoan
26270,0,1,mahirsust
26271,0,15,ledermann
26272,0,19,ejolie
26273,0,1,ruankranz
26274,0,5,oaakx
26275,0,2,mlinxiang
26276,0,4,nick6918
26277,0,8,guiemi
26278,0,1,hahava
26279,237,1,jooyounghun
26280,0,33,chaitanyaphalak
26281,0,29,lvivski
26282,0,44,bapspatil
26283,0,2,tharpa
26284,0,5,Namrata96
26285,0,1,pauloavelar
26286,0,5,awwong1
26287,0,5,rach-sharp
26288,0,10,koficodes
26289,0,8,oskargicast
26290,0,17,tanveertshaikh
26291,0,1,svillagracia
26292,0,8,ishowshao
26293,0,41,hufeng
26294,0,13,cigano
26295,0,25,khaueviana
26296,0,3,allinhtml
26297,0,8,huming2207
26298,0,18,MasseGuillaume
26299,0,3,JY-D
26300,0,2,krinart
26301,0,2,arnauddelaunay
26302,0,6,RichardPear
26303,0,43,seandavi
26304,0,3,On1x
26305,0,4,shankarThiyagaraajan
26306,0,41,sileence
26307,0,2,JarryShaw
26308,0,25,moizsajid
26309,172,2,NLP-ZY
26310,0,4,jskulski
26311,0,39,ostera
26312,0,12,blairanderson
26313,0,3,Shanmugapriya03
26314,0,1,daigong
26315,0,15,folsen
26316,0,3,jenil777007
26317,0,4,mkober
26318,0,6,mikqi
26319,0,6,rumatakira
26320,0,6,Attriumph
26321,0,29,Yusadolat
26322,0,13,jzawodn
26323,0,1,terryKing1992
26324,321,2,althaus
26325,0,26,amlankar
26326,0,25,kirillDanshin
26327,0,32,DeMoorJasper
26328,0,27,alexlafroscia
26329,0,2,danielcolgan
26330,0,6,harshit23897
26331,0,2,ibrahimozgon
26332,0,31,joynal
26333,0,9,runyasak
26334,0,11,juniorxsound
26335,0,53,brianloveswords
26336,0,8,leucos
26337,0,10,rsantosdev
26338,0,25,danielmascena
26339,0,9,skyint
26340,0,6,richkmeli
26341,0,5,XiaogangHe
26342,0,4,csaybar
26343,0,223,diego3g
26344,0,13,josefaidt
26345,81,2,SuminHan
26346,0,2,reikdas
26347,0,2,beclamide
26348,0,8,dandevri
26349,0,19,lloc
26350,0,2,LJSthu
26351,0,6,chxuan
26352,0,3,neerajshukla1911
26353,0,23,bunyaminakin
26354,0,2,VamshiTeja
26355,0,5,finbarrtimbers
26356,0,71,astorfi
26357,0,2,omarys
26358,0,11,kish2011
26359,0,12,jmazzi
26360,0,2,laokey
26361,0,5,rhenshaw56
26362,0,3,funcman
26363,0,8,dogukanerel
26364,0,6,TrevorFSmith
26365,0,4,angelcustodio
26366,0,2,baophong09
26367,0,1,momothepikachu
26368,0,1,funkjedi
26369,0,21,MaxYangyu
26370,0,3,erloncabral
26371,0,8,TinySong
26372,0,4,scwood
26373,0,7,alizbazar
26374,0,32,jessebeach
26375,221,2,Somedaywilldo
26376,0,1,bpietraga
26377,0,3,Luuk2016
26378,0,1,gmaclinuxer
26379,0,17,MrinalJain17
26380,0,13,hdf1986
26381,0,13,misselvexu
26382,0,1,Salies
26383,0,7,brandonhorst
26384,0,3,qassim
26385,0,7,hico-horiuchi
26386,0,1,qoharu
26387,0,8,shashank3959
26388,0,5,matthieumota
26389,0,8,gwokudasam
26390,0,9,davisjam
26391,0,5,GuidoHendriks
26392,0,5,bestkao
26393,0,11,qq456cvb
26394,0,1,pedromujica
26395,0,4,Tsmith5151
26396,0,5,advancedor96
26397,0,2,shevkunov
26398,324,1,LeoIV
26399,0,10,crackcell
26400,0,7,naffiq
26401,0,58,r17171709
26402,0,16,cmiller8
26403,0,4,bzrampurawala
26404,0,2,Anpix
26405,0,6,Meniny
26406,0,9,logandk
26407,0,1,heyitsmdr
26408,0,1,Creabine
26409,0,84,arastu
26410,0,5,Alex-DG
26411,0,6,ISNIT0
26412,0,9,olivewind
26413,0,12,prashant-andani
26414,0,1,lixingqiancs
26415,0,19,danpalmer
26416,0,12,cskovron
26417,0,10,JonGretar
26418,0,17,lnsane
26419,0,10,TheYkk
26420,0,4,Cropzhuang
26421,0,2,byeongkyu
26422,0,5,frenchcomp
26423,0,1,Prithvi45
26424,0,1,MarcGodard
26425,0,8,indatawetrust
26426,0,26,kokororin
26427,0,8,GersonLazaro
26428,0,3,HackLo
26429,0,35,joshsimmons
26430,0,20,dkrefta
26431,0,26,nfriedly
26432,0,29,sideshowbarker
26433,0,2,pietersweter
26434,0,5,burge-is
26435,0,2,avinashbarnwal
26436,0,2,Alexzsh
26437,0,3,sobit
26438,0,2,libaoxu
26439,0,2,levrik
26440,0,6,Psvensso
26441,0,53,itsMelo
26442,0,3,bayon
26443,0,14,1ik
26444,0,2,bhavsarpratik
26445,0,2,prasantapal
26446,0,11,hackshen
26447,0,22,robbie-cao
26448,0,8,inscode
26449,0,4,lucassimonin
26450,0,12,Minitour
26451,0,5,pop0030
26452,0,4,jamc92
26453,0,2,sadegh
26454,0,3,Onuchin-Artem
26455,0,14,mystroken
26456,0,5,benjaminayres
26457,0,176,DavidWells
26458,0,1,Kiran-r
26459,0,12,Davidnet
26460,0,3,sboraiah
26461,0,46,robinrendle
26462,0,14,fuchao2012
26463,0,20,saisankargochhayat
26464,0,11,siddhanthaldar
26465,0,6,sameetandpotatoes
26466,0,2,arashrasoulzadeh
26467,0,7,nullptru
26468,0,13,costashatz
26469,0,2,azaharizaman
26470,0,4,delikat
26471,0,1,taufikmas
26472,0,6,gabrielgiordan
26473,0,5,koriavinash1
26474,140,2,jmakeig
26475,0,5,MrBenJ
26476,0,11,mayoral
26477,0,2,GiacomoLaw
26478,0,6,raghothams
26479,0,9,groverpr
26480,0,10,asheeshcric
26481,0,1,ServinDC
26482,0,5,annebione
26483,0,14,feixionglee
26484,0,5,georgid
26485,0,7,mattandrews
26486,0,33,nhejazi
26487,0,2,manuelramoslg
26488,0,1,ja3067
26489,0,1,piprrr
26490,0,2,aschearer
26491,0,3,hungnh103
26492,0,28,etpinard
26493,0,11,charx0r
26494,0,9,chenxuuu
26495,0,2,cbrummitt
26496,0,1,lightonphiri
26497,0,21,hhxsv5
26498,0,3,AkshayBabbar
26499,0,5,devmount
26500,0,15,ginkwang
26501,0,5,msoftware
26502,0,6,nikkipantony
26503,0,6,sanketvmehta
26504,0,13,sairamkotha
26505,0,1,goncharenko
26506,0,24,benstr
26507,0,3,casouri
26508,0,8,atuttle
26509,0,1,IbrahimYang
26510,0,10,gvegayon
26511,0,13,jclulow
26512,0,3,hyunwoogu
26513,0,2,jonasdiel
26514,0,13,Caiyeon
26515,0,18,prajwalkr
26516,0,25,parelhutahaean
26517,0,6,mnuhell
26518,0,5,jasine
26519,0,5,hanernlee
26520,0,12,maikebing
26521,0,3,njellinas
26522,0,2,kiran4399
26523,0,3,ejklock
26524,0,17,mahi97
26525,0,12,Red-Portal
26526,0,13,kyangc
26527,0,11,didxga
26528,0,10,chyrta
26529,0,30,hua1995116
26530,0,1,deng19891006
26531,0,5,evanharmon
26532,0,3,karmadice
26533,0,8,keiranlovett
26534,0,2,igorassis
26535,0,2,rpavani1998
26536,0,4,itsgoingd
26537,0,4,PerrySong
26538,0,5,biti
26539,0,5,dragondiego7
26540,0,60,iflashlord
26541,0,2,davidleroy
26542,0,6,brandondurham
26543,0,2,joeydash
26544,0,28,fharper
26545,0,5,Hclmaster
26546,0,1,Valentyn-Kubrak
26547,0,8,chiefbrob
26548,0,14,cgranade
26549,0,5,beeblebrox3
26550,0,5,Yeongtae
26551,0,2,edcSam
26552,0,7,JisuPark
26553,0,2,faydanube
26554,0,1,DavyVan
26555,0,4,katncandix2
26556,0,62,Anahkiasen
26557,0,15,Rawnly
26558,0,1,bykof
26559,0,13,pr3ssh
26560,0,8,n0ise9914
26561,0,3,prontiol
26562,0,4,odahcam
26563,0,43,fernandofleury
26564,0,8,shiki
26565,0,4,relvira
26566,0,1,mrkeremyilmaz
26567,0,4,suroorwijdan
26568,0,14,edgardleal
26569,0,133,quxiaofeng
26570,0,6,dondreytaylor
26571,0,4,HanumantappaBudihal
26572,0,3,joanlopez
26573,0,4,qrfaction
26574,0,13,naoto0804
26575,0,18,RKX1209
26576,171,1,dentemple
26577,0,6,HsuTing
26578,0,12,medaimane
26579,0,8,chZzZzZz
26580,0,25,awinogradov
26581,0,5,j0nas
26582,0,11,mgomes
26583,0,9,leaderj1001
26584,0,1,covex-nn
26585,0,96,amilajack
26586,0,7,EternalFeather
26587,0,7,37
26588,293,1,teddylfwu
26589,0,11,blimmer
26590,0,7,chaifeng
26591,0,42,molcay
26592,0,5,gaetansenn
26593,0,5,alexland
26594,0,26,devinivy
26595,0,71,facundofarias
26596,0,30,tachyons
26597,0,2,mijchou
26598,0,3,eweap
26599,0,3,pauluz
26600,0,3,mehdihadeli
26601,0,13,abhiomkar
26602,0,3,bitsevn
26603,0,13,suzana-ilic
26604,0,140,diogomoretti
26605,0,3,smbale
26606,0,7,kodefear
26607,0,1,akjagadish
26608,0,45,maybewaityou
26609,0,34,excalliburbd
26610,0,1,atilberk
26611,0,1,bary12
26612,0,3,axelnine
26613,0,2,shuangjie
26614,0,14,kouky
26615,0,4,avinash
26616,0,3,CoolGoose
26617,236,2,Zhipeng-Chang
26618,0,28,noahgift
26619,0,1,piotrek-py
26620,0,4,matschik
26621,0,2,sayidly
26622,0,1,gnuos
26623,0,9,jianglin-wu
26624,0,2,john-bradshaw
26625,0,19,nihey
26626,0,9,rafaelrds
26627,0,1,supahfunk
26628,0,4,mt-digital
26629,0,35,Whoaa512
26630,347,2,chanhee13p
26631,0,2,okbalefthanded
26632,0,19,rpearce
26633,0,2,imkh
26634,0,17,genffy
26635,8,5,geekeren
26636,0,9,nikyxxx
26637,0,10,ender503
26638,0,9,ignacio-chiazzo
26639,0,96,adamstac
26640,0,1,meinvolk
26641,0,1,Abukamel
26642,0,1,JudahGabriel
26643,0,13,derekclair
26644,0,14,ionull
26645,0,8,rosshadden
26646,0,8,RRighart
26647,0,122,luckyadam
26648,0,31,sbrichardson
26649,0,275,WillemJan
26650,0,36,brunoti
26651,0,10,johnhamelink
26652,0,10,daydrill
26653,0,14,ValeriiVasyliev
26654,0,7,joiggama
26655,0,1,nacimux
26656,0,10,tejomayonline
26657,0,4,ccx1
26658,0,3,salixor
26659,0,1,hvdute
26660,0,76,mike-north
26661,0,17,prakashdonga8
26662,0,50,pymit
26663,0,3,ekrolewicz6
26664,0,2,LiangDaShi
26665,0,25,MeetNandpal
26666,0,331,appleboy
26667,0,5,markuswustenberg
26668,0,2,mlasy
26669,0,15,Suave
26670,0,1,byazrail
26671,0,4,sgammon
26672,0,11,jbobron
26673,0,32,Ahmed-osama
26674,0,10,jwhitcraft
26675,0,25,luong-komorebi
26676,0,10,mateuspestana
26677,0,6,mehmettamturk
26678,0,5,MemphiSqrt
26679,0,25,svenanders
26680,0,2,splendidbits
26681,0,4,electronick1
26682,0,20,conradwt
26683,0,12,prayashm
26684,0,42,rhyolight
26685,120,2,edmundwsy
26686,0,12,MarceloBritoWD
26687,0,9,martingust
26688,0,5,mda590
26689,0,11,krthr
26690,0,2,mas212
26691,0,2,AngusGLChen
26692,0,2,kmees
26693,0,36,jmettraux
26694,0,51,neutronest
26695,0,1,imdoingotherthings
26696,0,29,riza
26697,0,1,Treeless
26698,74,2,shashankduhan
26699,0,9,takint
26700,0,6,quinoescobar
26701,0,90,lukechilds
26702,0,7,maximesalomon
26703,0,14,ptgamr
26704,0,7,cloud2010
26705,0,1,jomomorei
26706,0,5,JoeyJAL
26707,0,11,bymayo
26708,155,2,Xpitfire
26709,0,2,AkiraFukuda
26710,0,7,shixuev5
26711,0,9,eunmin
26712,0,3,FreddieSun
26713,0,6,deiga
26714,0,1,benzai
26715,0,4,pkayfire
26716,0,3,Weirdo233
26717,0,1,athulpn
26718,0,4,imatiach-msft
26719,0,5,sheguloves
26720,0,10,foamliu
26721,0,3,liweijia
26722,0,6,eraad
26723,0,5,AntoineButeau
26724,0,1,jpgarland
26725,0,13,mazeeblanke
26726,0,41,chnbohwr
26727,0,22,ArnaudRinquin
26728,0,6,thiagopbueno
26729,0,11,Jinksi
26730,0,2,deraw
26731,0,44,Horaddrim
26732,0,12,liawesomesaucer
26733,0,8,sairoutine
26734,0,139,charliegerard
26735,0,9,lgrcyanny
26736,0,10,iamruinous
26737,0,4,souvikb07
26738,0,18,jiangbianwanghai
26739,0,3,ctsin
26740,0,9,marioeninternet
26741,0,6,rubencougil
26742,0,5,aditbiswas1
26743,0,10,JACKHAHA363
26744,0,1,Gouravmoy
26745,0,6,jalilahmed
26746,0,12,educostachaves
26747,0,1,kylesaltmarsh
26748,264,2,conorshipp
26749,0,68,motdotla
26750,0,1,gurnadi
26751,0,1,takoba
26752,0,30,ghengeveld
26753,0,88,jcrodriguez1989
26754,0,7,rayeddev
26755,0,10,buppt
26756,0,11,Fashaun
26757,0,3,Barbatos
26758,0,32,opexxx
26759,0,2,71
26760,0,1,ClaudeCundiff
26761,0,1,kam2yar
26762,0,3,ameuret
26763,0,34,mazulo
26764,0,78,kkemple
26765,0,33,lightningMan
26766,0,8,TinyAllen
26767,312,1,etranger-park
26768,0,10,Limuyang1013
26769,0,4,jmkim
26770,0,61,muratcorlu
26771,0,4,bwghughes
26772,0,7,brenordr
26773,0,4,junxianlim
26774,0,3,kgish
26775,0,18,oshingc
26776,0,10,Necrophagistfan
26777,0,37,felipeweb
26778,0,12,sallomendo
26779,0,5,remarks
26780,0,2,marlonmarcello
26781,0,3,manicmaniac
26782,0,5,michaelahlers
26783,0,34,mikestaub
26784,0,73,khotyn
26785,0,20,Dashon-Hawkins
26786,0,130,planetoftheweb
26787,0,2,grovertb
26788,0,3,alilotfi
26789,0,1,imagine10255
26790,0,11,saranshmanu
26791,0,6,gutocosta
26792,0,3,johnnatan-messias
26793,230,1,ppichier
26794,0,1,mohberliannusantara
26795,0,2,notryanb
26796,0,6,simformsolutions
26797,0,1,Sinclert
26798,0,6,nbalcom
26799,0,2,karpawich
26800,0,5,cschwem2er
26801,0,10,AdhanIsCuber
26802,0,11,eboyer
26803,0,1,hetianle
26804,0,23,oyeleyemustapha
26805,0,2,caipengbo
26806,0,10,georgegg
26807,0,5,pakinja
26808,0,4,maackle
26809,0,7,apple77y
26810,0,14,ravpacheco
26811,0,12,jungi21cc
26812,0,2,lengerfulluse
26813,0,14,aguynamedben
26814,0,7,WendySanarwanto
26815,0,10,omarreiss
26816,0,8,johnmaster208
26817,0,6,matheuspiment
26818,0,8,AlexMRuch
26819,0,9,aichiko0225
26820,0,4,Blackindian
26821,0,16,alexbowe
26822,0,7,ahmedandaloes
26823,0,36,mitmul
26824,0,24,tiaanduplessis
26825,0,39,lefnire
26826,0,10,CorentinB
26827,0,267,lietoumai
26828,0,6,favrio
26829,0,9,luukverhoeven
26830,0,1,SilverFoxA
26831,0,14,Southclaws
26832,0,6,bemoregt
26833,0,2,27cm
26834,0,2,hitchpy
26835,0,3,CocaCola183
26836,0,1,RoundDev
26837,0,5,maosea0125
26838,0,14,rhiswell
26839,0,5,samzeng
26840,0,1,andreybutov
26841,0,3,SyrianSpock
26842,0,51,thefrontendwizard
26843,0,18,gangeshwark
26844,0,3,Janber-Zhang
26845,0,1,1025623017
26846,0,8,portokallidis
26847,0,9,beardedtim
26848,0,2,grigy
26849,0,9,atanas-angelov-dev
26850,0,2,FFX01
26851,0,3,opage
26852,0,2,rand0musername
26853,0,10,cutpix
26854,0,1,guofengw
26855,274,2,khoadnguyen
26856,0,1,schafer14
26857,0,5,PeterPanZH
26858,0,17,andiradulescu
26859,0,3,ezirmusitua
26860,0,6,stackptr
26861,0,12,larsyencken
26862,0,2,soplakanets
26863,0,49,RahulSDeshpande
26864,0,3,mikaelhg
26865,0,3,Kaiux
26866,0,14,magichydra
26867,0,5,ccdatatraits
26868,0,9,m-jch
26869,0,3,NamWoo
26870,0,12,Tomy-Lee
26871,98,2,ducdigital
26872,0,6,rodolfolottin
26873,0,20,deepika087
26874,0,6,Casperhr
26875,0,13,nebgnahz
26876,0,8,DennisSnijder
26877,0,108,matthewmccullough
26878,0,1,saeed-vayghan
26879,0,22,syanbo
26880,0,14,chip
26881,0,68,fpg1503
26882,0,6,Shengqiang-Zhang
26883,0,5,mateusjunges
26884,0,1,benetka
26885,0,1,AlexEngelhardt
26886,0,2,HeMinzhang
26887,0,9,edwardkcyu
26888,0,25,elbaulp
26889,0,5,fmiras
26890,0,8,kenmaz
26891,0,3,ragavsathish
26892,0,4,cutoutsy
26893,0,28,BenHall
26894,0,2,davemee
26895,18,2,olivatooo
26896,0,2,rbro112
26897,0,2,dichen001
26898,0,15,sanikkenway
26899,0,97,HotBitmapGG
26900,0,25,CodyReichert
26901,0,19,osnysantos
26902,0,30,schalkneethling
26903,0,2,QAlexBall
26904,0,21,stigi
26905,0,6,elthariel
26906,0,61,Mendrone
26907,0,5,chiro-hiro
26908,0,11,ifdattic
26909,0,2,TaylorChen
26910,0,7,jintangWang
26911,0,18,edolopez
26912,0,1,aritrasen87
26913,0,22,jgabriellima
26914,0,7,aaarghhh
26915,0,1,moxiaonai
26916,0,5,limtete
26917,0,5,ntagg
26918,0,75,chapmanb
26919,0,13,hamstu
26920,0,3,Harshpatel44
26921,0,9,cwlseu
26922,0,1,GreenDou
26923,0,6,taylorlapeyre
26924,0,4,leoeek
26925,0,3,lucini
26926,0,1,FieryCod
26927,0,17,Obooman
26928,0,4,Andryev
26929,0,5,CyberStrike
26930,0,12,IamManchanda
26931,0,1,omerbenamram
26932,0,4,Strapazzon
26933,0,5,natali
26934,0,4,sorablaze11
26935,0,2,afinal
26936,0,6,philibea
26937,0,3,anilsingh581
26938,0,4,ShivSoni5
26939,0,10,denis-bernardo
26940,0,2,Flexicon
26941,0,4,LiuzhuForFun
26942,0,2,arjun23496
26943,0,8,alesanchezr
26944,0,2,LiZheGuang
26945,0,3,btargac
26946,0,179,joshwcomeau
26947,0,27,balancap
26948,0,3,CeLuigi
26949,0,19,archerU
26950,0,4,jeffdrumgod
26951,56,2,ChappIO
26952,0,1,mattmacpherson
26953,0,5,gcdd1993
26954,0,27,carltongibson
26955,0,11,slashmo
26956,0,147,andrewsmedina
26957,0,9,romainr
26958,0,213,mubassirhayat
26959,0,5,chameleonbr
26960,0,1,jhonatantft
26961,0,9,oomathias
26962,0,18,SivilTaram
26963,0,132,jeroen
26964,0,6,TomatoCream
26965,0,13,FabienMotte
26966,0,3,kingofspace0wzz
26967,0,3,terrehbyte
26968,0,2,howardpanton
26969,0,1,sean7218
26970,0,23,dragosbulugean
26971,0,30,analyticalmonk
26972,0,5,jasonchanhku
26973,0,4,geourjoa
26974,0,14,edymerchk
26975,0,15,jiin
26976,0,1,kvnlnt
26977,0,3,chuckdries
26978,0,2,noeldevelops
26979,0,69,linhuiw
26980,0,1,mattleong
26981,0,2,studiouniverse
26982,0,5,imben1109
26983,0,6,lgastako
26984,0,3,seu-tan
26985,0,8,thehalfspace
26986,0,6,nasum
26987,0,40,AnandChowdhary
26988,0,3,aniloymagil
26989,0,34,lunix01
26990,0,1,pkvov
26991,0,1,kowaalczyk
26992,0,1,coatsnmore
26993,0,2,NerdsvilleCEO
26994,0,20,greg-js
26995,0,5,subpath
26996,0,1,cedricfarinazzo
26997,0,10,Nek
26998,0,3,bat-cha
26999,0,20,FoxerLee
27000,0,1,snodgrass23
27001,0,11,jl322137
27002,0,10,nusendra
27003,0,2,lucastan96
27004,0,1,BenjaminZekavica
27005,0,1,Cealtea
27006,0,2,squidsoup
27007,0,47,kjk
27008,0,17,eftakhairul
27009,0,3,GuessEver
27010,0,5,OJFord
27011,0,2,CheyiLin
27012,0,3,alswhdgus10
27013,0,12,joshuayoerger
27014,0,5,ccuellar14
27015,0,5,erfanMhi
27016,0,14,codeofsumit
27017,0,4,danwaz
27018,0,1,npyl
27019,0,1,changcheng1987
27020,0,4,soichih
27021,0,2,ZENGzoe
27022,0,45,erikfloresq
27023,0,19,map0logo
27024,0,122,hujiaweibujidao
27025,0,5,mugofjoe
27026,0,7,khou
27027,0,5,manishbhatias
27028,0,4,MSLacerda
27029,0,11,Grawl
27030,0,3,bogdanmoisin
27031,0,77,luohoufu
27032,0,35,LeoEatle
27033,0,1,YowFung
27034,0,8,ssmlee04
27035,0,2,Mikanebu
27036,0,10,DGideas
27037,0,118,inamiy
27038,0,18,realshaunoneill
27039,0,3,horaciosystem
27040,0,8,jvanbaarsen
27041,0,1,thomaskrag
27042,0,2,5hanth
27043,0,83,TalAter
27044,0,30,joe-sky
27045,0,5,aryak93
27046,0,4,JohanDufau
27047,0,6,GTnull
27048,0,265,airen
27049,0,3,fuzw123
27050,0,10,mydisha
27051,0,44,gragtah
27052,0,9,sternelee
27053,0,34,kentaro-m
27054,0,3,ar2zee
27055,0,4,frosten
27056,0,3,mauricios
27057,0,5,kimocoder
27058,0,14,rishabh115
27059,0,16,SubhrajyotiSen
27060,0,15,pochih
27061,0,4,jwmunn
27062,0,53,manojpandey
27063,0,38,jonocarroll
27064,0,9,FranklinMa810
27065,0,19,iamajvillalobos
27066,0,17,galsang
27067,0,104,deepak1556
27068,0,16,dimkastan
27069,0,3,giubatt
27070,0,18,Cjavaer
27071,0,12,qpakzk
27072,0,80,jlfwong
27073,0,3,du2016
27074,0,16,nasacj
27075,0,4,markjszy
27076,0,2,gauravshelangia
27077,0,2,JeffersonMiranda
27078,0,7,andywong188
27079,0,12,keshiim
27080,0,2,atharva-tendle
27081,0,2,mexeniz
27082,0,139,Mostesare
27083,0,3,lightjameslyy
27084,0,3,LeeLejia
27085,0,4,c-samuel
27086,0,2,EdenYoon
27087,0,7,Huan-Uestc
27088,0,16,samyak-268
27089,0,1,d-meiser
27090,0,18,bheesham
27091,0,2,JackHasaKeyboard
27092,0,1,Winglonelion
27093,0,5,ElaineBao
27094,0,2,anshumankmr
27095,0,4,rhaamo
27096,0,1,leamiko
27097,0,24,luobotang
27098,0,2,jhoover4
27099,0,6,ShayBox
27100,0,5,shridharmanvi
27101,0,26,ankitshah009
27102,0,38,bayshier
27103,0,4,boywild
27104,0,3,rahulvyas1
27105,0,6,sezeregrek
27106,0,241,freekmurze
27107,0,4,Snowty
27108,0,10,sabir-jamia
27109,0,2,bingozb
27110,0,24,PierfrancescoSoffritti
27111,0,1,cg219
27112,0,1,namongk
27113,0,5,rochforp
27114,0,3,matweew
27115,0,1,energyfirefox
27116,0,21,lerox
27117,0,2,evan69
27118,0,4,jfojtl
27119,0,20,etimberg
27120,0,3,pabrams
27121,0,18,istobran
27122,0,1,ilhamarrouf
27123,0,108,LingyuCoder
27124,0,1,HazzaCheng
27125,0,3,lnanhkhoa
27126,0,5,fxy96
27127,0,4,MrFatt
27128,0,55,thulioph
27129,0,7,filpgame
27130,0,4,j-mateo
27131,0,10,cleverbeagle
27132,0,1,Jasonseah
27133,0,3,saslamp
27134,0,3,persistforever
27135,0,15,chriszs
27136,0,2,aphyllan
27137,0,27,malbernaz
27138,0,6,LisaSound
27139,0,2,nicoflojo
27140,0,7,ManyBaby
27141,0,2,endlessloop2
27142,0,16,Jerey-Jobs
27143,0,3,pmg1989
27144,37,4,spacesailor24
27145,0,1,rahulsharma841990
27146,0,6,hikui
27147,0,12,iguchi1124
27148,0,2,hefuren
27149,0,2,BaiJingting
27150,0,6,albertauyeung
27151,0,4,kaerimichi
27152,0,9,jbmusso
27153,0,16,aqnouch
27154,0,5,KuiShang
27155,207,4,adrenth
27156,0,2,geusan
27157,297,1,davidvenin
27158,0,1,lokeshinumpudi
27159,0,40,davidmartinezros
27160,0,13,agathver
27161,0,9,klouzoun
27162,0,2,ianchan
27163,0,50,pankajparkar
27164,0,5,nredbugs
27165,0,5,ChanYiLin
27166,0,4,edtoken
27167,0,8,Seanathon
27168,0,7,jondong
27169,0,5,mehdivaezi
27170,0,12,rachitmishra
27171,0,1,maazh
27172,0,6,krzysztofp
27173,0,134,kornelski
27174,0,5,antonioortegajr
27175,0,8,mrKylinZhou
27176,0,8,gabrielkoerich
27177,0,5,sumitb
27178,0,7,solojavier
27179,0,6,ruxandrafed
27180,0,2,lopesivan
27181,0,25,agudulin
27182,0,27,okuryu
27183,0,23,codevvvv9
27184,0,4,ticklemynausea
27185,0,31,aziz-boudi4
27186,58,5,lzcn
27187,0,1,pbrilius
27188,0,32,meltemiatay
27189,0,13,gabrieldemarmiesse
27190,0,15,messa
27191,0,2,allanarmstrong
27192,0,9,lazarohcm
27193,0,9,ans-ashkan
27194,0,9,brunoom1
27195,0,1,leocoder351
27196,0,38,lightyrs
27197,0,3,CaioMatias
27198,0,11,nguoianphu
27199,0,7,kimroen
27200,0,6,1483523635
27201,0,17,kacgrzes
27202,0,38,iamaaditya
27203,264,4,barreeeiroo
27204,0,7,dreamline2
27205,0,9,Lionad-Morotar
27206,0,14,mraduldubey
27207,0,11,jorinvo
27208,0,7,AlexandreRoba
27209,0,4,awcodify
27210,0,4,andreformento
27211,0,1,jsanta
27212,0,5,houxinjie
27213,0,3,KevinBongart
27214,0,1,patrickng
27215,0,1,baolw
27216,0,16,Naliaka
27217,0,4,rubenmedios
27218,0,3,ArchanjoJr
27219,0,3,fajars87
27220,0,1,shaheinm
27221,0,3,marcinkornek
27222,0,4,antonioOrtiz
27223,0,76,joyoyoyoyoyo
27224,0,10,Suckzoo
27225,0,2,SkyeBeFreeman
27226,0,4,peterlazzarino
27227,0,50,cdiaz
27228,0,4,digitalscraps
27229,0,2,jaeko44
27230,0,1,bling5630
27231,0,26,jokosu10
27232,0,19,atilafassina
27233,0,201,timelyportfolio
27234,0,5,nathancday
27235,0,5,Popesites
27236,0,11,nescalante
27237,0,4,edrohler
27238,0,19,edagarli
27239,0,9,Dylanooo
27240,0,9,ZhekaiJin
27241,0,3,hirenmayani
27242,0,8,JangJeongHyeon
27243,0,34,mrfoh
27244,0,54,ngryman
27245,0,9,lmajano
27246,0,5,bnriiitb
27247,0,6,dox1994
27248,0,8,nicklaw5
27249,0,2,sivkoff
27250,0,119,hsbt
27251,0,4,stitchng
27252,0,27,sheharyarn
27253,0,1,dannevang
27254,0,22,Azard
27255,0,21,jeffaustin81
27256,0,4,cookiy
27257,0,1,lrgar
27258,0,1,jacksonj04
27259,0,3,michaelneuder
27260,0,1,chchleung
27261,0,4,lighttiger2505
27262,0,17,rapirent
27263,291,2,nicolas-bonnel
27264,0,6,haridas
27265,0,5,shik3519
27266,0,3,Thedijje
27267,0,2,mohan-s-gopal
27268,0,35,therewasaguy
27269,0,3,Wurren
27270,0,16,jrherr
27271,0,3,curiositytong
27272,219,4,KevinSjoberg
27273,0,43,olalonde
27274,0,11,jiawenquan
27275,0,30,Majkl578
27276,0,3,mattbran87
27277,0,5,Chinese-Dragon
27278,0,44,aSquare14
27279,0,14,leemour
27280,0,3,nobusue
27281,0,1,eilgin
27282,0,86,casprine
27283,0,24,gasolin
27284,0,7,dmitry-korolev
27285,0,3,HysMagus
27286,0,16,Ghostavio
27287,0,10,arbonap
27288,0,6,anayarojo
27289,0,3,Nickforall
27290,0,3,luisgmoreno
27291,0,51,Hanjun-Dai
27292,0,5,Ahmad-Magdy-Osman
27293,0,4,ashukumar27
27294,0,2,gerkovink
27295,0,5,kaidiren
27296,0,2,askielboe
27297,0,2,olajyde
27298,0,4,diazemiliano
27299,0,5,bericp1
27300,0,1,jpauloes
27301,0,3,DavidSights
27302,0,519,ashleygwilliams
27303,0,1,XeeD
27304,0,9,deniszh
27305,0,10,mahefnawy
27306,0,2,chiragbatra
27307,0,2,acrinklaw
27308,0,6,ms2008
27309,0,1,nyangate
27310,0,3,miRoox
27311,0,3,IcyCC
27312,0,17,DotNetAge
27313,0,22,samdenty
27314,0,46,epeli
27315,0,29,shrektan
27316,0,9,Katerou22
27317,0,5,diegovalenzuelaiturra
27318,0,1,ehknight
27319,0,7,archie-lab
27320,0,14,mdxprograms
27321,95,3,jacobworrel
27322,0,15,MostafaMhmod
27323,0,41,fernandodelrio
27324,0,10,athulantonynp
27325,0,53,rexxars
27326,0,11,thalytafabrine
27327,0,9,passionkind
27328,0,10,mj1618
27329,0,2,mantask
27330,0,5,juliofihdeldev
27331,0,1,miyurusankalpa
27332,0,8,kdwkr
27333,0,2,TimFerrell
27334,0,26,nikshinde1996
27335,0,22,suprememoocow
27336,0,14,AMorgaut
27337,0,7,Shitaibin
27338,0,9,AlexYangYu
27339,0,13,CaliCastle
27340,0,29,joncalhoun
27341,0,45,Justson
27342,0,12,srinidhinandakumar
27343,0,1,DrBoltzmann
27344,0,1,daryadedik
27345,0,22,MohammedTaha
27346,0,10,rijkvanzanten
27347,0,3,goweiwen
27348,0,2,MXWXZ
27349,0,4,cesar-cb
27350,0,7,ericadamski
27351,0,2,callumevans
27352,0,9,mkamakura
27353,0,22,KarlZeo
27354,0,4,Alex4386
27355,0,4,stuff
27356,0,5,flyingant
27357,0,15,XVilka
27358,0,1,TheUnbeatable
27359,0,3,RickCole21
27360,0,2,takanovcs
27361,260,2,Bazze
27362,0,4,steffencrespo
27363,0,258,Justineo
27364,0,4,jafetmorales
27365,0,15,emckean
27366,0,2,kefin
27367,0,34,liangklfangl
27368,113,3,mmattamala
27369,0,6,maziyarpanahi
27370,0,151,fhinkel
27371,0,2,Brigette-Eckert
27372,0,11,Mkrc
27373,0,9,javierjulio
27374,0,16,drrzmr
27375,0,1,Jenselme
27376,0,9,hklv
27377,0,3,rushlinneu
27378,0,1,linchinghao
27379,0,4,fahmiirsyadk
27380,0,23,rtnpro
27381,0,5,buro9
27382,0,7,milesibastos
27383,0,1,Octobug
27384,0,12,matheusrod92
27385,0,7,geronimo-iia
27386,0,7,liangfu
27387,0,6,adomenech73
27388,0,16,lucasb-eyer
27389,0,5,firminoweb
27390,0,33,sauban
27391,0,42,akofman
27392,0,3,R3VoLuT1OneR
27393,0,1,jasonnutter
27394,0,17,Boubacar-Diallo
27395,0,6,gabrielrobert
27396,0,2,ricardopolo
27397,0,3,naveedgol
27398,0,3,chilblane
27399,0,2,chrisbelyea
27400,0,23,leoxwebdev
27401,0,16,jsuyash1514
27402,0,4,kensplanet
27403,0,13,perhaps-yo
27404,0,10,prestonvanloon
27405,0,2,huangjingcai
27406,0,7,AmosLewis
27407,0,5,mknepprath
27408,0,6,scholer
27409,0,11,CuneytYilmaz
27410,0,2,adonese
27411,0,2,stevenjob
27412,0,5,ianizaguirre
27413,0,9,DylanTackoor
27414,0,1,pfrischmuth
27415,0,1,NiuCoder
27416,0,9,prokaktus
27417,0,4,paulirotta
27418,0,58,fanweixiao
27419,0,18,Marcocanc
27420,305,1,IvaTsu
27421,0,3,shuFlower
27422,0,6,nuxwin
27423,0,12,mortezaipo
27424,0,6,ilyashamd
27425,0,6,MatteoGiacomo
27426,0,70,emir
27427,0,44,cgmx
27428,0,21,saschagrunert
27429,0,1,KatSick
27430,0,1,asamolion
27431,0,13,sarahbethfederman
27432,0,4,ayatalat
27433,0,29,sromku
27434,0,2,obaby
27435,0,3,mrtpk
27436,0,11,khoerling
27437,0,2,singhvp
27438,0,28,UsulPro
27439,0,12,matallo
27440,0,4,timesking
27441,0,11,gabceb
27442,0,2,aquicreamos
27443,0,4,gurkanbicer
27444,0,1,ZhijianJiang
27445,0,21,djoudi
27446,0,5,karpolan
27447,0,55,tarvos21
27448,0,2,chenzitw
27449,0,72,AchoArnold
27450,0,572,donnemartin
27451,0,7,sventschui
27452,0,5,bravotty
27453,0,5,Dnncha
27454,0,3,surenjie
27455,0,38,ryan-roemer
27456,0,1,hellozgy
27457,0,8,NathanielHill
27458,0,4,aleksei0807
27459,0,10,KaiwenZha
27460,0,3,micheldumontier
27461,0,9,baoyuzhang
27462,0,1,dpfoose
27463,0,3,mccordgh
27464,0,43,kinncj
27465,0,6,reillo
27466,91,1,sbastrakov
27467,0,4,livelifelively
27468,0,5,michaelbaudino
27469,0,4,bbarreto
27470,0,39,jacksonfdam
27471,0,3,ouminghai
27472,0,12,jonluca
27473,0,1,chicheng
27474,0,37,DerekDick
27475,0,19,emschwartz
27476,0,2,Yonezcy
27477,0,14,hkongm
27478,0,13,meepobrother
27479,0,10,imgrbs
27480,0,1,moqshosting
27481,0,8,ayoola-solomon
27482,0,20,synhershko
27483,0,3,brandoncurtis
27484,0,4,gutrse3321
27485,0,2,Souler
27486,0,2,oisinmulvihill
27487,0,6,JrFarias
27488,0,6,nasim-aust
27489,0,3,lcarnevale
27490,0,6,htkoca
27491,0,24,SriNandan33
27492,200,3,nearbycoder
27493,0,28,ghondar
27494,0,10,satinder147
27495,0,21,CleverProgrammer
27496,0,2,CaioRussi
27497,0,114,JustinFincher
27498,0,3,andresgm
27499,0,1,enforcebeautifulcode
27500,0,4,jeyaramashok
27501,0,6,472647301
27502,0,3,ahus1
27503,0,6,rahimnathwani
27504,0,3,neerajvashistha
27505,0,5,prajval10
27506,0,16,amirjamil90
27507,0,1,Vove7
27508,0,5,fmassot
27509,0,4,joshforbes
27510,0,1,qz267
27511,0,7,rookiebob
27512,0,11,ishuah
27513,0,6,NortonAhu
27514,0,9,nambrot
27515,0,4,kiudee
27516,0,3,nsmetanin
27517,0,17,laughedelic
27518,0,12,qiaohaoforever
27519,0,2,robertbenjamin
27520,0,6,dmonad
27521,0,28,chikara-chan
27522,0,6,nylqd
27523,0,11,mustafaberkaymutlu
27524,0,5,ngloom
27525,0,6,jdudek
27526,0,16,seekaddo
27527,0,11,PymZoR
27528,0,2,FingerRec
27529,0,5,matkovsky
27530,0,1,JONGGON
27531,0,2,fernandez14
27532,0,22,emcenrue
27533,89,2,Subangkar
27534,0,2,GuyLivni
27535,0,13,Parthchokshi
27536,0,3,HeruIrawan
27537,0,9,baldassarreFe
27538,0,2,evanmhm
27539,0,41,nodejh
27540,0,1,PerfectlyNormal
27541,0,2,jarmentor
27542,0,1,mikaspell
27543,0,4,buresu
27544,0,1,sojan-official
27545,0,3,samelliott89
27546,0,1,Riften
27547,0,4,kevinvdburgt
27548,0,4,nimatullah
27549,0,4,pvhee
27550,0,15,hugocortes
27551,0,9,superhawk610
27552,0,7,tedsuo
27553,0,26,hamlim
27554,0,5,cguertin14
27555,0,8,gmzsenturk
27556,0,12,dpavlin
27557,0,2,qiqizjl
27558,0,2,sunhongjian
27559,0,19,marlonlamancio
27560,0,3,dorbodwolf
27561,0,2,HuangStomach
27562,0,10,caiofralmeida
27563,194,1,NJUBroccoli
27564,0,6,daxapps
27565,0,99,moimikey
27566,0,14,finmily
27567,0,3,aptrishu
27568,0,11,kevinrenskers
27569,0,2,SabinoWS
27570,0,2,misoukrane
27571,0,17,geminiyellow
27572,0,5,jonocairns
27573,0,5,ChrisYang
27574,0,1,YajJackson
27575,0,10,akolybelnikov
27576,0,15,hkalexling
27577,0,11,iwill
27578,0,64,carlosbuenosvinos
27579,0,16,Abhishekg219
27580,0,56,lilyball
27581,0,2,seetharamireddy540
27582,0,2,MDSLKTR
27583,71,2,gklei
27584,0,22,codekansas
27585,0,19,RobertKielty
27586,0,2,alphatroya
27587,0,3,sweatC
27588,0,1,OAmor
27589,0,87,mkhairi
27590,0,7,Syzygy110
27591,0,2,garykrige
27592,0,1,low901028
27593,0,25,daquexian
27594,0,6,floatingman
27595,0,9,Q71998
27596,0,85,ronanguilloux
27597,0,3,hendriku
27598,0,1,mancvso
27599,0,3,nitschmann
27600,0,3,devemio
27601,0,17,Sundrops
27602,0,15,dezkareid
27603,0,2,silent1mezzo
27604,0,2,avinashok
27605,0,22,RadoRado
27606,0,25,dzt
27607,0,10,AbishekArunachalam
27608,0,3,aminNazarii
27609,0,7,surume
27610,0,22,dimaxano
27611,0,6,GeneralLi95
27612,0,6,mhanberg
27613,0,19,jonathansamines
27614,0,1,YaoGuangyuan
27615,0,6,suhuaguo
27616,0,3,rajephon
27617,0,7,odin88
27618,0,5,supki
27619,0,5,AChaoZJU
27620,0,56,DevinXian
27621,0,1,bryngo
27622,0,5,nikhilknoldus
27623,0,22,simmimourya
27624,0,8,AhmadKabakibi
27625,0,18,cctv1005s
27626,0,14,a110605
27627,0,12,SaoYan
27628,0,4,alberanid
27629,0,7,krisanalfa
27630,0,3,daleloogn
27631,0,12,jskDr
27632,0,5,moonflare
27633,0,2,cjmcgraw
27634,0,3,akarzim
27635,0,47,philipp-spiess
27636,0,3,petergombos
27637,0,7,lianos
27638,0,1,qianxinfeng
27639,0,18,JuniperPhoton
27640,0,2,rodrigofs
27641,0,7,arpagon
27642,0,6,MitMaro
27643,0,8,ShawDanon
27644,0,10,nosun
27645,0,2,sean0x42
27646,0,6,Markz2z
27647,0,11,Atomwh
27648,0,12,Nanue1
27649,0,19,bunhann
27650,0,30,sgress454
27651,0,40,EmilHvitfeldt
27652,0,43,cmingxu
27653,0,5,avilella
27654,0,1,MinhNguyen41092
27655,0,92,omarsar
27656,0,18,sg552
27657,0,13,snmslavk
27658,0,5,talha08
27659,0,8,glebmachine
27660,0,20,guerreiro
27661,0,2,sujunglee
27662,0,7,lcmftianci
27663,0,3,spathon
27664,0,2,gferreiraa
27665,0,2,savourylie
27666,0,2,bumbummen99
27667,0,33,nickpeihl
27668,0,8,muratkrty
27669,0,69,ggomaeng
27670,0,5,lqf96
27671,0,5,chainho
27672,0,1,fosron
27673,0,1,dtsdao
27674,0,29,thavoo
27675,0,5,hejiaji
27676,0,2,chaoyueziji
27677,0,6,humbhenri
27678,0,4,7hens
27679,0,4,araslanov-e
27680,0,83,CaiqueMOliveira
27681,0,27,llcing
27682,0,4,mh4x0f
27683,0,17,Bravechen
27684,0,6,MarkFChavez
27685,0,3,billxcode
27686,0,3,Grizzy-bear
27687,0,3,Saif-M-Dhrubo
27688,0,11,crcrcry
27689,0,1,DimaJedi
27690,0,7,e-quilibre
27691,0,2,reesecode
27692,0,7,mimmi20
27693,0,7,Nozibulla
27694,0,1,britton-jb
27695,0,14,hericlesme
27696,0,5,M-Sayed
27697,0,1,frenzy2106
27698,0,6,cstroe
27699,0,4,WuYifanX
27700,0,8,f7753
27701,0,31,guilhermebruzzi
27702,0,3,brunolimadevelopment
27703,0,1,bodhicougar
27704,0,10,dgcoffman
27705,0,5,ClareChu
27706,0,3,rbirkelbach
27707,0,7,CamiloBernal
27708,0,12,lcomino
27709,0,1,boxpositron
27710,0,4,mbrosowicz
27711,0,5,niezhiyang
27712,0,9,metractive
27713,0,1,Leenug
27714,0,2,Rajdeepc
27715,0,2,cryptokat
27716,0,3,Nikeshbajaj
27717,0,2,congshao
27718,0,2,mohanramphp
27719,0,79,jalbertbowden
27720,0,2,ZhangGongjie
27721,0,10,ladybugtju
27722,0,10,adityasharat
27723,0,19,lancefisher
27724,0,1,drlongnecker
27725,0,2,Ema93sh
27726,0,7,devinargenta
27727,0,5,helingfeng
27728,0,98,FreezeSoul
27729,0,1,ikazoy
27730,0,4,chaoyangnz
27731,0,11,CodeOfficer
27732,0,20,BlackDragonF
27733,0,5,patrickrodee
27734,0,7,rfgamaral
27735,0,6,chiyahn
27736,0,11,akshaynathr
27737,0,6,marcellustavares
27738,0,1,ethanychen
27739,0,8,sasivarnakumar
27740,226,1,GeekBoySupreme
27741,0,13,mikevocalz
27742,0,63,adrianco
27743,0,1,shitian-ni
27744,0,3,brunocechet
27745,0,91,DianQK
27746,0,33,mauricioabreu
27747,0,6,greeflas
27748,0,3,Puthranps
27749,0,69,hacke2
27750,0,1,josemifv
27751,0,36,kebot
27752,0,1,djhaskin987
27753,0,5,criana
27754,0,33,grauwoelfchen
27755,0,11,dreamingechoes
27756,0,10,XorAndre
27757,0,2,prabhatpankaj
27758,0,6,juliocamarero
27759,0,1,liang1224
27760,0,1,mapacient
27761,0,5,andreibondarev
27762,0,15,idlecool
27763,0,8,slabua
27764,0,7,andrelugomes
27765,0,4,shtirlic
27766,0,2,rjdellecese
27767,0,8,sh7ning
27768,0,3,Aksh77
27769,0,1,FrancisZamora
27770,147,1,carvilsi
27771,0,17,gaoxiaoning
27772,0,5,hldh214
27773,0,10,nirzaq
27774,0,5,pvmm
27775,0,8,nimesko
27776,0,1,Havret
27777,0,35,ConanCui
27778,0,6,rgladwell
27779,0,1,briarbear
27780,0,11,shenmengyuan
27781,0,3,enzomarc
27782,0,5,OGProgrammer
27783,0,9,JackEggie
27784,0,3,chznbaum
27785,0,2,chandan07cse
27786,0,9,binhe22
27787,0,2,fel-cesar
27788,0,15,fbzhong
27789,0,17,CodeDotJS
27790,0,16,nanhung
27791,0,2,tangyiyang
27792,133,1,jinifor
27793,0,37,KeKe-Li
27794,0,1,mbutton77
27795,0,5,jotaoncode
27796,0,1,amatsuo
27797,0,2,shirui-japina
27798,0,7,ettorerizza
27799,0,1,JazzikPeng
27800,0,18,matthewtrask
27801,0,1,ofctlo
27802,136,2,minhhungit
27803,0,7085,nfultz
27804,0,5,samuelzhouhe
27805,0,10,drazzib
27806,0,8,Lrtwjhs
27807,0,12,raj-maurya
27808,0,51,cobus07
27809,0,10,PsychoLlama
27810,284,2,LossNAN
27811,0,9,emiloberg
27812,0,1,saeedghx68
27813,0,10,marcelomiky
27814,0,1,shyamStarwalt
27815,0,2,MiguelAlcaino
27816,0,21,mintuz
27817,0,10,sergwx
27818,0,7,Friday21
27819,0,6,aVolpe
27820,0,1,dinotuku
27821,0,10,RaitoBezarius
27822,211,1,ribordy
27823,0,6,14glwu
27824,0,152,diegohaz
27825,0,5,binaryk
27826,0,1,basmaashouur
27827,0,1,sahapranta
27828,0,12,Silencesnow
27829,0,3,sandeepkv93
27830,0,10,lkwq007
27831,0,2,DHedgecock
27832,0,6,iht
27833,0,9,Selich
27834,0,44,iamgbayer
27835,0,1,exe-dealer
27836,0,15,kuryaki
27837,0,8,tendence
27838,0,13,cngondo
27839,0,40,shanmdphd
27840,0,8,drexler
27841,0,2,alexandrosstergiou
27842,0,30,peterchealse
27843,0,77,idf
27844,0,1,aethys256
27845,0,6,jiexiong2016
27846,0,2,patrickPDD
27847,0,7,benjamingauthier
27848,0,44,cored
27849,0,12,srinathgs
27850,0,16,phi-jp
27851,0,29,jeromechan
27852,0,7,kryptt
27853,0,6,anykeyh
27854,0,21,CNKCQ
27855,0,100,mdsumner
27856,0,22,mikaelhadler
27857,0,5,duncanmcdougall
27858,0,6,iamssen
27859,0,11,luizcarvalho
27860,0,42,azl397985856
27861,0,4,dprevite
27862,0,14,pistis
27863,0,4,luca16s
27864,0,9,frankrobert
27865,0,4,epowell101
27866,0,2,MikePreston17
27867,0,34,doitian
27868,0,3,LeungGeorge
27869,0,2,HDNua
27870,0,7,smartium
27871,0,1,perdona
27872,0,18,fangjianming
27873,0,2,irresponser
27874,0,67,OlingCat
27875,0,9,cmjagtap
27876,0,9,edgeowner
27877,0,12,hlship
27878,0,2,thomashamlin
27879,0,2,jerozan
27880,0,2,Kishlin
27881,0,1,Mushood
27882,0,1,Joel-hanson
27883,0,6,kyle-john
27884,0,2,akrishnakumar-splunk
27885,0,3,sapphoo
27886,0,8,thelazyindian
27887,0,8,cousquer
27888,0,16,rathesDot
27889,0,7,motokiee
27890,0,3,bwpedro
27891,0,3,marcemira
27892,0,2,suvratjain1995
27893,0,1,RamonRomeroQro
27894,0,13,joshbalfour
27895,0,8,bart-jansen
27896,0,13,stringertheory
27897,0,2,Explorare
27898,0,7,jaywink
27899,0,1,AntonioCarta
27900,0,2,HlaingTinHtun
27901,0,5,royburns
27902,0,6,kiranps
27903,0,8,JamesZBL
27904,0,6,mpaleo
27905,0,5,silalahi
27906,0,24,byeonggukgong
27907,0,13,abbood
27908,0,8,ManudeQuevedo
27909,0,1,stefanfranzen
27910,0,2,Scarsz
27911,0,43,dongjoon-hyun
27912,0,29,mahmudahsan
27913,0,24,chiyodad
27914,0,3,dimonge
27915,0,1,Konsang
27916,0,2,kevinbirch
27917,0,6,luozijian
27918,0,3,jinh574
27919,0,5,Seeyong
27920,0,10,arturoaviles
27921,0,6,lokitold
27922,0,3,adaube
27923,0,13,castoryan
27924,0,1,bullockwp
27925,0,13,Hugo-seth
27926,0,1,jdlzy
27927,0,2,karsingh991
27928,0,4,mickaelbaron
27929,0,36,nightink
27930,0,2,kabala
27931,0,35,maxnowack
27932,0,4,dustinleblanc
27933,0,118,memoiry
27934,0,19,reddysainathn
27935,0,6,BianXinda
27936,0,3,orlandoaleman
27937,0,4,ezemery
27938,0,5,dockercore
27939,0,9,royJang
27940,0,6,lcguerrerocovo
27941,0,6,abhinavhinger12
27942,0,2,nwkeeley
27943,0,2,sigrlami
27944,0,10,YukiNagato
27945,0,2,ferdhika31
27946,0,11,mparke
27947,0,11,frankxu2004
27948,0,8,geekayush
27949,0,1,crispen-smith
27950,0,10,Pauan
27951,0,22,bobbyshaw
27952,0,43,Mozartted
27953,0,6,muke5hy
27954,0,6,seanbradley
27955,0,44,davidjsalazarmoreno
27956,0,3,amita-kapoor
27957,0,4,olaviolacerda
27958,0,4,lupino22
27959,0,11,danmayer
27960,0,2,mrhack
27961,0,21,qqcome110
27962,0,22,koobitor
27963,0,9,lewispb
27964,0,1,schutzekatze
27965,224,1,bpodwinski
27966,0,15,danvoell
27967,0,1,RyanLeake
27968,251,2,asidiali
27969,0,5,s0wk
27970,0,13,saleem-hadad
27971,0,2,sharpshark28
27972,0,2,sickworm
27973,0,5,AmaanKulshreshtha
27974,0,7,macbroadcast
27975,0,1,dexter0201
27976,0,12,psiemens
27977,0,2,pratikfalke
27978,0,13,tejasa97
27979,0,9,liungkejin
27980,0,16,jordanamorais
27981,0,44,itwanggj
27982,0,1,francois06
27983,0,84,JimmyLv
27984,0,2,rosstimson
27985,0,6,glenak1911
27986,0,9,elsonwu
27987,0,1,Clear2
27988,0,5,hrbustor
27989,0,4,calvinnwq
27990,0,5,EKibet
27991,0,2,Densz
27992,0,2,nishio-dens
27993,0,20,liuhedev
27994,0,12,guoruijiao
27995,0,1,nickangtc
27996,0,7,okor
27997,115,4,eloytoro
27998,0,4,garethnic
27999,0,5,lmhtq
28000,0,5,lusan
28001,0,5,DevWurm
28002,0,2,flipphillips
28003,0,6,rakeshmenon
28004,0,19,cctanfujun
28005,0,115,jinfagang
28006,0,74,mistrydarshan99
28007,0,14,distums
28008,0,40,andschwa
28009,0,10,ayo4code
28010,0,2,siyuantlw
28011,0,2,ahmad88me
28012,0,1,faridfr
28013,0,8,chehongshu
28014,0,109,bitemyapp
28015,0,1,renll
28016,0,5,tiagosampaio
28017,0,32,a-voyager
28018,0,4,Manveer695
28019,0,11,SeongokRyu
28020,0,1,hernanBeiza
28021,0,24,jlcallalle
28022,0,3,ambujraj
28023,0,3,h4ki
28024,0,1,chunbiao
28025,0,11,caiobep
28026,0,2,gayankalhara
28027,0,16,franrios
28028,0,1,AniruddhaVarma
28029,0,2,OwenGitHub1
28030,188,2,FilipaRamos
28031,0,1,Tknott95
28032,0,10,radamanthus
28033,0,5,ViniciusSabino
28034,0,62,shambhu384
28035,0,4,destinyzs
28036,0,77,adhrinae
28037,0,3,LRAbbade
28038,0,16,darkstarslyp
28039,114,1,MrWhoami
28040,0,23,BeanWei
28041,0,11,awmleer
28042,0,1,intsco
28043,0,7,mersanuzun
28044,0,10,pythongiant
28045,0,11,AlexKorovyansky
28046,0,2,Jerek0
28047,0,3,EtienneCmb
28048,0,11,MichaelWiss
28049,0,2,never615
28050,0,3,shaonianruntu
28051,0,3,belozer
28052,0,7,skariel
28053,0,15,anqurvanillapy
28054,0,5,gwaygenomics
28055,0,2,aabobakr
28056,0,8,fgerschau
28057,0,7,manavo
28058,0,2,ajduncan
28059,0,3,reygreen1
28060,0,7,oscarpalmer
28061,0,10,Corlobin
28062,0,4,fazlulkarimweb
28063,0,16,dkurt
28064,0,24,aimxhaisse
28065,0,8,byunjuneseok
28066,0,17,otfrom
28067,0,14,kevinelliott
28068,178,2,crumb1e
28069,0,3,marcoturi
28070,0,20,firmread
28071,0,10,Emmanuel-Melon
28072,0,16,jimczj
28073,0,30,Wonz5130
28074,0,3,ludgerpaehler
28075,0,9,ChrisCummins
28076,0,6,linlianmin
28077,0,17,jackparmer
28078,0,2,jasofalcon
28079,0,3,GLuchtenberg
28080,0,18,danawoodman
28081,0,21,adiman9
28082,0,7,kevingamboa17
28083,0,3,tarikkdiry
28084,0,7,aggarwalankush
28085,0,3,mratwan
28086,0,8,prasanthj
28087,0,18,robindemourat
28088,0,9,marcus-crane
28089,0,18,devshiva619
28090,0,3,gfernandes410
28091,0,14,froschdesign
28092,0,11,delian
28093,0,8,estebanprimost
28094,0,10,dyzs
28095,0,34,colinodell
28096,0,10,preke
28097,0,17,shamasis
28098,0,24,jeannotes
28099,0,1,danabrey
28100,0,56,ckjbug
28101,0,15,nathanhleung
28102,0,1,jacobjennings
28103,0,4,peikexin9
28104,0,3,NawattY
28105,0,1,BowenYin
28106,0,3,anilbas
28107,0,2,asvae
28108,0,5,dillondaudert
28109,0,5,brino
28110,0,1,Rulinski
28111,0,5,geekben
28112,0,25,emqplus
28113,0,1,Istom1n
28114,0,2,sky790312
28115,0,2,alphashuro
28116,0,2,amitection
28117,0,1,bupyc9
28118,0,340,felipefialho
28119,0,7,joshjhargreaves
28120,0,2,6temes
28121,0,1,hex20
28122,0,28,htaghizadeh
28123,0,12,frank-lam
28124,0,6,Guocover
28125,0,3,Pchelolo
28126,263,1,Skydddoogg
28127,0,3,mohtamohit
28128,0,26,Jeff-Tian
28129,0,2,bigyelow
28130,0,5,anitakym
28131,0,2,m4r35
28132,0,13,hongaar
28133,0,3,coolspan
28134,0,1,X-czh
28135,0,27,erickpatrick
28136,0,5,rafbm
28137,0,5,spaceguy101
28138,0,6,Charpell
28139,0,36,ec2ainun
28140,0,5,baineng
28141,0,5,itepifanio
28142,0,16,Dawny33
28143,0,32,IvanGoncharov
28144,12,4,AlexLiuyuren
28145,0,8,Messhias
28146,0,9,jph98
28147,0,5,liyeyu
28148,0,6,Mayner
28149,0,1,razeone
28150,0,12,WuZhuoran
28151,0,6,sencho
28152,0,1,lawja
28153,0,15,OUCHUNYU
28154,0,3,rsm23
28155,0,24,lizhizhou
28156,0,3,jasonustc
28157,0,3,enpeizhao
28158,0,6,SeanBlakeley
28159,0,1,anselm94
28160,0,6,rogeroyer
28161,0,7,andy-esch
28162,0,8,blair101
28163,0,4,thousif
28164,0,7,rossoskull
28165,0,12,FMCorz
28166,0,4,dangerousbeans
28167,0,1,dmitrbrvsk
28168,0,13,sabatesduran
28169,0,6,syshlang
28170,0,14,michaeldwan
28171,0,1,arthurpessoa
28172,0,1,dhruv-karan
28173,0,2,adrianmui
28174,0,7,swmcc
28175,0,4,daliborgogic
28176,0,4,nathsimpson
28177,0,1,MrJia1997
28178,0,5,brucejcw
28179,0,26,ab25cq
28180,0,26,cardoni
28181,0,42,Ph3nol
28182,221,1,maybetomorrow99
28183,0,22,anthinkingcoder
28184,0,7,jeromegamez
28185,0,20,imagemlt
28186,0,4,F2X
28187,0,2,Nonsensersunny
28188,0,3,eskrano
28189,0,5,jensvdh
28190,0,1,JohnlNguyen
28191,0,21,iashris
28192,0,5,hamcompe
28193,0,2,TahaBoulehmi
28194,0,2,swasatz
28195,0,29,rollschild
28196,0,1,hwangfantasy
28197,0,35,Michael3444
28198,0,1,MPPECS
28199,0,7,Fcscanf
28200,0,3,masharp
28201,0,7,phillipdhwall
28202,0,13,suttree
28203,0,2,robodreamer
28204,159,2,danielronnkvist
28205,0,3,tifftalk
28206,0,26,devrck
28207,0,8,indukantdeo
28208,0,2,thesunnysky
28209,0,1,Duotun
28210,0,14,mmatheuspalma
28211,0,6,kyleknighted
28212,0,11,julianyraiol
28213,0,25,bocharsky-bw
28214,0,14,elamurugan
28215,0,1,dsenyurt
28216,0,1,timmytune
28217,0,304,jonschlinkert
28218,0,2,VVKot
28219,0,2,ryjen
28220,0,1,baoy-nlp
28221,0,3,kjanjua26
28222,0,9,jtomaszewski
28223,0,6,floriansalihovic
28224,0,21,mintuhouse
28225,0,2,missKatiaPunter
28226,0,1,Jatin-007
28227,328,2,spartDev
28228,0,1,bobby0809
28229,0,2,hzm2016
28230,0,18,Wzxhaha
28231,0,32,erabhimanyu
28232,0,2,nateshmbhat
28233,0,2,Muhammad7Salah
28234,0,12,tgsmith61591
28235,0,34,Turbo87
28236,0,25,fanny
28237,0,11,rohitash-chandra
28238,0,30,guowilling
28239,0,2,godseo
28240,0,2,Fanli2012
28241,0,7,nesk
28242,0,7,evanzhu2013
28243,0,2,manfe
28244,0,2,lfiaschi
28245,0,3,MorrisonCole
28246,0,5,hanqiulun
28247,0,4,aelshamy
28248,0,60,army8735
28249,0,15,nicoSWD
28250,0,6,jacoboisaza
28251,0,7,Tech-Nomad
28252,0,2,patrikarvidsson
28253,0,1,ideex2
28254,0,12,ananddamodaran
28255,0,1,rgee
28256,0,3,jamesray
28257,0,6,mirkods
28258,0,8,soberdash
28259,0,9,nolds9
28260,0,6,paruckerr
28261,0,9,alxyang
28262,0,1,faliah
28263,0,2,grizzlylab
28264,0,1,nandorocker
28265,0,2,Daviddddl
28266,0,11,kom0055
28267,0,42,ferhatelmas
28268,0,1,SharpCoder
28269,0,6,phyllisstein
28270,0,1,VidhushiniSrinivasan16
28271,0,8,jennndol
28272,0,10,nicinabox
28273,0,4,fabioruolo
28274,0,6,lucasvalhos
28275,0,21,rafaelss
28276,0,6,shreyanshpanchal
28277,0,11,kaeawc
28278,0,18,michalkvasnicak
28279,0,4,Roxerg
28280,0,11,huazhihao
28281,0,2,oantawilliam
28282,0,19,ElijahLynn
28283,0,50,h4yfans
28284,0,2,imaustink
28285,0,16,orospakr
28286,0,22,marcosalberto
28287,0,9,husinul
28288,0,39,shenli
28289,0,1,bbtb1982
28290,0,21,TongchengQiu
28291,0,9,DrBenton
28292,0,3,in1t3r
28293,0,7,qqbuby
28294,0,5,moemen95
28295,0,3,hcivelek
28296,0,10,araujodavid
28297,0,29,jessefreeman
28298,0,2,addingding
28299,0,5,acbetter
28300,0,26,pixelhandler
28301,0,3,lbenedette
28302,0,4,chenchun
28303,0,42,nekofar
28304,0,3,kolibri
28305,0,5,thebradbain
28306,0,1,dominik-zeglen
28307,0,8,materazu
28308,0,9,MiRinZhang
28309,0,2,harlet
28310,0,4,sgtkuncoro
28311,0,10,GoDotDotDot
28312,0,9,adrianalonso
28313,0,5,phult
28314,0,13,shekohex
28315,0,2,Tian312
28316,0,16,siegrainwong
28317,0,3,alexandervalencia
28318,0,6,nikans
28319,0,6,munagekar
28320,0,2,mcanaves
28321,0,4,richdynamix
28322,0,99,imathis
28323,0,3,szanata
28324,0,2,mehul19851
28325,0,8,MartinYounghoonKim
28326,0,3,jackmcpickle
28327,0,16,khoslaventures
28328,0,1,Fine217
28329,0,3,daaru00
28330,0,1,macs03
28331,0,15,saumya
28332,111,2,Luidog
28333,0,74,sadlil
28334,0,5,iJinxin
28335,0,16,donhuvy
28336,0,9,caseyohara
28337,0,100,kbroman
28338,0,17,devnetgomez
28339,0,1,Ollen
28340,0,75,e9t
28341,0,3,martiningram
28342,0,5,TreasureU
28343,0,17,JonnyBurger
28344,0,1,TomKrutis
28345,0,4,sky-xsk
28346,0,6,tboztuna
28347,0,1,dylanh724
28348,0,1,MAXEE998
28349,0,7,00Kai0
28350,0,7,cooervo
28351,0,4,boxman0617
28352,0,10,master-q
28353,0,1,sjyMystery
28354,0,8,Shimingli
28355,0,17,lexzhukov
28356,0,20,marcooliveira
28357,0,3,ahmedmohiduet
28358,0,8,biojazzard
28359,0,11,tietang
28360,0,3,ilirhushi
28361,0,6,igorborgest
28362,0,2,canhtoanptit
28363,0,3,adelra
28364,0,7,appear
28365,0,72,fabioassuncao
28366,0,6,imtaehyun
28367,0,42,danbri
28368,0,31,bcavileer
28369,0,9,bamboosdu
28370,0,1,katehara
28371,0,41,Hilvcha
28372,0,3,t9toqwerty
28373,0,9,thewoolleyman
28374,0,3,deacix
28375,0,13,connorbrathwaite
28376,0,23,achimnol
28377,0,11,hieuhlc
28378,0,5,TonyLianLong
28379,0,3,fabio-cancio-sena
28380,0,15,aphichat
28381,0,9,lzw19951010
28382,0,18,kovyrin
28383,0,13,mawrkus
28384,0,2,renwangyu
28385,0,20,LukeLin
28386,0,8,penafieljlm
28387,0,5,janar
28388,0,38,ryanxcharles
28389,0,2,asharakeh
28390,0,4,rdbuf
28391,0,32,cmlanche
28392,0,19,prabakarviji
28393,0,15,MatthewKosloski
28394,0,1,mario-aleo
28395,0,61,D-clock
28396,0,5,terranc
28397,0,44,leonardorifeli
28398,0,10,jibinmathew69
28399,0,11,babhishek21
28400,0,12,kamalkraj
28401,0,3,ZhenyuYuan
28402,0,1,dariarom94
28403,0,6,danielmelogpi
28404,0,5,ArnaudLda
28405,0,1,octokatt
28406,0,22,kvantas
28407,0,8,embassem
28408,0,6,shubhamg931
28409,0,5,Zhang-Siyang
28410,0,27,forresty
28411,0,2,nanomen
28412,0,5,ibnumalik
28413,0,8,coderIlluminatus
28414,0,10,pascaliske
28415,0,34,sananand007
28416,0,4,jayanthjaiswal
28417,0,70,mding5692
28418,0,4,AITTSMD
28419,0,144,mrprompt
28420,0,5,YutaoChow
28421,0,12,ogta
28422,0,65,joelparkerhenderson
28423,0,17,tfrommen
28424,0,5,nathanjmorton
28425,0,4,melzoghbi
28426,0,103,a2
28427,0,7,Azhe403
28428,0,4,thebluespecs
28429,0,46,BaronZ88
28430,0,11,Mrtriste
28431,0,2,pasqLisena
28432,0,4,klujanrosas
28433,0,6,keithparent
28434,0,4,noahbjohnson
28435,0,1,ntaylor89
28436,0,13,hermanzdosilovic
28437,0,2,Haizs
28438,0,7,adamdrake210
28439,0,11,smanurung
28440,0,8,stefandanaita
28441,0,5,Moonomo
28442,0,12,HankLiang
28443,0,4,PyJulie
28444,0,28,machito
28445,0,8,ardcore
28446,0,12,fozg
28447,0,2,mBigFlower
28448,0,8,dubowen91
28449,0,59,lisovskyvlad
28450,0,1,jerrysearch
28451,0,32,howl-anderson
28452,0,2,colinmac17
28453,0,5,andrexuDeveloper
28454,0,2,dambrisco
28455,0,2,ndom91
28456,0,7,lockerfish
28457,0,28,ggeop
28458,0,1,akshaykale
28459,0,3,marcelloromanelli
28460,0,8,TokenTimwang
28461,0,29,ritvik1512
28462,0,1,Libermentix
28463,0,7,LesterKim
28464,0,1,qingyunqu
28465,0,10,amsimoes
28466,0,2,jgrund
28467,0,6,ThomasErhel
28468,0,11,daredream
28469,0,3,LostCore
28470,204,1,pauladams8
28471,0,11,mattburman
28472,0,2,mynameisbxh
28473,0,1,2018sjain
28474,0,6,Perados
28475,0,9,ligboy
28476,0,5,ngscheurich
28477,0,19,airt
28478,0,2,kodmanyagha
28479,0,2,sakuranew
28480,0,2,tabirkeland
28481,0,8,jsleetw
28482,0,2,renatolfc
28483,0,1,fulit103
28484,0,3,stephlm2dev
28485,0,1,mattk90
28486,0,2,XuSen123
28487,0,34,kristianmandrup
28488,0,12,newaeonweb
28489,0,16,lanwuwei
28490,0,18,skyduy
28491,0,2,AnimeshPandey
28492,0,2,TushaarGVS
28493,0,1,haohanchen
28494,0,20,suqi
28495,0,1,chomchomtron
28496,0,2,nevillegallimore
28497,0,3,takayukioda
28498,0,2,terminaltraces
28499,0,1,danvaida
28500,0,1,siddhugolu
28501,0,3,jalmenarez
28502,0,24,jozanza
28503,0,14,borisrorsvort
28504,0,12,goncy
28505,0,24,LynnHo
28506,0,12,jessica-jordan
28507,0,4,dtcristo
28508,0,4,ccummings
28509,0,3,aaug-caasco
28510,0,16,liam-middlebrook
28511,0,8,sanyueyu
28512,0,39,mrxuyong
28513,0,10,coolerfall
28514,0,1,huangyangteng
28515,0,7,laphilosophia
28516,0,8,mzweilin
28517,0,10,lawwantsin
28518,0,4,fbeeper
28519,0,3,ayang818
28520,0,13,Delapouite
28521,0,6,sambecker
28522,0,81,timgrossmann
28523,0,13,squorax
28524,0,7,h4mit
28525,0,13,derrabus
28526,0,2,littleangelio
28527,0,19,elliot-wpy
28528,0,1,cleberar38
28529,0,1,jdweaver
28530,0,2,jdmgarcia
28531,0,6,marcusbalbi
28532,0,115,reeze
28533,0,1,brokge
28534,0,1,bitrut
28535,0,21,fvrqan
28536,0,17,Saber2pr
28537,0,2,BongaDev
28538,0,5,mgreau
28539,0,6,saibotsivad
28540,0,7,dallas
28541,0,1,fedefloris
28542,0,29,chiragjn
28543,0,9,ahmedengu
28544,0,6,rferreira
28545,0,9,gionn
28546,0,3,adymilk
28547,0,3,gsliu
28548,0,2,luoxuehuan
28549,0,16,dyelax
28550,0,2,WinaZar
28551,0,2,Tomcli
28552,0,8,brucx
28553,0,13,Komzpa
28554,0,12,jonasagx
28555,0,2,chekwube
28556,0,5,gabrielhuang
28557,0,3,abhisharma2
28558,0,6,anthonynichols
28559,0,4,itxiao6
28560,0,10,manniru
28561,0,6,mikedamage
28562,254,1,roshan-raj
28563,0,2,KrishnB
28564,0,9,GilgameshD
28565,0,3,sroczynski
28566,0,7,heshamelmasry77
28567,0,16,PengfeiWang666
28568,0,11,Otman404
28569,0,5,lxj
28570,0,2,mvpasarel
28571,0,10,henteko
28572,0,41,emptymalei
28573,0,3,kingfeast
28574,0,32,fangjian0423
28575,0,37,nanzm
28576,0,7,nkundiushuti
28577,0,18,majicmike
28578,0,2,BlurryRoots
28579,0,21,ryanwang520
28580,0,13,mariorodeghiero
28581,0,2,cksanjose
28582,0,17,stormasm
28583,220,2,itsukichang
28584,0,6,shamaahlawat
28585,0,4,monsterbrain
28586,0,5,ivanopagano
28587,0,1,bharathirajatut
28588,0,12,rapidhere
28589,0,4,luisomoreau
28590,0,9,aaronbai
28591,0,39,HaitianLiu
28592,0,5,poode
28593,0,16,muatik
28594,0,3,aaronjustcode
28595,0,147,santiagomota
28596,0,12,banacorn
28597,0,12,ldsink
28598,0,1,MaxXSoft
28599,0,11,ElenaMLopez
28600,0,3,jakutis
28601,0,70,minesh1291
28602,0,145,Piasy
28603,0,33,RealPolitiX
28604,0,4,conrad-vanl
28605,0,3,PeterisP
28606,0,1,YozhEzhi
28607,0,2,talhahasanzia
28608,0,1,rontho1992
28609,0,24,nbarbettini
28610,0,32,Walter0807
28611,0,41,marcosnils
28612,0,111,EddyVerbruggen
28613,0,6,K2
28614,0,6,jakemcgraw
28615,0,2,sjorsroelofs
28616,0,4,EmilPoulsen
28617,0,4,chrisma2012
28618,0,4,repson
28619,0,10,fakufaku
28620,0,11,MartiUK
28621,0,3,hujianxin
28622,0,13,brunosan
28623,0,40,lewis617
28624,0,20,NullMDR
28625,0,1,apollo2030
28626,0,2,ljzzju
28627,0,14,qasim
28628,0,2,Feuda
28629,0,5,IngAjVillalon
28630,0,22,saurabhmarpadge
28631,0,11,daytonn
28632,0,4,mahfuzk
28633,0,3,driverzhang
28634,0,14,HamidNE
28635,0,45,khanghoang
28636,0,20,Lemmah
28637,0,12,Asing1001
28638,0,1,AmitPatel-BoTreeConsulting
28639,0,125,caio-ribeiro-pereira
28640,0,7,licslan
28641,0,2,keyanoosh
28642,0,4,intrepidChw
28643,0,11,perlun
28644,0,26,nathos
28645,0,46,tiggreen
28646,0,4,JamesAlias
28647,0,17,hermanschaaf
28648,0,12,Mdlkxzmcp
28649,0,8,janzaib-masood
28650,0,2,arpitgo4
28651,0,12,rafkhan
28652,0,3,jorgejaramillo
28653,0,1,beiatisi
28654,0,3,ph00lt0
28655,68,1,chrzyki
28656,0,7,AntonUBC
28657,0,10,parakalan
28658,0,1,rpaudel42
28659,0,6,matamalaortiz
28660,0,13,neoneye
28661,0,1,panjunjie
28662,0,1,DWoonD
28663,0,19,misaelnieto
28664,0,6,robints
28665,0,17,bolechen
28666,0,5,JasonChu1313
28667,0,22,jgorset
28668,0,2,smileyqp
28669,0,4,shayansiddiqui
28670,0,6,acostalima
28671,0,120,ahmdrefat
28672,0,9,Aprilcuhk
28673,0,4,melikesofta
28674,0,1,juxtux
28675,0,1,sousandrei
28676,0,7,kakipo
28677,0,21,ejunjsh
28678,0,3,krshubham
28679,0,4,roeeyn
28680,0,12,aknuds1
28681,0,6,felixglow
28682,0,1,mateuszgachowski
28683,0,16,esraa-ibrahim
28684,0,46,hanachin
28685,0,11,pakozm
28686,0,27,lalalaring
28687,0,1,dpianelli
28688,0,7,riix
28689,0,1,redbaty
28690,0,5,muik
28691,0,10,ananth10
28692,0,1,jonajgs
28693,0,5,geraintzm
28694,0,13,rahulsonwalkar
28695,0,9,nylki
28696,0,11,Anujraval24
28697,0,43,fiveisprime
28698,0,11,d35k
28699,0,2,m-schmoock
28700,0,1,TASnomad
28701,0,5,dendyikbc
28702,0,2,tanishq-dubey
28703,0,14,leozhang2018
28704,0,11,jaymzcd
28705,0,2,ShaoZeMing
28706,0,6,ikariwing
28707,0,6,dbinthesky
28708,0,10,TankAbraham
28709,0,12,aureliosaraiva
28710,0,1,internalsystemerror
28711,0,8,gryzzly
28712,0,2,storo
28713,0,23,salotz
28714,0,72,jkup
28715,0,17,displague
28716,0,2,mtaylor769
28717,0,5,VisionYi
28718,0,1,Ueva
28719,0,81,abitlong
28720,0,9,dieguezz
28721,0,8,rbhushan90
28722,0,9,lakshmantgld
28723,0,5,frankxiongsir
28724,0,2,manzhakdotcom
28725,0,4,grkvlt
28726,0,3,EoinTravers
28727,0,17,chinadd
28728,0,8,reycn
28729,0,6,blackcape29
28730,0,11,aakashlpin
28731,0,7,henocdz
28732,0,5,amyoshino
28733,0,4,duongli45
28734,0,14,muthhus
28735,0,17,jodytate
28736,0,9,SatioO
28737,0,1,AC-YoY
28738,0,4,moshest
28739,0,9,novln
28740,0,12,XunMengWinter
28741,0,4,SattaRavi
28742,0,3,andrefigueira93
28743,108,1,onurburak9
28744,0,5,tdgroot
28745,0,2,bkt92
28746,0,4,loverszhaokai
28747,0,2,lcortess
28748,0,3,boxersb
28749,0,43,raitucarp
28750,0,5,fantastao
28751,0,8,sae13
28752,0,10,YYSU
28753,0,4,acocac
28754,0,15,jianlong-yuan
28755,0,99,cp
28756,0,33,fabianmoronzirfas
28757,0,2,jeffhorton
28758,0,1,Eljefemasao
28759,0,10,shy2850
28760,0,5,danielmoraes
28761,0,69,sosedoff
28762,0,1,Aeolun
28763,0,23,hyyan
28764,0,3,k0d3r1s
28765,0,1,CosX
28766,0,2,mcolebrook
28767,0,84,Aspsine
28768,0,1,bbsody
28769,0,1,deadlybyte
28770,0,3,cameronblandford
28771,0,6,hildjj
28772,0,11,bindy
28773,0,4,hlfcoding
28774,0,1,ArunRamakani
28775,0,3,komalpopli
28776,0,5,jiajunmao
28777,0,153,bmeurer
28778,0,1,lea21st
28779,0,3,jnaidoo
28780,0,2,SMILEORIGIN
28781,0,1,debiprasad
28782,0,26,geopayme
28783,0,1,FontEndArt
28784,0,19,gui-od
28785,0,1,naseemakhtar994
28786,0,5,jnewman
28787,0,1,Hanseltu
28788,0,2,sharpfuryz
28789,0,11,thaycacac
28790,0,6,Alex-Blackman
28791,0,8,lautapercuspain
28792,0,18,OMGZui
28793,0,5,nair-jishnu
28794,0,6,mrecachinas
28795,0,13,spkdroid
28796,0,7,n1c01a5
28797,0,1,AngelRodRo
28798,0,1,darshanc99
28799,0,4,notmessenger
28800,0,1,aekpalakorn
28801,0,21,kefranabg
28802,0,8,mwleeds
28803,0,1,pixeltherapy
28804,0,4,georgeolaru
28805,0,4,Adarsh-sophos
28806,0,13,jiangjianyong
28807,0,1,joserprieto
28808,0,5,lightyears1998
28809,0,5,drmeerkat
28810,0,6,stannesi
28811,0,1,baharefatemi
28812,0,1,matthewvroman
28813,0,6,danielng01
28814,0,26,mnmtanish
28815,0,3,AnthonyMann
28816,0,4,Htiango
28817,0,8,mkdika
28818,0,2,nanocloudx
28819,0,12,diogotrentini
28820,0,1,mberneis
28821,0,2,d4mk0
28822,0,104,leanfj
28823,0,4,Sylvenas
28824,0,3,allanlaal
28825,0,3,lastshrek
28826,0,5,KumarAbhirup
28827,0,1,omkom-web
28828,0,3,SniperDW
28829,0,11,RiweiChen
28830,0,1,GianlucaBortoli
28831,0,4,SEFI2
28832,0,15,Gizeta
28833,0,12,GeeKaven
28834,0,5,alexfreska
28835,0,6,sclinede
28836,0,7,Snazzyham
28837,0,6,maptastik
28838,0,3,scbizu
28839,0,16,MadLittleMods
28840,0,6,dcifuen
28841,0,17,juliafealves
28842,0,3,liyi1472
28843,0,1,patrickserrano
28844,0,1,qpwoeiru96
28845,0,2,4332weizi
28846,0,2,AzeeSoft
28847,0,10,maketroli
28848,0,26,smdsbz
28849,0,4,hc5duke
28850,0,3,khyrulAlam
28851,0,10,RabbitMC
28852,0,153,felipenmoura
28853,0,10,rainpure
28854,0,8,RoverWire
28855,0,22,hail2thief
28856,0,11,jixing475
28857,0,2,anmolonruby
28858,0,24,PhilCai1993
28859,0,75,SpiffyEight77
28860,0,7,RohitJV
28861,0,26,YamiOdymel
28862,0,2,marvinjude
28863,0,1,aivodji
28864,0,4,albertlatacz
28865,0,11,fybwid
28866,0,8,godtail
28867,0,1,Zhenshan-Jin
28868,0,5,hsk81
28869,0,21,duncanbeevers
28870,0,2,qwlong
28871,0,4,joy-xiaojizhang
28872,0,1,anuranBarman
28873,0,2,Youngdi
28874,0,2,lesnikovskiy
28875,0,5,ichukai
28876,0,7,jovanepires
28877,0,4,Medalink
28878,0,16,ferrisz
28879,0,11,obihill
28880,0,2,RadicalZephyr
28881,0,29,qieguo2016
28882,0,15,ricardopereira
28883,0,2,GGAlanSmithee
28884,0,7,alexanderisora
28885,0,54,petros
28886,0,4,WilliamYi96
28887,0,17,Jopepato
28888,0,6,sudipbhandari126
28889,0,1,sabbirahm3d
28890,0,3,beznosd
28891,0,2,hutumolu
28892,0,4,lalxyy
28893,0,1,nicr9
28894,0,1,ayeshnipun
28895,0,31,matisoffn
28896,0,19,johnayeni
28897,0,15,jazdev
28898,0,3,lyndemberg
28899,34,1,qzq2514
28900,0,4,ellneal
28901,0,8,individual11
28902,0,7,mathieux51
28903,0,8,tilsammans
28904,0,4,brendacs
28905,0,21,funkygao
28906,0,45,aliorhun
28907,0,19,fifyrio
28908,0,23,aldesantis
28909,0,116,farizrahman4u
28910,0,4,liveKang
28911,0,1,Alcha
28912,0,1,Tobyyyyyyyyyy
28913,0,20,aillamsun
28914,0,39,mickdekkers
28915,0,12,blackist
28916,0,8,IAmDarush
28917,0,5,nfantone
28918,0,4,livissnack
28919,0,5,henrycjchen
28920,0,27,simonsmh
28921,0,3,mariogmz
28922,0,40,luyilin
28923,0,12,nupurbaghel
28924,0,5,JonasEriksson
28925,0,17,stavarengo
28926,0,3,chuqingq
28927,0,14,agucova
28928,0,4,molekilla
28929,0,2,juan55860
28930,0,13,nathanl
28931,0,20,CesarNog
28932,0,18,alan-agius4
28933,0,4,mertcenikut
28934,0,5,hehaichi
28935,0,2,LukeCarrier
28936,0,8,hendriono
28937,0,3,rudskoy
28938,0,1,alexander-torosh
28939,0,3,sondregj
28940,0,15,sao
28941,0,5,Asphelzhn
28942,0,7,fa7ad
28943,0,42,cmilfont
28944,0,211,ogrisel
28945,0,1,skyfire417
28946,0,11,infiniteluke
28947,0,13,nyambati
28948,0,2,noviiro
28949,0,5,chenminghai
28950,0,8,robertboloc
28951,0,9,MaximRouiller
28952,0,3,ancientwind
28953,0,13,abhinav1602
28954,0,13,danielzy95
28955,0,1,Kanabanarama
28956,0,10,kumaran-14
28957,0,748,ahmetabdi
28958,0,4,AkiyukiOkayasu
28959,0,41,MakeZL
28960,0,3,denis
28961,0,137,SBoudrias
28962,0,30,icaife
28963,0,6,GyoungYY
28964,0,30,raphaklaus
28965,0,4,seanmcquaid
28966,0,3,CosmeLorim
28967,0,1,ayman
28968,0,1,NoriSte
28969,0,8,eweitz
28970,0,4,BaofengWu
28971,0,2,drauschenbach
28972,0,2,ClaireJY
28973,0,2,owgee
28974,0,3,richardhell
28975,0,4,claudiolcastro
28976,0,6,GleasonBian
28977,0,2,hedgehog1029
28978,0,27,rama270677
28979,0,7,BrickCarvingArtist
28980,0,3,morron
28981,0,13,cjsaylor
28982,0,10,reeyuk
28983,167,2,fontiana
28984,0,6,kyranet
28985,0,4,Lilacs
28986,0,95,hernandev
28987,0,1,starsplatter
28988,0,4,mrakowski0
28989,0,34,aluxh
28990,0,4,dmarg
28991,0,1,Sheing
28992,0,1,StephenWattam
28993,0,16,rayleighko
28994,224,2,peikk0
28995,0,2,getsomecoke
28996,0,35,mian
28997,0,21,happylindz
28998,35,2,nolfwin
28999,0,1,systemzax
29000,0,9,minuJeong
29001,0,2,QTGate
29002,0,1,Kaushalya
29003,0,2,LiuTodd
29004,0,1,telefire
29005,0,3,CorneliusIV
29006,0,13,KayvanMazaheri
29007,0,7,bitflower
29008,0,14,lynxerzhang
29009,0,7,Kaiya
29010,0,3,mvegap
29011,0,58,robotomize
29012,0,15,brh55
29013,0,3,Moosh-be
29014,0,9,mrdulin
29015,0,1,dskym
29016,0,2,karimmtarek
29017,0,21,ingalls
29018,0,1,Lming1
29019,0,2,minwoooj
29020,0,2,martinvelez
29021,0,2,pathaugen
29022,0,3,rishirD
29023,0,303,nd1511
29024,0,37,izanf
29025,0,2,hopperhuang
29026,0,9,Shuailong
29027,0,15,codingCoffee
29028,0,1,Maxence
29029,0,1,devendrasr
29030,0,6,mathiasdonoso
29031,0,26,cassidyjames
29032,0,3,ChankiWu
29033,0,2,frankmayer
29034,0,5,apoca
29035,0,5,alpertayfun
29036,0,17,manusajith
29037,0,48,MateusGabi
29038,0,5,Rio517
29039,0,2,gsaponaro
29040,0,5,dbeff
29041,0,21,fengsx
29042,0,1,avatsav
29043,0,12,condini-mastheus
29044,0,1,rwindegger
29045,0,6,schae234
29046,0,1,jaderabbit
29047,0,1,rhythmcao
29048,273,2,nuwan94
29049,0,111,micrologic
29050,0,1,rafaelgrilli92
29051,0,17,macku
29052,0,225,c9s
29053,0,6,brunurd
29054,0,17,hrshadhin
29055,0,378,Bharathkumarraju
29056,0,4,frozentearz
29057,0,1,Gcampes
29058,0,15,tbleckert
29059,0,2,Dexter1618
29060,0,2,gregtandiono
29061,0,23,M3nin0
29062,0,12,pelmered
29063,0,10,italohdc
29064,0,2,MidasS
29065,0,5,durow
29066,0,16,asimumba
29067,0,18,oroszgy
29068,0,5,RussAhrens
29069,0,1,YukiMuraRindon
29070,0,5,egenn
29071,0,6,roessland
29072,0,3,kristofferandreasen
29073,0,20,j-f1
29074,0,15,ankitPagalGuy
29075,0,7,maximkhatskevich
29076,0,3,jjahanip
29077,0,6,subham9777
29078,0,194,bahmutov
29079,0,5,jkingsman
29080,0,7,niltonslf
29081,0,2,cpgillem
29082,0,282,steipete
29083,0,1,echeverra
29084,0,4,15331335
29085,0,7,AlexandroWillianHervis
29086,0,1,felbus
29087,0,2,ranelpadon
29088,0,1,junjieqian
29089,0,1,s-oravec
29090,0,14,silviutroscot
29091,0,9,drich14
29092,0,31,gauthamkrishna-g
29093,0,3,ChengjinLi
29094,0,35,iansinnott
29095,0,13,kenessajr
29096,0,11,SeriaWei
29097,0,6,maiquelleonel
29098,0,7,kelsos
29099,0,4,iamra
29100,0,67,mikaelbr
29101,0,2,anashmamouch
29102,0,1,jimenezmaximiliano
29103,0,1,KaySackey
29104,0,5,mynetx
29105,0,1,mahimagupta
29106,0,38,pedrocaseiro
29107,0,8,ddiasfront
29108,0,3,Bulandent
29109,0,3,bjelline
29110,0,4,jrm2k6
29111,0,5,macs91
29112,0,18,keimlink
29113,0,1,Sir814
29114,0,4,Excalibur269
29115,0,113,WillKoehrsen
29116,0,5,alanag13
29117,0,2,erkanzileli
29118,0,3,AryanJ-NYC
29119,0,4,ServerProcessor
29120,0,4,YusukeKokubo
29121,0,24,souyunku
29122,0,3,nicosommi
29123,0,16,dsouzarc
29124,0,1,qjadud1994
29125,0,7,nackjicholson
29126,43,2,surf66
29127,0,2,geonwoo-jeong
29128,0,21,marcofugaro
29129,0,1,boru-roylu
29130,0,7,sahooamarjeet
29131,0,49,AdnanBoota
29132,0,38,1nf1del
29133,0,20,rishiloyola
29134,0,1,safilo
29135,0,14,smileyby
29136,0,1,dwikyerl
29137,0,12,devAmoghS
29138,0,2,mikha-dev
29139,0,8,follesoe
29140,0,2,juan-castano
29141,0,3,Beethoven
29142,0,11,prescindivel
29143,0,57,bigbigDreamer
29144,290,1,dkoutsaidis
29145,0,5,ryanyogan
29146,262,2,krebernisak
29147,0,20,modemlooper
29148,0,4,dpunosevac
29149,0,18,arturoromeroslc
29150,0,8,g4brielvs
29151,0,1,ann-kilzer
29152,0,4,mrsamirmh
29153,0,1,leosuccarferre
29154,0,2,chengyu2333
29155,0,5,tevjef
29156,0,16,ahwelgemoed
29157,0,5,jdhakert
29158,0,9,luizcarraro
29159,0,7,Moriarty12138
29160,0,13,chenineazeddine
29161,0,13,sachinkamath
29162,0,1,thelineh
29163,0,1,cassiofariasmachado
29164,0,4,soderberg
29165,0,1,jjavierdguezas
29166,0,10,nicastelo
29167,0,4,jhonattas
29168,0,13,OctupleSakura
29169,0,1,Dibakarroy1997
29170,0,2,donleemalacad
29171,289,2,rakawestu
29172,0,3,gabfr
29173,0,8,iamwill123
29174,0,22,diegopacheco
29175,0,2,shrestharikesh
29176,0,17,afilina
29177,0,2,embengineering
29178,0,36,gtdalp
29179,0,7,ksakmann
29180,0,3,SoloSynth1
29181,0,9,langhf
29182,0,13,LzyRapx
29183,0,1,rhughes89
29184,0,3,Vibashan
29185,0,5,arujit
29186,0,1,jhalakpatel
29187,0,11,lesleyandrez
29188,0,71,1000ch
29189,0,4,mikajoh
29190,0,10,andreemidio
29191,0,2,jjcav84
29192,0,3,AlvinTaoJ
29193,0,27,gmr
29194,0,14,OmerShapira
29195,0,8,SkyScraperTwc
29196,0,6,calindotgabriel
29197,0,9,cjgunase
29198,0,3,hamog
29199,0,31,knrt10
29200,0,13,michaelmior
29201,0,43,eliperkins
29202,0,7,SoylentGraham
29203,0,32,barisesen
29204,0,26,chanezon
29205,0,11,thiagozanetti
29206,0,7,oprearocks
29207,0,1,dohaengleee
29208,0,6,pirroh
29209,0,1,dros1986
29210,0,9,derekmma
29211,210,3,Animadversio
29212,0,197,phanan
29213,0,1,haoxiuzhao
29214,0,12,alkhe
29215,0,16,polidog
29216,0,7,andrewmp1
29217,0,3,fredericomaia10
29218,0,68,kwent
29219,0,4,arnakoguzhan
29220,0,1,PinkFLoyd92
29221,0,7,schatten
29222,0,4,qNFCp
29223,0,3,persistz
29224,0,2,mhorstmann
29225,0,10,rmundra22
29226,0,4,mkurovski
29227,0,1,mike-kane
29228,0,1,Almaz-KG
29229,0,9,mattlawer
29230,45,2,aleckyann
29231,0,9,madhugb
29232,0,1,edirgarcia
29233,0,2,thonymg
29234,0,55,surajprogrammez
29235,0,2,david-schofield
29236,0,5,hurmuri
29237,0,4,shaojunying
29238,0,3,rsodre
29239,0,22,mirajehossain
29240,0,42,svict4
29241,0,1,danmurrelljr
29242,0,5,YongJang
29243,0,9,nashsu
29244,0,10,davidrapson
29245,0,4,Saichethan
29246,0,2,shawn-simon-developer
29247,0,21,felipecustodio
29248,0,4,katotetsuro
29249,0,2,gpolitis
29250,0,1,indi60
29251,0,10,arissuryadi
29252,0,8,rafaelferreiram
29253,0,14,thierryrene
29254,0,52,joshk
29255,0,25,jayleicn
29256,0,2,LidhCS
29257,0,9,balcilar
29258,0,10,fzumstein
29259,0,9,StefKors
29260,0,1,oster
29261,0,1,ryanlee2014
29262,0,1,lihebi
29263,0,1,nicolassing
29264,0,2,Shidil
29265,0,14,artivis
29266,0,4,MatheusBarbosa3
29267,0,5,frieser
29268,0,5,igorshiohara
29269,0,15,sankalpdayal5
29270,0,2,advaitsave
29271,0,9,liangshuai
29272,0,4,imsingh
29273,0,5,maxlxq
29274,0,1,sunyufen
29275,0,21,proshoumma
29276,0,2,R0binT
29277,0,10,seekhow
29278,0,18,pgaspar
29279,0,1,scudc
29280,0,12,igormukhingmailcom
29281,0,5,davgothic
29282,0,2,arealdeadone
29283,0,178,devxoul
29284,0,2,renardbebe
29285,0,5,tamizhvendan
29286,0,1,seyna
29287,0,1,Shaneprrlt
29288,0,19,daiyanze
29289,0,4,Perry961002
29290,0,33,albogdano
29291,0,13,andrealeone
29292,0,1,blossom91
29293,0,13,FoxDaxian
29294,0,5,hekind
29295,0,40,greyli
29296,0,16,2color
29297,0,3,clarken92
29298,0,3,excitedcat
29299,0,7,YazanRawashdeh
29300,0,4,jknipp
29301,0,1,StreamerCloudDev
29302,0,1,509dave16
29303,0,73,leonardorb
29304,0,6,gindis
29305,0,15,hooboy
29306,0,3,impworks
29307,0,39,bangpound
29308,0,4,qld-cf
29309,0,6,danitome24
29310,0,24,thisisbrad
29311,0,39,felipeorlando
29312,0,20,GuoJing
29313,0,11,rafaellucio
29314,0,2,scris
29315,0,2,mateusesp
29316,0,1,sontan
29317,0,8,morgan
29318,0,6,batin
29319,0,22,dixonsatit
29320,0,5,D-soldier
29321,0,1,masyagin1998
29322,0,6,naufalziyad
29323,0,1,OutsourcedGuru
29324,0,5,ShownX
29325,0,8,gittheking
29326,0,1,cuiyungao
29327,0,2,HandIeNeeded
29328,0,3,junjie-yao
29329,0,1,rohit-rk
29330,0,3,howardch1993
29331,0,54,buger
29332,0,1,santorsilas
29333,0,1,JEF1056
29334,0,1,Yizhi-Fang
29335,0,11,Wuyialex
29336,0,2,merlinvn
29337,0,3,dilekcelik
29338,0,1,augustinmerle
29339,0,4,reidjs
29340,0,9,odmln
29341,0,17,cuber
29342,0,1,djaffica
29343,0,2,adityausathe
29344,0,3,JWesorick
29345,258,2,kevin970401
29346,0,2,MaxInertia
29347,0,11,duqicauc
29348,0,32,RobertMarton
29349,0,1,bungambohlah
29350,0,23,christopheranderson
29351,0,27,ellisp
29352,0,5,redblue9771
29353,0,5,st186
29354,0,30,skwp
29355,0,12,matthewrudy
29356,0,1,psacc
29357,0,13,peiyucn
29358,0,69,anshumanv
29359,0,8,BookmanHan
29360,0,14,iscarecrow
29361,0,3,leogouveia
29362,0,24,f3l1x
29363,0,9,RachelReneeFlores
29364,0,2,aizuyan
29365,0,28,ayxos
29366,0,3,d1y
29367,0,18,bechurch
29368,0,29,m-clark
29369,0,3,LauserK
29370,0,7,michaelwittig
29371,272,2,thebrubaker
29372,0,3,alanyukeroo
29373,0,3,mksoni88
29374,0,12,haochuan
29375,0,6,marfyl
29376,0,1,lbr0452000
29377,0,2,mdehollander
29378,0,54,ingydotnet
29379,0,20,seferdemir
29380,0,47,myronliu347
29381,0,50,sroze
29382,15,3,mreza-kiani
29383,0,1,davideighmey
29384,0,25,BrickXu
29385,0,8,rubenspessoa
29386,0,1,marklj
29387,0,21,CrowdHailer
29388,0,22,MrStronger
29389,0,28,miclle
29390,0,1,harmanTheCarMan
29391,0,116,ChenglongChen
29392,0,63,przeor
29393,0,23,prameshbajra
29394,0,12,hcxiong
29395,0,15,fr3fou
29396,0,5,alanibrus
29397,0,75,pylover
29398,0,16,itkq
29399,0,18,henson
29400,0,1,mugennsou
29401,0,19,Cap32
29402,0,7,gbechtold
29403,0,21,LouisCAD
29404,0,9,GSimas
29405,0,2,pranavj1001
29406,0,1,kimichen13
29407,0,9,samejack
29408,0,3,SametDEDE
29409,0,1,euchenhofer
29410,0,3,charlesbodman
29411,0,9,FoolPermi
29412,0,1,logicxd
29413,0,8,keepfocusontechnology
29414,0,4,Hermitter
29415,0,4,Doko-Demo-Doa
29416,0,1,max-marcus
29417,0,7,paulovargatt
29418,0,44,Great-Li-Xin
29419,0,3,ma1022
29420,0,25,thepushkarp
29421,0,388,KrauseFx
29422,0,11,msis
29423,0,15,DominiqueMakowski
29424,0,6,clickclickonsal
29425,0,7,foysalit
29426,0,15,surajdubey
29427,0,6,rgeraldporter
29428,0,4,gtbai
29429,0,2,Arogancki
29430,0,13,sharat
29431,0,4,joaoaneto
29432,0,1,AvinashGupta
29433,0,1,rostag
29434,0,19,saip106
29435,0,1,sorahjy
29436,0,11,ryanswapp
29437,0,6,ricardosbarbosa
29438,0,4,daigz1224
29439,0,178,daveozoalor
29440,0,2,iziz
29441,0,9,anyways
29442,0,10,sweetweapen
29443,0,4,beltranrengifo
29444,0,18,bvssvni
29445,0,1,luizotavior
29446,0,1,shahidmuneer
29447,0,1,brunovieira97
29448,0,2,timbook
29449,0,7,say2joe
29450,0,4,jocull
29451,0,3,georgymh
29452,0,51,JackPu
29453,0,5,shakegioh
29454,0,26,ofuen
29455,0,5,MarkVilludo
29456,0,1,AugustoRamos94
29457,0,1,jonikanerva
29458,0,3,superfect
29459,0,5,kgilmer
29460,0,20,Gabrielr47
29461,8,3,Fermiz
29462,0,13,VovanR
29463,0,13,Ilyes-Hammadi
29464,0,5,JustinZelus
29465,0,6,martin75carames
29466,0,28,misakuo
29467,0,1,rafapages
29468,0,11,akhy
29469,0,1,emrahpolatcan
29470,0,18,krishnagopinath
29471,0,5,hieubtt-1023
29472,0,16,erha19
29473,0,3,mpreziuso
29474,0,4,AnaMMedina21
29475,0,2,mambo-wang
29476,0,3,akram1rekik
29477,0,6,gdufeZLYL
29478,0,2,hryn
29479,0,1,leobugoni
29480,0,4,rurimo
29481,0,30,mattallty
29482,0,3,robotastic
29483,0,1,buddhikajay
29484,0,7,PaulZhangIsing
29485,0,10,hanrenguang
29486,0,2,LennyPenny
29487,0,5,kyokidG
29488,0,2,jahkeup
29489,0,1,meetmicah
29490,0,3,kelannan
29491,0,8,apardo
29492,0,19,byhbt
29493,0,1,nhymxu
29494,0,2,8427003
29495,0,23,hugodias
29496,0,3,chenyunjie
29497,0,10,chrisman
29498,0,11,kelosun
29499,0,20,madili
29500,0,1,asepmaulanaismail
29501,0,2,DEVANSH99
29502,0,46,thiagopnts
29503,0,1,VictorJiangXin
29504,0,3,tarcnux
29505,0,9,tavriaforever
29506,0,1,alexander480
29507,0,1,ahmetkilinc
29508,0,16,ruibaby
29509,0,10,SilunWang
29510,0,5,Weblearner
29511,0,19,panoysia
29512,0,1,magdalenabialon
29513,0,3,Kusumoto
29514,0,5,HunL
29515,0,12,ignu
29516,0,9,arjun921
29517,0,12,klingtnet
29518,0,2,kkame
29519,0,3,sgmurphy
29520,0,10,dyljqq
29521,0,24,0326
29522,0,3,baichuan
29523,0,1,girishso
29524,0,2,brockpetrie
29525,0,4,pootzko
29526,0,5,WhatTheFar
29527,0,1,FlowQ
29528,0,14,rensa
29529,0,1,artemtam
29530,0,7,ashishtanwer
29531,0,2,9310gaurav
29532,304,2,chavesdev
29533,0,2,neilwong2012
29534,0,3,Dakkers
29535,0,2,alen-mujkanovic
29536,0,44,soulhat
29537,12,2,rainorangelemon
29538,0,3,finnigantime
29539,0,4,gajena
29540,0,1,DanubeRS
29541,0,3,nbering
29542,0,2,brianr482
29543,0,53,petronetto
29544,0,2,lonelyjoeparker
29545,0,2,blankon123
29546,0,4,Caraws
29547,0,15,gullitmiranda
29548,0,12,happyDemon
29549,0,2,bshikhar13
29550,0,3,KASOGIT
29551,0,1,peetwriter
29552,0,140,huseyinozkilic
29553,0,39,srn
29554,0,1,Showcase-Joz
29555,0,18,ohgyun
29556,0,1,WillieCubed
29557,0,133,qinix
29558,0,4,Sharathnasa
29559,0,16,hellcoderz
29560,0,19,moevis
29561,0,6,pramitchoudhary
29562,0,4,askucher
29563,0,36,sneakyness
29564,0,26,eilvein
29565,0,1,ofaltins
29566,0,2,gajop
29567,0,45,Suryakant-Bharti
29568,0,1,shanhaijun
29569,0,3,lucascambuim
29570,0,8,freddygenicho
29571,0,2,steveoliver
29572,0,6,dev-z
29573,0,4,edipojuan
29574,0,17,blainesch
29575,0,6,LouisScorpio
29576,0,3,Kannnnng
29577,0,2,jordangumm
29578,0,4,Ankur3107
29579,0,2,pablo-munoz
29580,0,9,csh
29581,0,12,Seanmcn
29582,0,4,benkelly
29583,0,1,puddingtea07
29584,0,82,surajit-techie
29585,0,1,timeff
29586,0,8,DanWebb
29587,0,4,otitoju
29588,0,3,changvvb
29589,0,119,icanzilb
29590,310,1,donedgardo
29591,0,7,KABBOUCHI
29592,0,3,jsefton
29593,0,23,s950329
29594,0,2,ahmetkasif
29595,0,6,LyqSpace
29596,0,1,4000D
29597,0,2,joelcancela
29598,0,6,seriousmac
29599,0,2,jordan-g
29600,0,1,knightBoy
29601,0,17,ryuheechul
29602,0,17,thebengeu
29603,0,3,hxing9974
29604,0,5,chenjin3
29605,0,1,Abhishekgarg727
29606,0,8,pulkitsharma07
29607,0,4,nicoandmee
29608,0,1,juandiegopalomino
29609,0,5,ReneKriest
29610,0,6,SaschaHeyer
29611,0,14,devyash
29612,0,43,spentacular
29613,0,3,cjferba
29614,0,2,kannappanct
29615,0,14,belltoy
29616,0,8,sladyn98
29617,0,2,HanningLin
29618,0,19,sfmDev
29619,0,21,stableShip
29620,0,66,Ewenwan
29621,0,3,tbrumm
29622,0,29,jaekwon
29623,0,22,deepakpathania
29624,0,5,mehmetseckin
29625,0,4,luizsol
29626,0,13,markbrown4
29627,0,3,CodeNewman
29628,0,19,sensorario
29629,0,1,JorTurFer
29630,0,5,amirkoklan
29631,0,4,happyphper
29632,0,92,Luolc
29633,0,18,ankitsultana
29634,0,17,renanbastos93
29635,0,7,cnjack
29636,0,2,WisdomSky
29637,0,6,AlexSysadmin
29638,0,7,davidstump
29639,0,8,skywhat
29640,0,5,mike1pol
29641,0,1,cy19890513
29642,0,2,svanbodegraven
29643,0,3,timolins
29644,0,7,hakankaradis
29645,0,207,christiannwamba
29646,0,1,jorgeAML
29647,0,12,abprash
29648,0,3,ripzery
29649,0,7,celian521
29650,0,15,AlynxZhou
29651,0,19,spuyet
29652,0,12,fer
29653,0,2,tfcbertaglia
29654,0,5,pimentelluiz
29655,0,17,thiagofm
29656,0,31,shabbir-hasan
29657,0,1,fabiobranis
29658,0,3,mmoustai
29659,0,28,helloyokoy
29660,0,20,shuxp
29661,0,2,llv22
29662,0,3,cimdalli
29663,0,5,WangQingye
29664,0,3,klim0v
29665,0,25,ixti
29666,0,5,bikong2
29667,0,13,anpandu
29668,0,8,andyafter
29669,0,50,rotvulpix
29670,0,2,honalele
29671,0,7,George3d6
29672,0,2,tejastank
29673,0,4,antoniom13
29674,0,2,taijitaichi
29675,0,5,stivenson
29676,0,1,songxiulin2011
29677,0,2,kfrohwein
29678,0,1,alloyking
29679,345,2,kamihouse
29680,0,4,iranreyes
29681,0,6,ivychen
29682,0,16,slawosz
29683,0,3,mjcloutier
29684,0,3,erikmueller
29685,0,9,millzhang
29686,0,1,pforpineapple
29687,0,14,mmmika
29688,0,2,sheikalthaf
29689,0,18,hahnlee
29690,0,1,MicahStevens
29691,0,8,NKjoep
29692,0,4,AritroMukherjee
29693,0,21,tadeumx1
29694,0,5,MasterOfTheTiger
29695,325,2,nymous
29696,0,28,Apollo2Mars
29697,0,22,AjayZinngg
29698,0,21,ayemos
29699,0,5,antoligy
29700,0,3,konyilwin
29701,0,8,ashar6194
29702,0,1,chemshi
29703,0,31,MaxPoon
29704,0,2,qieqing
29705,0,2,sxlllslgh
29706,0,11,birolkuyumcu
29707,0,4,nickwaelkens
29708,0,1,blitzcodes
29709,0,3,splitinfinities
29710,0,160,guanfuchen
29711,0,4,factorStreams
29712,0,1,noahlange
29713,0,15,TimPetricola
29714,0,15,252860883
29715,0,133,posquit0
29716,0,4,intajay
29717,0,5,miriamtocino
29718,0,4,dehesa
29719,0,1,arshohag
29720,0,5,HynesIP
29721,0,22,gielcobben
29722,0,1,joehannes
29723,0,23,MisterTaki
29724,0,4,the-pat
29725,0,6,lizhongyi
29726,0,1,tarunsinghal92
29727,0,1,fudnaja
29728,0,1,L-u-k-e
29729,0,2,alpersilistre
29730,0,1,DupK
29731,0,3,acatton
29732,0,6,AlkalizZ
29733,0,15,cyrus-
29734,0,3,dengxiaozhen
29735,0,4,kwizzn
29736,0,2,andyfowler
29737,0,10,mattcg
29738,0,10,braveghz
29739,0,26,thomasnield
29740,0,3,ovbm
29741,0,5,jstacoder
29742,0,1,66beta
29743,0,8,dake
29744,0,1,david90278
29745,0,20,Kerminate
29746,0,3,achenglike
29747,0,10,aryarohit07
29748,0,33,JCMais
29749,0,1,dindhino
29750,0,8,policante
29751,0,1,Damra
29752,0,1,mariojp
29753,0,3,etienne-bondot
29754,0,4,itchingpixels
29755,0,4,benjaminwood
29756,0,12,eldios
29757,0,22,SergeStinckwich
29758,0,16,jhermann
29759,0,14,naufalnibros
29760,0,2,jashk
29761,0,1,CryceTruly
29762,0,4,loctv
29763,0,59,argyleink
29764,0,65,miketaylr
29765,0,3,fuhuamosi
29766,0,8,eliaskousk
29767,0,1,allnes
29768,0,2,bdtian
29769,0,6,ikennachifo
29770,0,3,Xnsam
29771,0,7,Justin-YGG
29772,0,62,TechHiring
29773,0,6,stnwk
29774,0,15,Yacent
29775,0,5,ispyhumanfly
29776,0,11,PyPatel
29777,0,3,Onepig
29778,0,22,dz0ny
29779,0,10,galdolber
29780,0,1,sean417
29781,0,3,drewrawitz
29782,0,3,gorquan
29783,0,24,ronalson
29784,0,21,luowei
29785,0,3,can-keklik
29786,0,5,jwuliger
29787,20,1,peggychi
29788,0,13,jacortinas
29789,0,16,schmich
29790,0,27,Brianmanden
29791,0,4,JacquelineCao
29792,0,1,cozmy
29793,0,19,jarrodparkes
29794,0,13,stillzhl
29795,0,2,islahul
29796,0,2,coda1997
29797,0,5,joaofcosta
29798,0,2,d4ncer
29799,0,8,seanie12
29800,0,8,mannynotfound
29801,0,4,h-j-13
29802,0,1,linibou
29803,0,5,keelz
29804,0,2,cvpcasada
29805,0,29,ObservedObserver
29806,0,1,r0b0tix
29807,0,9,kepbod
29808,0,28,fourGold
29809,0,4,cyansoul
29810,0,4,amirpasha82
29811,0,8,AMSKarmajeet
29812,0,4,mehranhadidi
29813,0,88,PavelDemyanenko
29814,0,1,kevinchesser
29815,0,22,hvardhanx
29816,0,10,itsbalamurali
29817,0,4,QiuMM
29818,0,7,PolarBearAndrew
29819,0,24,felixwzh
29820,0,2,JasonPKaplan
29821,0,1,thujeevan
29822,0,3,ErikHumphrey
29823,0,13,renoirb
29824,0,50,johnkil
29825,0,5,TeaEra
29826,0,5,srea
29827,0,117,alexchopin
29828,0,2,lengjia
29829,0,12,sanderpick
29830,0,4,pinguinosod
29831,0,12,liuxuewei
29832,0,3,normanheckscher
29833,0,1,guillaumecrespel
29834,0,4,jsrubio
29835,0,9,rumaan
29836,0,23,WIZARD-CXY
29837,0,1,sam-karis
29838,0,7,matthewgao
29839,0,110,eddyerburgh
29840,0,1,alexvilanovab
29841,0,6,aprimadi
29842,0,15,jasonzhour
29843,0,3,piokuc
29844,0,6,abhi3700
29845,0,11,kesjien
29846,305,2,andrewmarushko
29847,0,3,javajosh
29848,0,1,hollyos
29849,0,4,tapan29bd
29850,0,7,afgarciam
29851,0,6,logudotcom
29852,0,19,bluetidepro
29853,118,2,robr3rd
29854,0,9,shelldandy
29855,0,5,Prateek2901
29856,0,7,ntourne
29857,0,1,msvzero
29858,0,2,rpanczer
29859,0,16,rafael-vitor
29860,0,4,andresmachado
29861,0,6,irekrog
29862,0,2,sanderhelleso
29863,0,8,lucasmedeiros
29864,0,3,hemina
29865,0,15,ianrodrigues
29866,0,16,ajafik
29867,0,4,bluurn
29868,0,15,julienbourdeau
29869,0,3,halfnibble
29870,0,2,nicooga
29871,0,1,ironjr
29872,0,3,sahandnayebaziz
29873,0,9,akkaze
29874,0,4,RaghavaDhanya
29875,0,4,pytzcarraldo
29876,0,87,ericclemmons
29877,0,16,Irtza
29878,0,4,inooid
29879,0,47,ParthS007
29880,0,10,dongyi
29881,0,1,AliMehrpour
29882,0,19,StarDuster
29883,0,1,sazid
29884,0,7,jian-en
29885,0,15,KhalilMohammad
29886,0,294,hfpp2012
29887,0,14,ccannon94
29888,0,2,Antbrooksuk
29889,0,49,lisongx
29890,0,1,androiddrew
29891,0,6,VEBERArnaud
29892,0,200,PaulKinlan
29893,0,22,TurkeyTeo
29894,0,10,anki1909
29895,0,56,adammacias
29896,0,55,ChrisWren
29897,0,5,dem108
29898,0,20,georgegognadze
29899,0,7,Aiooioo
29900,0,15,mojaray2k
29901,0,7,RDCH106
29902,0,10,jackwilsdon
29903,0,17,Thorsson
29904,0,8,Widehuang
29905,0,11,fjaguero
29906,0,3,LiuHao713
29907,0,11,adamjcook
29908,0,1,arpit353
29909,0,1,leandrodavimg
29910,0,3,jasonpilz
29911,0,28,MachineLP
29912,0,215,timoxley
29913,0,17,Danceiny
29914,0,1,selous123
29915,0,3,ljknight
29916,0,1,A3mercury
29917,0,1,Ali-Mahmood
29918,0,1,PriyeshV
29919,0,12,DroidNinja
29920,0,3,rkipp1210
29921,0,1,RoozbehFarhoodi
29922,0,1,jmdesiderio
29923,0,10,T-Pham
29924,0,2,imtypist
29925,0,1,Hasan-Ibrahim
29926,0,18,andreicek
29927,110,2,dominikbraun
29928,0,4,meeh420
29929,0,1,DLevai94
29930,0,2,ZongweiZhou1
29931,0,3,RevBooyah
29932,0,3,chigix
29933,0,7,laxmariappan
29934,0,1,MarinosGal
29935,0,6,franher
29936,0,5,GinYM
29937,0,10,oddlyzen
29938,0,1,efichot
29939,0,20,oxocode
29940,0,13,nccchirag
29941,0,27,rbanffy
29942,0,6,MartinWuQing
29943,0,6,ch3ny4n6
29944,0,11,kevinjosephjohn
29945,0,1,bateman
29946,0,1,partoftheorigin
29947,0,12,keroxp
29948,0,5,dmnqmn
29949,0,18,pranjaltale16
29950,0,8,javalive09
29951,0,3,RenShuhuai-Andy
29952,0,4,NP-compete
29953,0,11,GeekGhc
29954,0,3,marcelyz
29955,0,4,rsumner31
29956,0,2,samsonpauljr
29957,0,1,artrointel
29958,0,22,monokrome
29959,0,5,SindreSvendby
29960,0,8,noelandresg
29961,0,57,allenhsu
29962,0,3,muziyongshixin
29963,0,2,codemonkey800
29964,0,31,gutomaia
29965,0,3,gohackfelipe
29966,0,7,DavidBM
29967,0,6,pranavrajs
29968,0,9,rogerluiz
29969,0,7,crazyxhz
29970,0,1,Fawzanm
29971,0,9,prasunanand
29972,0,1,naimdogan
29973,0,86,deshraj
29974,0,8,pketh
29975,0,54,theskumar
29976,0,13,pablopunk
29977,182,2,guillaumemorin
29978,0,3,Sohib
29979,0,24,kevanantha
29980,0,1,huzhenjie
29981,0,3,betawen
29982,0,489,dead-horse
29983,0,6,prertik
29984,0,7,duranmla
29985,0,1,scottconrad
29986,0,4,sebastian9
29987,0,11,lywhlao
29988,0,2,hcq0618
29989,0,10,KMBaby-zyl
29990,0,1,XassassinXsaberX
29991,0,13,leemengtaiwan
29992,0,1,CNAbbott
29993,0,3,kryptome
29994,0,32,bkimminich
29995,0,5,rr1000
29996,0,2,frju365
29997,0,26,sauravexodus
29998,0,4,dmitrijivanenko
29999,0,37,dongsam
30000,0,1,geerdink
30001,0,1,aliasadi313
30002,0,1055,kauegimenes
30003,0,9,DreamerDeo
30004,0,2,theTd
30005,0,7,contefranz
30006,0,11,shiren
30007,0,13,codev0
30008,0,12,ajliv
30009,0,2,qiaoyixuan
30010,0,6,jeffwu85182
30011,0,2,jubairmizan
30012,0,1,marrokin
30013,0,23,leeguandong
30014,0,2,fontanon
30015,0,7,jonatassalgado
30016,0,57,Ma63d
30017,0,12,richorama
30018,0,13,italoPontes
30019,0,5,justmeshishir
30020,0,2,adriandulic
30021,0,2,Shiyinq
30022,0,28,lukaszklis
30023,0,16,samswag
30024,0,35,koddsson
30025,0,6,hvribeiro
30026,0,7,ryan0x44
30027,0,4,pepijnolivier
30028,0,2,francauxach
30029,0,18,nteetor
30030,0,54,enderahmetyurt
30031,0,9,agalera
30032,0,1,JadeChong
30033,0,29,raghavrv
30034,0,4,alivxlive
30035,0,12,ebar0n
30036,0,4,alexanderbast
30037,0,1,durdyev
30038,0,11,davebraze
30039,0,3,AlbieLiang
30040,0,1,JeffRodriguez
30041,0,5,remerjohnson
30042,0,5,nadeem09wani
30043,0,10,Quantium
30044,0,7,buuug7
30045,0,8,Noeemi
30046,0,57,TimPietrusky
30047,0,57,ptkdev
30048,0,1,ForestCho
30049,0,1,daniagung
30050,0,1,Naitreey
30051,0,2,lov3catch
30052,0,3,biancamoriim
30053,0,13,salomvary
30054,0,1,daniharsh28
30055,0,38,clintval
30056,0,3,nisajaie
30057,0,14,leandrosimoes
30058,0,10,fpmweb
30059,0,3,gr8Adakron
30060,0,6,AppleHolic
30061,0,4,lukin0110
30062,0,1,souvik1982
30063,0,2,ishiikurisu
30064,0,1,mtferreira
30065,0,3,Recklesslmz
30066,306,1,jeonggunlee
30067,0,5,ospaarmann
30068,340,2,mammadhajili
30069,0,7,penincillin
30070,0,5,Ladicle
30071,0,3,jmprovencher
30072,0,2,onlyling
30073,0,8,maximelafarie
30074,0,4,m0t0k1ch1
30075,0,6,mattrudder
30076,0,3,msdeep14
30077,0,20,strathausen
30078,0,17,CoolPhilChen
30079,0,12,brycethornton
30080,0,14,brad
30081,0,10,jjesusfilho
30082,0,17,rhymedys
30083,0,1,tebanep
30084,0,13,ggaaooppeenngg
30085,0,8,fermin-ator
30086,0,12,radibit
30087,0,13,seangates
30088,0,3,bovandersteene
30089,0,8,richardsantos
30090,0,3,Gavery
30091,0,8,AbyssGaze
30092,0,8,ndelvalle
30093,0,1,rcolomina
30094,0,2,gczsjdy
30095,0,2,Drogglbecher
30096,0,3,ITsoftMN
30097,0,8,KomaBeyond
30098,0,2,Adrianvdh
30099,0,3,mukultaneja
30100,0,3,ameyyadav09
30101,0,47,snowsky
30102,0,4,jieqiuming
30103,0,5,kesmarag
30104,0,4,GikonyoBrian
30105,0,2,gcamacho079
30106,0,8,debugger24
30107,0,1,GabrielTudose
30108,0,39,muhibbudins
30109,0,5,Malex
30110,0,2,hoodasaad
30111,0,10,chiliec
30112,0,8,odinuge
30113,281,1,sergioregueira
30114,0,1,kublaios
30115,0,9,sujithkanna
30116,0,1,nikola-wd
30117,328,1,Xrequillart
30118,0,4,OpenGlobe
30119,0,2,cancui
30120,0,1,aerispaha
30121,0,13,shanliang
30122,0,5,mstroeck
30123,0,6,martin-sweeny
30124,0,1,minaz912
30125,0,3,luiseok
30126,0,4,Au1st3in
30127,0,3,jellis18
30128,0,2,alex-ochigov
30129,0,4,pitakill
30130,337,2,bywangxp
30131,0,1,jjcm
30132,0,11,serverwentdown
30133,0,30,bjeanes
30134,0,3,haoguanqing
30135,0,1,Nicositter88
30136,0,15,ichromanrd
30137,0,13,luqmanarifin
30138,0,39,WeiChiaChang
30139,0,1,pengshp
30140,0,7,Romain
30141,0,2,epeterson320
30142,0,1,pdavila13
30143,0,1,adribaena
30144,0,4,marcoalbarelli
30145,0,4,look4regev
30146,0,19,AABoyles
30147,0,2,stephenrichard
30148,0,1,nathanBrenner
30149,0,1,jonathanjd
30150,0,15,Kushagra8888
30151,0,15,mikecrittenden
30152,0,21,thesteve0
30153,0,1,myasinsaglam
30154,0,31,danielfm
30155,0,2,filnik
30156,0,2,chiqj
30157,0,6,gjuchault
30158,0,16,ashikjs
30159,0,1,lmansur
30160,0,6,CodyHolmes
30161,0,9,rohitnairtech
30162,0,57,avwo
30163,0,44,godkun
30164,0,2,phanindra48
30165,0,5,kescobo
30166,0,18,bafonins
30167,0,10,cemg
30168,0,2,Oscaballer
30169,0,3,amarzavery
30170,0,7,giljulio
30171,0,1,arcticpenguin
30172,0,11,ccmind
30173,0,1,antunesleo
30174,0,2,mfalcier
30175,0,2,ihnd4
30176,0,26,hoohack
30177,0,8,ehdrjsdlzzzz
30178,0,14,louh
30179,0,2,avadaneidanut
30180,0,10,ahmed-al-bermawy
30181,0,1,CarstenIsert
30182,0,1,junjiec
30183,0,22,mplewis
30184,25,2,Ph0enixxx
30185,0,14,splittingred
30186,0,13,makaiqian
30187,0,5,omardoma
30188,0,8,pwrliang
30189,0,21,atilacamurca
30190,0,1,Psyrixx
30191,0,2,bambamx
30192,0,1,mayur-novus
30193,0,2,edmilsonrobson
30194,0,6,TimingSpace
30195,0,5,blister
30196,0,11,murthy95
30197,0,6,momin-ctg
30198,0,8,prahladyeri
30199,0,667,remy
30200,0,13,ProChen
30201,0,14,tapickell
30202,0,7,justinchou
30203,0,3,m-bodmer
30204,0,2,code4clouds
30205,0,5,theneiam
30206,0,5,mkhuda
30207,0,7,iamjono
30208,343,1,dramaticlly
30209,0,2,YangAidi
30210,0,6,AnthonyBobsin
30211,0,2,showntop
30212,0,5,seagomezar
30213,0,6,tholder
30214,0,58,philnash
30215,0,3,mindbound
30216,0,2,krokowski0x
30217,0,6,jackcook
30218,0,36,itgoyo
30219,0,28,ppker
30220,0,13,hasangenc0
30221,0,5,mdamaceno
30222,0,2,elegans18
30223,0,1,monocc
30224,0,1,tantrantp7
30225,0,3,pedrocarlos-ti
30226,0,2,fthuin
30227,0,8,kevinmccartney
30228,0,6,chintak
30229,0,2,agaro1121
30230,0,47,VectorHo
30231,0,12,polandeme
30232,0,44,X140Yu
30233,0,1,benjaminparnell
30234,0,1,Alfredao
30235,0,423,philsturgeon
30236,0,2,PatrickJongmans
30237,0,1,lampr
30238,0,9,hot13399
30239,0,1,frankfarrell
30240,0,6,mightydeveloper
30241,0,24,marquinhoalm
30242,0,1,Ritesh0100
30243,0,15,anak10thn
30244,0,1,nnstn
30245,0,19,afropolymath
30246,0,21,powolnymarcel
30247,0,49,lyjamare
30248,0,41,loverajoel
30249,0,10,Hanrui-Wang
30250,0,17,sin-ning
30251,0,9,iChenwin
30252,0,8,afk-mario
30253,0,8,diogotozzi
30254,0,5,AlaaHamoudah
30255,0,13,ashleydavis
30256,0,9,aburkut
30257,0,2,baluragala
30258,0,2,maximromanyuk
30259,0,5,cbodtorf
30260,0,7,macfanatic
30261,0,7,phizaz
30262,0,1,alexgrozav
30263,0,10,georapbox
30264,0,38,paulorec
30265,0,11,gustavofsantos
30266,0,3,shodgesio
30267,0,2,pexea12
30268,0,9,sarthak268
30269,0,23,frdmn
30270,0,17,mateuslopesbh
30271,0,30,ansjsun
30272,0,8,terryBaz
30273,0,9,SerayBeser
30274,0,18,ntassone
30275,0,5,raulingg
30276,0,5,donnisnoni95
30277,0,8,MrHuxu
30278,0,17,otaviopace
30279,0,8,net900621
30280,0,4,chiaweilee
30281,0,1,amitbisht511
30282,0,4,chanchihiro
30283,0,3,drKreso
30284,0,12,Edward7Zhang
30285,0,7,johari
30286,0,13,faruktemur
30287,0,5,Jack-Lo
30288,0,12,User1m
30289,0,5,jacquesqiao
30290,0,16,emersonjsouza
30291,0,5,Teraguchi0804
30292,0,2,39Er
30293,0,4,AlekseyKorzun
30294,0,11,Ahrengot
30295,0,7,GustavoGutierrez
30296,0,1,agrimrules
30297,0,65,nateberkopec
30298,0,1,szhua
30299,0,10,ryanorsinger
30300,0,13,pawelpacana
30301,0,60,anztrax
30302,0,33,futantan
30303,0,44,qinmudi
30304,0,5,lukefx
30305,0,3,ManuelMesson
30306,0,23,chriskiehl
30307,0,15,invinciblejha
30308,0,10,KirankumarAmbati
30309,0,28,reyhansofian
30310,0,7,rishab-sharma
30311,0,5,SeuZeRicardo
30312,0,11,eschaefer
30313,0,28,bjornstar
30314,0,14,kumarsharmaatul
30315,0,6,AakashSudhakar
30316,0,7,pthm
30317,0,2,janza
30318,0,13,TimGuan
30319,0,5,jerryjobs
30320,0,87,browniefed
30321,0,9,chikamichi
30322,0,16,manigandand
30323,0,2,nakamuraagatha
30324,0,3,mustafaneguib
30325,0,12,HelloWorld017
30326,0,2,AhmedRaafat14
30327,0,4,stefanobg
30328,0,3,mickeyjoe75
30329,0,1,glsee
30330,0,5,luomai
30331,0,2,pkmogy
30332,0,11,maxvonhippel
30333,0,22,Juneor
30334,0,49,flyaways
30335,0,5,riteshpuj2013
30336,0,9,droxey
30337,0,11,ramadani
30338,0,40,sabertazimi
30339,0,73,kevinho
30340,0,13,simonhamp
30341,0,10,rohitkrai03
30342,0,28,idevz
30343,0,34,Z-Shang
30344,0,6,linshizai
30345,0,3,akss29
30346,0,1,gonapps
30347,0,12,Jesussandrea12
30348,0,3,gkouros
30349,0,3,chubbyjiang
30350,0,7,nayan2000
30351,0,4,Shell32-Natsu
30352,0,5,liaodongxiaoxiao
30353,0,14,Frikki
30354,0,8,laerciosb
30355,0,1,gandhi-jay
30356,0,5,PhyscalX
30357,0,4,skeeks-semenov
30358,67,2,DavidSonoda
30359,0,2,francorisso
30360,0,8,davidverholen
30361,0,1,oskarizu
30362,0,3,SachaIZADI
30363,0,2,leduong
30364,0,13,Mayankjh
30365,0,5,andela-uopaluwa
30366,0,7,pishen
30367,0,3,madson-dc
30368,0,9,alejandrodevs
30369,0,6,kazikai
30370,0,4,ironyoung
30371,0,10,TonPC64
30372,0,29,brandonxiang
30373,0,133,lykmapipo
30374,0,2,Zydiii
30375,0,48,edisdev
30376,0,1,Thrashmandicoot
30377,0,7,GGICE
30378,0,23,sf585978
30379,0,121,samdark
30380,0,106,jimhester
30381,0,4,flaviomartins
30382,0,10,linslin
30383,0,2,juicycleff
30384,0,59,devinus
30385,0,1,WJmascara
30386,0,3,josephazar
30387,0,17,aerosol
30388,0,11,julianwachholz
30389,0,91,EyreFree
30390,0,2,shuvro
30391,0,11,kunal-kotian
30392,0,7,mossid
30393,185,1,MRZMUH001
30394,0,13,GitHubJiKe
30395,0,22,gustavohenke
30396,0,4,bikashsapkota
30397,0,64,byr-gdp
30398,205,1,celibertojr
30399,0,20,artoostark
30400,0,2,Jason2031
30401,0,1,sudhindrasajjal
30402,0,24,MichaelHuyp
30403,0,66,jpauli
30404,0,4,enzoferey
30405,0,1,DivyaKrishnani
30406,0,1,marcolivierarsenault
30407,0,26,duangsuse
30408,0,9,Aetf
30409,0,37,Preetam007
30410,0,3,rabbycse
30411,141,1,ctargon
30412,0,4,shubham201
30413,0,4,634750802
30414,0,21,guiajlopes
30415,0,13,dynamohuang
30416,0,2,pagameba
30417,0,72,Sailfishc
30418,0,1,subhadeep-maishal
30419,0,30,spalger
30420,0,15,Roger-Melo
30421,0,2,manjotsk
30422,0,13,maotora
30423,0,11,fghjorth
30424,0,30,remixz
30425,0,3,WingChhun
30426,0,19,fatso83
30427,0,6,RichardBronosky
30428,0,2,erobic
30429,0,16,s5s5
30430,0,5,OsirisFrik
30431,0,14,IftekherSunny
30432,0,3,johnnierocket
30433,0,2,maniotrix
30434,0,23,onlyloveyd
30435,0,2,pedro-lucas
30436,0,23,WANG-lp
30437,0,3,diegolamanno
30438,0,4,chrisprobst
30439,0,2,crishernandezmaps
30440,0,4,mikla
30441,0,3,shadowlik
30442,0,15,marioBD
30443,0,15,markemer
30444,0,4,hiranumn
30445,0,1,pris54
30446,0,7,rafaeldevs
30447,0,2,jiangxubin
30448,0,1,daansari
30449,0,5,kothari775
30450,0,4,serhatyl
30451,0,2,Pascal-KOTTE
30452,0,1,M-O-Z-G
30453,0,10,lirenlong
30454,0,50,alexandru-paduraru
30455,0,6,modkaffes
30456,0,1,Arttse
30457,0,3,ikkentim
30458,0,7,syossan27
30459,0,52,gokmen
30460,0,13,sabarasaba
30461,0,68,alexanmtz
30462,0,30,natewoodbridge
30463,0,2,Driky
30464,0,9,anfedorov
30465,0,10,lucasromanomr
30466,0,13,stefek99
30467,0,3,mohsanabbas
30468,0,54,MagicCube
30469,0,3,cdtinguria
30470,0,2,rhapsodyn
30471,0,24,azraelkuan
30472,0,6,rahul003
30473,0,4,sdeepaknarayanan
30474,0,24,ChrisFan
30475,0,1,rherwig
30476,0,28,GabrielDS
30477,0,11,psenger
30478,0,2,kyu-sz
30479,0,6,limafelipe
30480,0,2,AndrewGaspar
30481,0,60,mari-linhares
30482,164,2,bardius
30483,0,4,OlegWock
30484,0,3,DavidLyc
30485,0,2,sdw95927
30486,0,3,RenatoFranca
30487,0,7,PhilippPro
30488,0,3,MarkRabey
30489,0,96,22mahmoud
30490,0,2,rsaporta
30491,0,18,codemeow5
30492,0,4,shivamdawer
30493,0,21,gireeshpunathil
30494,0,34,ehsan-ah-gh
30495,0,2,jacob-beltran
30496,0,3,adambyrtek
30497,0,2,psyfog
30498,0,1,tasi788
30499,0,21,icholy
30500,0,37,lesaff
30501,0,3,anwesha999
30502,0,17,TimMoore
30503,0,1,tananrules
30504,0,2,jasonsaayman
30505,0,7,mohsen-mahmoudi
30506,0,5,fsmaiorano
30507,0,9,matthaywardwebdesign
30508,0,1,LauJames
30509,0,32,Shriram-Balaji
30510,0,14,rreece
30511,0,31,SilverFire
30512,0,2,mikemartin
30513,0,37,gilesvangruisen
30514,0,6,FaZeRs
30515,0,17,kaisermann
30516,0,1,lcolaholicl
30517,0,1,fangjiaxiaobai
30518,0,5,craicoverflow
30519,0,23,Abizern
30520,0,1,jerrywell
30521,0,6,reflyhight
30522,0,5,jabelone
30523,0,10,macx
30524,0,49,teh-cmc
30525,0,4,bharadhwaj-g
30526,0,8,ChrisKatsaras
30527,0,6,haritsfahreza
30528,0,36,ondrejmirtes
30529,0,9,citycide
30530,0,5,riipandi
30531,0,9,Madmous
30532,0,30,netcode
30533,0,7,tikyau
30534,0,2,sidmehta1975
30535,0,1,nickwu78
30536,0,13,DevasenaInupakutika
30537,0,18,rodalbert
30538,0,2,k-bharadwaj
30539,0,15,shinxg
30540,0,5,adamkirkwood
30541,0,4,kk17
30542,0,8,faizilham
30543,0,11,JennerChen
30544,0,18,idindrakusuma
30545,0,1,Rilzob
30546,0,2,harshithmullapudi
30547,0,7,BigTony666
30548,0,4,Cherry
30549,0,17,akhilputhiry
30550,0,2,multiojuice
30551,0,4,darothen
30552,0,6,acgtun
30553,0,26,jinyang1994
30554,0,2,rockylaw
30555,0,1,juliancruzsanchez
30556,0,1,JEuler
30557,0,5,alanbato
30558,318,2,smfai200
30559,0,3,orangeeli
30560,0,4,Acquati
30561,0,10,hugomrdias
30562,0,11,NikolayIT
30563,0,5,cdoco
30564,0,11,KoushikDasika
30565,0,8,casserni
30566,0,4,aiynmm
30567,346,1,shuxinpei
30568,0,11,JiaHongXu
30569,0,9,cryer
30570,0,56,Samurais
30571,0,40,Sampson-Lee
30572,0,6,davidraleigh
30573,0,22,rudrasohan
30574,0,2,tedpark
30575,0,11,lukehollis
30576,0,39,romainhuet
30577,0,4,Jingfei-Han
30578,0,3,aishangzoulu
30579,0,5,shivamluthra
30580,0,13,andreychev
30581,0,8,byverdu
30582,0,7,sunyuhui
30583,0,2,jpaulolxm
30584,0,11,danyan
30585,0,2,jwwisman
30586,0,20,duguying
30587,0,14,quagliato
30588,0,3,jparadasb
30589,0,4,gluo1130
30590,0,4,matheusbona
30591,0,4,jiujiuwo
30592,0,29,tao12345666333
30593,0,1,may811204
30594,0,32,amerine
30595,0,18,sneakerkg
30596,0,77,dineshsonachalam
30597,0,1,hadar33
30598,0,3,stevehobbsdev
30599,0,14,carsonfarmer
30600,0,9,sequencer
30601,0,2,mikkhait
30602,0,8,CalebFenton
30603,0,8,Rudolph-Miller
30604,0,2,shengven
30605,0,3,nightsnack
30606,0,90,Haroenv
30607,0,10,CZHQuality
30608,0,5,snknitin
30609,0,1,stoeffn
30610,0,20,94dreamer
30611,0,46,raghakot
30612,0,23,huigeek
30613,0,11,kasperlewau
30614,0,3,BenRichter
30615,0,6,MingtaoGuo
30616,0,7,rafamagalhas
30617,0,1,tahoang
30618,0,21,abada
30619,0,6,obulpathi
30620,0,7,Gywem
30621,0,19,GabrielCzar
30622,0,14,RPallas92
30623,303,1,davechan813
30624,0,16,athiselvam
30625,0,8,javespi
30626,0,9,mengasis
30627,0,8,ottaviano
30628,0,15,shamim8888
30629,0,1,datamweb
30630,0,2,chreekat
30631,0,11,douglas-neves
30632,0,1,matovu-ronald
30633,0,2,igorgcosta
30634,0,1,mbavar
30635,0,1,Rooster212
30636,0,9,clock145
30637,0,5,balanceTWK
30638,0,16,juandisay
30639,0,1,countif
30640,0,14,chenbimo
30641,0,5,mps9506
30642,0,15,dmouse
30643,0,7,Littlegrace111
30644,0,1,he1016060110
30645,0,1,mauvm
30646,0,3,h4kbas
30647,0,7,Saphyel
30648,0,5,chenjianfang
30649,0,1,aashishkr
30650,0,37,roryk
30651,0,1,prestonhansen
30652,0,12,siddu1998
30653,0,1,Onnocym
30654,0,9,srtucker22
30655,0,53,fukamachi
30656,0,83,rhnvrm
30657,0,7,khanhhaduc
30658,0,9,IFormiga
30659,0,19,aswanthkoleri
30660,0,1,abhigarg
30661,0,6,EricYT
30662,0,1,apolanc
30663,0,9,k
30664,0,7,kryptokinght
30665,0,5,indrakaw
30666,0,37,jruzafa
30667,0,2,alexandarp
30668,0,25,AndreiCalazans
30669,0,69,bahattincinic
30670,0,167,mishin
30671,0,7,deividfortuna
30672,0,2,amittos
30673,0,4,Month7
30674,0,3,gfmio
30675,0,6,khandelwalpranav05
30676,0,35,Scitator
30677,0,4,bilby91
30678,0,5,steveoh
30679,0,1,flexseth
30680,0,1,andyczerwonka
30681,0,6,jarleriksen
30682,0,49,sukeesh
30683,0,2,ASKJR
30684,0,5,jiayunhan
30685,0,17,RitterHou
30686,0,2,sgsvenkatesh
30687,0,9,emanuellucascomp
30688,0,3,LenKagamine
30689,0,4,lolimay
30690,0,7,SiroDiaz
30691,0,1,ncrypthic
30692,0,5,rshevchuk
30693,0,13,devsdmf
30694,0,12,maxming2333
30695,0,6,suhas-nithyanand
30696,0,4,santiago0697
30697,0,30,pradeepsinngh
30698,0,1,cschorr
30699,0,6,HaoguangYang
30700,0,3,sergey-akhalkov
30701,0,11,jmervine
30702,0,1,ChrisDavison
30703,0,3,se-jaeger
30704,0,2,merindorium
30705,0,5,Axect
30706,0,98,dreamineering
30707,0,6,BinZhiZhu
30708,0,2,LotarProject
30709,0,22,kvkens
30710,0,12,ForeverSc
30711,0,1,chirag-goel
30712,0,43,iphysresearch
30713,0,10,bmorris3
30714,0,39,huanghoujing
30715,0,12,sydinh
30716,0,5,Dante-Vonarmia
30717,0,29,Smilexuhc
30718,0,1,jha-prateek
30719,0,8,brookinsconsulting
30720,0,95,ryanhoo
30721,0,3,goestriyadi
30722,0,7,anson0370
30723,0,13,mcansh
30724,0,11,henfee
30725,0,1,elkarrde
30726,0,1,jaimevelaz
30727,0,3,Crownor
30728,0,8,elwayman02
30729,0,1,pinarersoy
30730,0,6,YNedderhoff
30731,0,2,MrFuri
30732,0,32,manfredi-giordano
30733,0,52,bajtos
30734,0,20,alicanbatur
30735,0,10,schalkventer
30736,0,12,mertozsaydi
30737,0,7,Danushka96
30738,0,27,code4a
30739,0,1,qigtang
30740,0,4,Obarads
30741,0,4,jiaobuzuji
30742,0,7,belone1993
30743,0,4,jfountain
30744,0,7,huanshen
30745,0,1,doitlikeaninja
30746,0,8,VersElectronics
30747,0,10,LondonOktober
30748,0,2,lostatseajoshua
30749,0,11,RSivakov
30750,0,4,nawaidshamim
30751,0,5,kricore
30752,0,11,namzo
30753,46,3,sakchaicm
30754,0,2,gybin02
30755,0,5,changwu-tw
30756,0,25,michaelkuty
30757,0,39,aleen42
30758,0,7,irfanICMLL
30759,0,30,mtsgeneroso
30760,0,7,Anaizing
30761,0,6,iam-merlin
30762,0,94,jlukic
30763,0,11,perhapsspy
30764,0,66,LukyVj
30765,0,4,emanuelhuber
30766,0,2,andreyantipov
30767,0,37,faheemzunjani
30768,0,1,kruglikdenis
30769,0,20,ahwillia
30770,0,2,nightspirit
30771,0,5,edwinm
30772,0,14,thephoeron
30773,0,128,kytwb
30774,0,28,llitfkitfk
30775,0,7,ThinkTankShark
30776,0,7,cebartling
30777,0,1,scottyantipa
30778,0,7,teramonagi
30779,0,61,rdiego26
30780,0,10,EOstling
30781,0,1,avoliva
30782,0,127,foru17
30783,0,9,pedropagotto
30784,0,6,iomz
30785,0,2,liyiyu36
30786,0,12,bpceee
30787,0,7,lorenzofantunes
30788,0,13,matiastucci
30789,0,3,adrienbrignon
30790,0,9,m4rr
30791,0,27,beevelop
30792,0,5,geedew
30793,0,5,Cappuccinuo
30794,0,8,mytxzz
30795,0,33,spicycode
30796,0,14,sebastianvera
30797,0,9,ChaiBapchya
30798,0,1,patriciojofre
30799,0,5,AntiAegis
30800,0,12,Pk13055
30801,0,2,SunQinghui
30802,0,18,dbtsai
30803,0,9,hrach
30804,0,8,taizan
30805,0,7,Sean-Lan
30806,0,1,ivorycirrus
30807,0,2,iamtimsmith
30808,0,5,soumarcelino
30809,0,385,cowboy
30810,0,4,asa1230
30811,0,6,TiagoFuelber
30812,0,6,crubier
30813,0,12,onderceylan
30814,0,61,eibay
30815,0,5,hantmac
30816,0,1,RolandoBernal
30817,0,1,duncangh
30818,0,23,RafaelCosman
30819,0,89,iamgilwell
30820,0,2,curiousest
30821,0,11,rajasekarm
30822,0,2,Junzeng-x14
30823,0,1,hirenkeraliya
30824,0,7,cn09876
30825,0,9,ariellephan
30826,0,11,andrediasgustavo
30827,0,4,abel-nieva
30828,0,4,felayman
30829,0,7,seriousben
30830,0,3,kevinwucodes
30831,0,5,clauda
30832,0,2,mlagunas
30833,0,1,jhonnymertz
30834,0,36,feat7
30835,0,7,herrjemand
30836,0,3,sorcererxw
30837,0,5,pedroperrusi
30838,0,3,YoungNK
30839,0,15,dublado
30840,0,2,stefanwade
30841,0,2,ridislam
30842,0,4,bambielli
30843,0,4,onthedesk
30844,0,6,kevin0525
30845,0,1,mrofi
30846,0,1,fabianmieller
30847,0,1,muguangyuze
30848,0,5,Christopheraz
30849,0,1,dnguyenchevy
30850,0,13,dtran320
30851,0,6,albertorestifo
30852,0,12,sajalagrawal
30853,0,5,anugrahbsoe
30854,0,3,listicos
30855,337,2,longIvan
30856,0,4,shubh24
30857,0,5,matei-radu
30858,0,5,lijx10
30859,0,8,T110E4
30860,0,1,nlt2390
30861,0,37,linonetwo
30862,0,4,Girgetto
30863,0,64,philiplambok
30864,0,1,Funso-Popoola
30865,0,1,damijanc
30866,0,2,mcgingras
30867,166,4,Pyxidatol-C
30868,0,2,sharik709
30869,0,4,HankXu
30870,0,15,barbareshet
30871,0,5,FNCxPro
30872,0,9,rudSarkar
30873,0,7,tiagovignatti
30874,0,4,atav32
30875,0,4,ncphillips
30876,0,2,solankivaibhav789
30877,0,36,fukayatsu
30878,0,26,jdanyow
30879,0,2,sidroopdaska
30880,0,3,Monkeyyy11
30881,0,17,hsupu
30882,0,29,nfroidure
30883,0,2,masinde70
30884,0,4,jsmithdev
30885,0,1,chrisgya
30886,0,15,karenfreemansmith
30887,0,3,randohinn
30888,0,1,johnnykoo84
30889,0,31,abhijeetps
30890,0,15,jwworth
30891,0,8,adamshen
30892,0,1,GoldenEra
30893,0,1,glasset
30894,0,1,karanmg
30895,0,5,TCWTEAM
30896,0,21,dalareo
30897,172,1,gavinking87
30898,0,2,adrenak
30899,0,6,ZhangMingNan
30900,0,4,jabbla
30901,0,13,duanhai
30902,0,8,Ma7moudkamal
30903,0,2,bob6664569
30904,0,1,javierav
30905,0,9,RedTeamWing
30906,0,1,himanshumehta1114
30907,0,3,SuperJohn
30908,0,6,thiagolima-bm
30909,0,15,pchaigno
30910,0,16,ruebot
30911,0,5,leoMehlig
30912,0,14,paulfitz
30913,0,2,beshkenadze
30914,0,11,Ore4444
30915,0,13,robertlayton
30916,0,6,cagrimmett
30917,0,4,Albluca
30918,0,1,laurence702
30919,0,8,Dragonyangjinhao
30920,0,1,pedr0ni
30921,0,15,jalamao
30922,0,3,Shaing
30923,0,8,DanBrooker
30924,0,2,fei3189
30925,0,4,arianjinx
30926,0,3,quardz
30927,0,1,BenQoder
30928,0,3,PandaWhisperer
30929,0,9,demogar
30930,0,5,Sylvain-Bugat
30931,0,13,ArcherFMY
30932,0,13,giorbismiguel
30933,0,11,benyasin
30934,0,2,Student-HXJ
30935,0,8,rdnasim
30936,0,3,sacOO7
30937,0,5,hanzheteng
30938,0,6,openwayne
30939,0,2,lsh3163
30940,0,2,occsceo
30941,225,4,th3hunt
30942,0,4,dos1
30943,0,23,pedrovereza
30944,0,25,francocorreasosa
30945,0,2,Hagbarth
30946,0,4,taodav
30947,0,3,t28hub
30948,0,52,jason9263
30949,0,5,NirmalBajpai
30950,0,12,codeams
30951,201,2,E7su
30952,0,3,SeptBlast
30953,0,4,sotnikov-link
30954,0,14,noahblon
30955,0,1,keezen
30956,0,121,Timer
30957,0,6,sundapeng
30958,0,22,technopagan
30959,144,2,chengongpp
30960,0,5,aleciavogel
30961,0,1,hermesespinola
30962,0,66,jnettome
30963,0,13,kilfu0701
30964,0,3,Dream4ever
30965,0,26,mbabker
30966,0,48,okandavut
30967,0,1,MasoodRehman
30968,0,5,Wells0420
30969,0,144,jcemer
30970,0,1,abhsrivastava
30971,0,23,krofax
30972,0,4,chitwansaharia
30973,0,3,biphasic
30974,0,2,ryanZiegler
30975,0,4,rahmatnazali
30976,0,3,dsdstudio
30977,0,1,jehartzog
30978,0,4,pealco
30979,0,14,davidqw
30980,0,4,nishontan
30981,0,5,IamMohaiminul
30982,0,19,ForNeVeR
30983,0,2,ZeekoZhu
30984,0,5,dcalacci
30985,0,4,gardenias
30986,0,2,send2ocean
30987,0,1,danedavid
30988,0,9,tabliu
30989,0,1,matthiasthomas
30990,0,79,hugobessaa
30991,173,2,antonshell
30992,0,5,kdetry
30993,0,24,mrsaicharan1
30994,0,8,Feiox
30995,0,1,anandp219
30996,0,7,brett-richardson
30997,0,9,caseycrites
30998,0,8,desire2020
30999,0,2,p709723778
31000,0,59,hujiulong
31001,0,6,kommen
31002,0,7,stanlyxiang
31003,0,11,Mikoto10032
31004,0,4,iamshouvikmitra
31005,0,25,rendro
31006,0,1,DEMG-DEV
31007,0,7,HoRangDev
31008,0,4,JerryWang304
31009,0,37,paltman
31010,0,3,glennon
31011,0,3,hellopipu
31012,0,11,siddhant-08
31013,0,13,ok2ju
31014,0,31,fouad
31015,0,2,samuelsharaf
31016,0,4,eincode
31017,0,10,SlvrEagle23
31018,0,77,dnc1994
31019,0,1,mattkennedy
31020,0,16,lc-soft
31021,0,8,harrisjose
31022,0,1,rozx
31023,0,2,llja0112
31024,0,6,bricss
31025,0,2,imartic
31026,0,1,samuelnp
31027,0,1,LincLiu
31028,0,22,binglingziyu
31029,0,8,tiffani
31030,0,2,iamMarkchu
31031,0,23,rosskukulinski
31032,0,5,Michael0134
31033,0,2,iHamburg
31034,0,38,cccyb
31035,0,7,CorradoRossi
31036,0,4,imoisharma
31037,0,12,dok
31038,0,7,Kitchu0401
31039,0,31,nishanthvijayan
31040,0,2,tenken
31041,0,27,kaungmyatlwin
31042,0,2,rudnetto
31043,0,9,kostajh
31044,0,13,gobrewers14
31045,0,1,jadsalhani
31046,0,2,radenadri
31047,0,2,brenotx
31048,0,2,bionikspoon
31049,0,2,iperry90
31050,0,8,nullv01d
31051,0,10,elias-1
31052,0,1,d909b
31053,0,37,mikesamuel
31054,0,2,barbaromatrix
31055,0,2,LeoYang610
31056,0,2,morpig
31057,0,26,camilomontoyau
31058,0,2,oneezy
31059,0,28,louisremi
31060,0,28,mitulgolakiya
31061,0,16,robinpokorny
31062,0,25,hansl
31063,0,6,jasonTangxd
31064,0,22,as1ndu
31065,0,8,aminebenkeroum
31066,0,3,cbrnrd
31067,0,2,bestGao
31068,0,4,azcn2503
31069,0,21,fantix
31070,0,1,lipingruan
31071,0,1,leoredi
31072,0,37,brunogaudino
31073,0,4,songbingyu
31074,0,3,gardlt
31075,0,5,aquarion
31076,0,10,joemathai
31077,0,3,mannypamintuan
31078,0,1,Mindgames
31079,0,2,Catherinelhl
31080,0,4,dskusuma
31081,0,12,Jerrypiglet
31082,0,10,khchine5
31083,0,9,laurentzziu
31084,0,1,gimdongwon
31085,0,4,chenchenece
31086,0,2,mathewtrivett
31087,0,10,fredyteheranto
31088,0,6,cnunciato
31089,0,17,OleMchls
31090,0,5,Cackbone
31091,0,44,MrZhang123
31092,0,4,frankbi
31093,0,1,MarcosWillian
31094,0,1,bubunyo
31095,0,13,manideep2510
31096,0,2,sehilyi
31097,0,7,labeebee
31098,0,6,ICELI
31099,0,59,scripting
31100,36,1,jackyhuang85
31101,0,1,RyanLeiTaiwan
31102,0,154,kamilmysliwiec
31103,0,6,katavie
31104,0,106,leafo
31105,0,24,maxim
31106,0,35,michaelzoidl
31107,0,44,kairen
31108,0,3,datacruiser
31109,0,1,DavidCarrington
31110,183,2,mbattifarano
31111,0,47,jaseemabid
31112,0,5,eaviles
31113,0,1,byungjun0689
31114,0,17,marcusmolchany
31115,0,17,openmohan
31116,0,1,liuzmeng
31117,0,10,Sn0bzy
31118,0,3,fernandoparada18
31119,0,18,chris-short
31120,0,2,sixthgear
31121,0,30,erogol
31122,0,3,IHIaadj
31123,0,2,rnglab
31124,0,2,timdang
31125,0,10,claudiordgz
31126,0,489,alsotang
31127,0,2,Tokifujp
31128,0,16,darrenmothersele
31129,0,18,ryukinix
31130,0,5,mechanizzed
31131,0,13,MarkBruns
31132,0,3,mrconway
31133,0,60,rizafahmi
31134,0,1,drewatk
31135,0,8,nateGeorge
31136,0,2,abos5
31137,0,4,devYoungyang
31138,0,2,nuoma
31139,0,1,ghivert
31140,0,1,Spoons
31141,0,151,Miserlou
31142,0,16,momeakl
31143,0,18,pskrunner14
31144,0,2,babedev
31145,0,7,HFreni
31146,0,14,anaskhan96
31147,0,3,seckincengiz
31148,0,2,nirnanaaa
31149,0,74,natuanorg
31150,0,1,basdek
31151,0,2,Pedestrian1671022
31152,0,1,hansbonini
31153,0,2,dallasbpeters
31154,0,26,impzero
31155,0,6,UltronAI
31156,0,4,jewilmeer
31157,0,9,maoshiba18
31158,0,4,joaope
31159,0,8,DrifterFun
31160,0,5,camellyx
31161,0,5,munnadroid
31162,0,10,MsrButterfly
31163,0,4,npulidom
31164,0,1,azjkjensen
31165,0,48,9jaswag
31166,0,18,bonham000
31167,0,8,raysmithdev
31168,0,4,hidesoon
31169,0,5,roman-yagodin
31170,0,304,avinashdvv
31171,0,10,elton182
31172,0,8,faheel
31173,0,1,afiefsky
31174,0,57,jdorfman
31175,0,3,afromankenobi
31176,0,132,hugocarreira
31177,0,6,ahalterman
31178,0,3,menzer
31179,0,4,digitalex
31180,0,3,pmn4
31181,0,27,cg-cnu
31182,0,15,rahulchowdhury
31183,0,11,JimJeon
31184,0,9,micanzhang
31185,0,2,sacsand
31186,0,4,RacZo
31187,0,21,djhvscf
31188,0,4,luanamartins
31189,0,1,joelbecker
31190,0,13,SerkanSipahi
31191,0,14,houssenedao
31192,0,31,iCHAIT
31193,0,8,jameswilson
31194,0,1,jarvis-wu
31195,0,5,bravomartin
31196,0,2,cadavre
31197,0,102,cain2
31198,0,55,ndelangen
31199,0,10,RyHao
31200,0,4,peterdemartini
31201,0,3,superhy
31202,0,2,nisanth074
31203,0,4,simaob
31204,0,3,Avadon
31205,0,48,JeanLLopes
31206,0,2,CryoliteZ
31207,0,5,evoxtorm
31208,0,9,prashuchaudhary
31209,0,3,atourino
31210,0,3,iamzxw
31211,0,9,gilcrespo
31212,0,11,aceway
31213,0,3,Hurray0
31214,0,2,sdcoffey
31215,0,3,ericwdq
31216,0,10,HaiwenZhang
31217,0,165,allengaller
31218,0,2,jmderueda
31219,0,19,SimonBiggs
31220,0,8,sun1752709589
31221,0,4,fabiob
31222,0,3,mindsers
31223,0,2,dsingleton
31224,0,11,gitNarGit
31225,0,18,pratos
31226,0,1,maheump
31227,0,4,adaivskenan
31228,0,9,DeGuang1996
31229,0,11,techalchemy
31230,0,26,qiulin
31231,0,3,hemokosa
31232,0,13,nishankbhati
31233,0,7,FonzieTree
31234,0,12,akash13singh
31235,0,5,damzaky
31236,0,13,efdalkaya
31237,0,25,hemel-cse
31238,0,13,rootphantomer
31239,0,2,liangshuguang
31240,0,6,ernandojs
31241,0,6,filaruina
31242,0,5,coocssweb
31243,0,6,dkaoster
31244,0,3,seansummers
31245,0,2,koofree
31246,0,4,junliangxing
31247,0,3,Sam-Lane
31248,0,72,od3n
31249,0,2,cgrafmuller
31250,0,15,Aden-Q
31251,0,1,azhao1981
31252,0,32,neysimoes
31253,0,2,FicowShen
31254,0,3,AzoresCabbage
31255,0,31,simone-sanfratello
31256,0,11,adhavalboy
31257,0,3,md-k-sarker
31258,0,1,tekinnnnn
31259,0,9,delameko
31260,0,19,ss8651twtw
31261,0,26,emr
31262,0,9,Sagn1k
31263,0,17,SwapneelM
31264,0,7,kkhetarpal
31265,0,3,jbspeakr
31266,0,5,ramaseshan
31267,0,4,LuizKrlz
31268,0,4,Dahlgren
31269,0,1,abridger
31270,0,1,aniketmaurya
31271,0,1,sprzedwojski
31272,0,8,nating
31273,0,4,laurent35240
31274,0,3,hi-bazinga
31275,0,9,jfc43
31276,0,15,arsho
31277,0,1,Kanata-Bifang
31278,0,31,Shelob9
31279,0,6,kakadiadarpan
31280,0,1,dtamade
31281,0,33,piyush6348
31282,0,12,brad-decker
31283,0,2,carltonstith
31284,0,4,nitisht
31285,0,11,noahluftyang
31286,0,1,Thileepan
31287,0,1,OneCyrus
31288,0,8,h3remi7
31289,0,5,mspangler
31290,0,5,noyesno
31291,0,11,Lw-Cui
31292,0,9,DragonJiao
31293,0,8,mentos1386
31294,0,14,krisleech
31295,0,1,patjackson52
31296,0,2,Jugaadu
31297,0,3,jancurn
31298,0,19,cjus
31299,0,34,rhysturner
31300,323,1,ckhicks
31301,0,1,dustinmichels
31302,0,4,AtmaMani
31303,128,3,oliversarfas
31304,0,74,nirmalrizal
31305,0,2,ropok
31306,0,2,furzeface
31307,0,1,jacksarick
31308,0,17,NeelShah18
31309,0,9,niroshn
31310,0,4,fahchen
31311,0,2,sergioandrade
31312,0,1,matthewarkin
31313,0,8,BigTeacher-777
31314,0,5,sharbel93
31315,0,8,lloricode
31316,0,17,J7mbo
31317,0,1,ProgrammingFuad
31318,0,82,LisaDziuba
31319,0,1,AJMaxwell
31320,0,3,jimmyyao88
31321,0,9,Yolanda-Gao
31322,0,10,eperedo
31323,0,7,Yudonggeun
31324,0,13,kaburelabs
31325,0,78,iagocavalcante
31326,0,4,ararog
31327,0,9,exalted
31328,0,19,TaylorPzreal
31329,0,8,atomkirk
31330,0,16,otttooming
31331,0,26,NaixSpirit
31332,0,4,shrimalmadhur
31333,0,2,jwmerrill
31334,0,2,OtavioHenrique
31335,0,1,L-Jovi
31336,0,120,mkearney
31337,0,3,dessHub
31338,0,22,albinekb
31339,21,4,nikhiljay
31340,0,9,islam-mansour
31341,0,11,ddewaele
31342,0,3,Geonhee-LEE
31343,0,2,mattduck
31344,0,1,IgnacioCarlucho
31345,0,10,ksopyla
31346,0,6,nullcc
31347,0,10,daaain
31348,0,27,jukben
31349,0,5,leesander1
31350,0,12,joeunha
31351,0,67,slowkow
31352,0,8,iamhosseindhv
31353,0,27,andybelldesign
31354,0,60,shru14
31355,0,14,ganeshghalame
31356,0,4,chenneal
31357,0,1,navinprasadk
31358,0,4,chrismitchell
31359,0,6,Niracler
31360,0,1,ellis2323
31361,0,2,drunken005
31362,0,7,sublimationAC
31363,0,1,appvin
31364,0,132,cathywife
31365,0,233,lelandrichardson
31366,0,14,sarbbottam
31367,0,191,jeromeetienne
31368,0,26,scq000
31369,0,17,IvanBila
31370,0,1,atxy2k
31371,0,2,rtud
31372,0,5,mcgraw
31373,0,7,steverice
31374,0,12,a-manumohan
31375,0,28,raix
31376,0,151,thomasdavis
31377,0,16,NawfalTachfine
31378,0,77,amirisback
31379,0,40,YanWenqiang
31380,0,11,Arvindiyer
31381,0,1,gugu
31382,0,8,hemant3370
31383,0,6,berkaygure
31384,0,39,CodingMeUp
31385,0,3,sidhant-rajan
31386,0,1,ChongTang
31387,0,31,menzil
31388,0,1,ryansobol
31389,0,2,rjaus
31390,0,8,malinkang
31391,0,29,alexgleason
31392,0,56,FredWe
31393,0,15,Shubham007yadav
31394,0,4,bsfajardo
31395,0,42,sytelus
31396,0,11,gavincangan
31397,0,9,emmanix2002
31398,0,1,adowu
31399,0,6,KisukPark
31400,0,4,BillyLuo
31401,0,12,omigafu
31402,0,27,ptz0n
31403,0,3,danielheene
31404,0,31,domanhtien2011
31405,0,3,ifyoumakeit
31406,0,2,parrotmac
31407,0,29,mrsinguyen
31408,0,9,satyammittal
31409,0,9,ChisBread
31410,0,2,TianqiJiang
31411,0,7,jacelynfish
31412,0,21,mitermayer
31413,266,2,nanderson94
31414,0,11,beneverard
31415,0,29,paulopatto
31416,0,13,mcomi
31417,0,3,makerj
31418,0,5,Oktai15
31419,0,45,omariosouto
31420,0,3,iterion
31421,0,18,hsj-xiaokang
31422,0,7,dracco1993
31423,0,31,narendrashetty
31424,0,4,CripterHack
31425,0,13,mayank408
31426,102,2,Elliot-Evans-95
31427,0,2,elpuas
31428,0,25,ovac
31429,0,8,jeromefaria
31430,0,13,arundhaj
31431,0,1,AronT-TLV
31432,0,1,alishangtian
31433,0,12,qrpike
31434,0,9,liziwl
31435,0,1,GillMacedo
31436,0,6,caojinguo
31437,0,4,JakeStoeffler
31438,0,7,miff
31439,0,3,handiwijoyo
31440,0,1,OpenSourceIronman
31441,0,93,doodlewind
31442,0,9,feryandi
31443,0,2,badcrocodile
31444,0,2,Coldog2333
31445,0,2,Mickey-Wang
31446,0,9,moycat
31447,0,12,ChenwxJay
31448,0,7,SteveBarnett
31449,0,10,ahmethelvaci
31450,0,9,Lplenka
31451,0,7,murrayee
31452,0,11,eissa4444
31453,0,10,graulund
31454,0,1,rajatkantinandi
31455,0,2,karuna
31456,0,1,jack-zh
31457,0,3,sergiouribe
31458,0,6,si9ma
31459,0,2,llylly
31460,0,6,mogarg
31461,0,3,paulo9mv
31462,0,57,ChristopherBiscardi
31463,0,8,ajaneczko
31464,0,8,jmnie
31465,0,11,ZZZWY
31466,0,27,Acvrock
31467,207,2,nathan-van-der-werf
31468,0,67,jfzhang95
31469,0,5,flymysql
31470,0,2,baozjian
31471,113,4,phuijse
31472,0,3,poyrazovic
31473,0,19,Ycomer
31474,0,7,lastranikos
31475,0,6,rottina
31476,0,35,mgifford
31477,0,1,lsalvadorini-c4w
31478,0,21,aleksandar-todorovic
31479,0,8,jesconstantine
31480,0,3,sjayjay005
31481,0,8,rarous
31482,0,6,rodrigoSyscop
31483,0,10,rainofpainki
31484,0,3,pikitgb
31485,0,4,AsherYang
31486,0,28,muratcanbur
31487,0,5,iwaltgen
31488,0,7,iiicp
31489,0,3,maletor
31490,0,2,ChristianJHughes
31491,0,6,kyasui
31492,0,1,kyle8998
31493,0,11,GUIEEN
31494,0,23,abdelhadiMatarib
31495,0,3,guillaumemaka
31496,0,5,iplaces
31497,0,36,JackCho
31498,0,2,jawang94
31499,343,2,kenliao94
31500,0,9,ksfzhaohui
31501,0,10,fabriciofrontarolli
31502,0,28,kreo
31503,0,22,bradjasper
31504,0,8,BearRan
31505,0,38,hipstersmoothie
31506,0,8,theRexxar
31507,0,14,FabricioFFC
31508,0,14,ericdum
31509,0,85,seyyah
31510,0,7,steven2947
31511,0,5,akroii
31512,0,4,emcniece
31513,0,5,mbritton
31514,0,3,hackath
31515,0,13,aldodelgado
31516,0,52,lucassmacedo
31517,0,26,Zorgatone
31518,0,286,guo-yu
31519,0,1,jmagrippis
31520,0,108,rimiti
31521,0,25,samuelcolvin
31522,0,3,ryanaker
31523,0,12,maximepvrt
31524,0,3,abass
31525,0,148,kalasoo
31526,0,3,Demo233
31527,0,2,fudanglp
31528,0,4,rubensdemelo
31529,0,5,RewaNx7
31530,0,14,WellingtonCosta
31531,0,1,sadcup
31532,0,4,jybleau
31533,0,5,MatteoJoliveau
31534,0,2,Itdotaer
31535,0,9,best90
31536,0,8,ShinJJang
31537,0,3,msobroza
31538,0,12,kmaida
31539,180,1,mbrennek
31540,0,7,edwardstudy
31541,114,3,Foreverasir
31542,0,8,ptasker
31543,0,2,brapastor
31544,0,8,LeoAref
31545,0,3,rujianwang
31546,0,5,lclc
31547,0,11,pauldotknopf
31548,0,12,liumingmusic
31549,0,9,anydogem
31550,0,3,lnpalmer
31551,0,3,ahujaraman
31552,0,1,revelunt
31553,0,9,MATsxm
31554,0,2,blalor
31555,0,10,guruahn
31556,0,11,suryasumukh
31557,0,4,aweeraman
31558,0,50,timi-codes
31559,0,7,aboudreault
31560,0,1,junyug
31561,0,7,federkasten
31562,0,3,pixelspark
31563,0,19,Bharathbrothers
31564,0,4,asudoh
31565,119,2,rawrmaan
31566,120,2,Ironteen
31567,0,15,AlexanderFabisch
31568,0,1,divya-nk
31569,0,2,masterkey1009
31570,0,16,jeroenouw
31571,0,6,adoankim
31572,0,25,HydeSong
31573,0,2,drew-y
31574,0,9,SungwonKim
31575,0,4,JackChen-crg
31576,0,6,georgeconstantinou
31577,0,125,Cee
31578,0,9,oblakeerickson
31579,0,4,lvstross
31580,0,12,justinshenk
31581,0,7,YiqinZhao
31582,0,2,charlesbao
31583,0,6,LeeShiyang
31584,0,16,ggd543
31585,0,1,m25lazi
31586,0,3,benjaminboruff
31587,0,15,seiry
31588,0,15,kelvinblood
31589,0,3,markmbirira
31590,0,9,salahuddinrony
31591,0,21,slifty
31592,0,3,blankazucenalg
31593,0,1,Itisfilipe
31594,0,37,stojanovic
31595,0,7,ohmyguigs
31596,0,3,jgardner04
31597,0,11,matthieudou
31598,0,4,i008
31599,0,3,VioletVivirand
31600,0,6,burakkp
31601,0,4,JacopoMangiavacchi
31602,0,8,kyleledbetter
31603,0,1,pfzhengd
31604,0,11,Mavericker-1996
31605,0,7,rshad
31606,0,1,cq5282000
31607,0,2,psantwani
31608,0,3,chenynCV
31609,0,1,BitForger
31610,0,2,ribel
31611,0,2,geidsonc
31612,0,1,sagar117
31613,0,6,linlingfan
31614,0,5,mjs2600
31615,0,3,taoning2014
31616,0,22,Q10Viking
31617,0,4,GuillaumeHaben
31618,0,11,phugee
31619,0,12,shunk031
31620,0,6,hanonno
31621,0,6,sweetice
31622,55,1,jluhuangj
31623,0,5,SaroarShahan
31624,0,12,qizheng09
31625,0,2,teacurran
31626,0,14,berat
31627,0,2,Kirtiraj-R-Garud
31628,161,2,WERUreo
31629,0,11,namanmaheshwari97
31630,0,107,kuldar
31631,0,8,KimSoybean
31632,0,2,mstallmo
31633,0,17,hankewins
31634,0,2,ChampionZP
31635,0,11,icflorescu
31636,0,67,cenbow
31637,0,115,fideloper
31638,0,2,NandoMB
31639,0,2,epogue
31640,0,5,Zihua-Liu
31641,0,3,jsfour
31642,0,2,sandangel
31643,0,6,liu12fei08fei
31644,0,8,ghliu
31645,0,10,KleinYuan
31646,340,2,rrkarim
31647,0,3,SeptimusZhu
31648,0,3,shtaimoortariq
31649,0,13,M4gn4tor
31650,0,2,djphoenix
31651,0,7,ITCSsDeveloper
31652,0,5,rafagaseo
31653,0,20,fwilhe
31654,0,1,giocomai
31655,0,4,AntoniosHadji
31656,0,2,mmullen200
31657,0,2,lucasheim
31658,0,1,c11z
31659,0,299,simongfxu
31660,0,9,jaeh
31661,0,10,pengzhonghua
31662,0,35,donysukardi
31663,0,10,snehpahilwani
31664,0,4,BobWassermann
31665,0,10,hto
31666,0,12,ksw0306
31667,0,4,snajdan0525
31668,0,44,aktech
31669,0,2,gaillafr
31670,0,4,reinier
31671,0,3,edyesed
31672,0,1,TheCelavi
31673,0,6,jesraygarciano
31674,0,44,osmanmesutozcan
31675,0,4,andrewwong97
31676,0,1,aymfx
31677,0,11,ntreadway
31678,0,5,dbads
31679,299,2,flynnham
31680,0,5,rajedan
31681,0,96,lijiarui
31682,0,1,PabloGGaray
31683,0,16,rivera-ernesto
31684,0,18,fotopretty
31685,0,24,patrickocoffeyo
31686,0,3,alexbegoon
31687,0,39,tigert1998
31688,0,1,notarock
31689,0,4,musclejack
31690,0,5,lobosg
31691,0,1,dougbrn
31692,0,21,michaelokuboyejo
31693,0,5,matiassantos
31694,0,5,dxprog
31695,0,134,mohd14shoeb
31696,0,3,taylortom
31697,0,3,meininghang
31698,0,24,jsjoeio
31699,0,2,manishgs
31700,0,23,elliotchance
31701,0,27,agileago
31702,0,9,petemill
31703,0,10,etcroot
31704,0,4,Jophish
31705,0,3,edorsey
31706,0,18,daigofuji
31707,0,2,boombrusher
31708,0,2,changedi
31709,0,11,fanKarl
31710,0,5,WillGreen98
31711,0,4,nicehiro
31712,0,29,lisachenko
31713,0,78,Jack-Cherish
31714,0,76,Parikshit-Hooda
31715,0,14,joshuap
31716,0,1,sunnywp
31717,0,31,Taym95
31718,0,3,dgarcia360
31719,0,1,Applelo
31720,0,4,Alienero
31721,0,5,jun-lu
31722,0,44,theofidry
31723,0,4,dddd1007
31724,0,9,drmatrix0
31725,0,134,EzimetYusup
31726,0,1,ccckblaze
31727,0,4,acolchado
31728,0,1,acabassi
31729,0,11,Yououko
31730,0,48,dwmkerr
31731,0,3,kamilamin
31732,0,7,stevengregory
31733,0,1,huynhsamha
31734,0,9,ToBeDefined
31735,264,3,pavi2410
31736,0,5,leangjia
31737,0,4,bayucakra20
31738,0,1,maloky
31739,0,2,prodhan29
31740,0,1,kyanyoga
31741,0,13,jsartisan
31742,0,5,sohnryang
31743,0,28,nkohari
31744,0,10,Freeza91
31745,0,6,getterk96
31746,0,14,ArslanKathia
31747,0,2,B-C-WANG
31748,0,1,sn0n
31749,0,1,huzelin
31750,0,3,nozzlegear
31751,0,3,johannlaqua
31752,0,10,TimothePearce
31753,0,1,ningkexin
31754,0,19,diegowifi
31755,0,11,rwstauner
31756,0,11,sekaiamber
31757,0,4,goediaz
31758,0,5,erensezener
31759,0,1,liqiang311
31760,0,7,darrenliuwei
31761,0,7,kaviranga
31762,0,9,matthewtole
31763,0,2,hupo376787
31764,0,18,streeetlamp
31765,0,13,chenguanfu511
31766,0,3,pferretti
31767,0,3,philipdenys
31768,0,12,ddd702
31769,0,6,YamenSharaf
31770,0,3,gurupunskill
31771,0,3,ibrahimzahoor
31772,0,5,javascripth
31773,0,11,LucasIcarus
31774,0,2,fobos
31775,0,3,KyleRuan
31776,0,1,kristian-welsh
31777,0,13,fireairforce
31778,0,5,Shridhad
31779,0,4,ahmedkamals
31780,0,6,seabbs
31781,0,2,scottjanousek
31782,0,3,rainofmine
31783,0,60,lauragift21
31784,0,4,euventura
31785,0,112,mvayngrib
31786,0,1,nitbix
31787,0,2,rhasan
31788,0,4,drummyfish
31789,0,6,MARMOTatZJU
31790,0,3,kambojankit
31791,0,7,shermango
31792,0,9,holmesal
31793,0,3,holyhao
31794,0,9,shravankumar147
31795,0,10,kisenka
31796,0,8,dexterdev
31797,0,84,t4t5
31798,0,5,sun11
31799,0,6,frrrnd
31800,0,9,mdbartos
31801,0,4,netzulo
31802,0,1,sunlizhe
31803,0,41,sebyddd
31804,0,2,cbagriacik
31805,0,1,arosen93
31806,0,12,RockySJ
31807,0,7,arunikayadav42
31808,0,5,playbear
31809,0,6,bordaigorl
31810,0,8,KhoaVanNguyen
31811,0,9,jackychee
31812,0,3,ChrisMuga
31813,0,70,QC-L
31814,0,11,guozhangwang
31815,0,56,MechCoder
31816,0,4,tienpham94
31817,0,7,danielpygo
31818,0,4,WangYuTao3
31819,0,3,mmoineaudev
31820,0,10,candyleer
31821,0,1,kayspiegel
31822,0,4,brucebnu
31823,0,8,Shuunen
31824,0,20,birdgg
31825,0,8,jialin1008
31826,0,6,jbriales
31827,0,22,devSC
31828,0,3,thepowerfuldeez
31829,0,4,ajax27
31830,0,10,gsivaprabu
31831,0,7,ashafaei
31832,0,6,jcaip
31833,0,1,romainmartinez
31834,0,31,erhan
31835,0,44,royalwang
31836,0,3,ROODAY
31837,0,1,Kaffiend
31838,0,30,newtonmunene99
31839,0,16,rishabhmhjn
31840,0,2,CarlosSouza
31841,0,9,shuoshubao
31842,0,13,kistasi
31843,0,69,pandao
31844,0,8,crmne
31845,0,2,gravyplaya
31846,0,1,alfenfebral
31847,0,1,thilobillerbeck
31848,0,5,Rabinzon
31849,0,6,hasanmumin
31850,0,1,nrobin
31851,0,12,lily1115
31852,0,2,mldssr
31853,0,1,adorris1
31854,0,2,Doreamonsky
31855,0,28,nikhilponnuru
31856,0,8,brianr
31857,0,1,daincredibleholg
31858,0,3,danghai
31859,0,3,shuishen112
31860,0,6,liuqidev
31861,0,5,palladin
31862,0,17,lucas-carl
31863,0,13,samuelcastro
31864,0,2,hnaoufal
31865,153,2,MalikZu
31866,0,18,anoobbava
31867,0,4,Yibay
31868,0,11,jinntrance
31869,0,3,ArturSkowronski
31870,0,10,nyanye
31871,0,3,gohar94
31872,0,2,arsh
31873,0,4,dpinthinker
31874,0,6,enjoylife
31875,0,7,alexandrudaia
31876,0,8,namigaliyev
31877,0,2,Q-rains
31878,0,3,jluo80
31879,0,15,rodrigo-oliveira
31880,0,13,meuwka
31881,0,9,adw0rd
31882,0,9,haoyuanliu
31883,0,4,jhalvorson
31884,0,4,scandar
31885,0,14,MoruoFrog
31886,0,1,danielsmota
31887,0,27,gnumoksha
31888,0,6,TomiToivio
31889,0,2,derekjobst
31890,0,9458,dalinhuang99
31891,0,12,josephmartz
31892,0,4,hvaara
31893,0,3,bf777
31894,0,16,hyunwoo222
31895,0,3,abs51295
31896,0,7,christopherturner
31897,0,19,ee08b397
31898,0,5,Receiling
31899,0,2,lasellers
31900,0,23,MrHeart
31901,0,7,RudraNilBasu
31902,0,14,Lakshmiaddepalli
31903,0,2,pazuzu156
31904,0,7,jerrywu2013
31905,0,3,sphinx-jiang
31906,0,3,mikewlange
31907,0,20,luisfmsouza
31908,0,1,giorgioprovenzale
31909,0,2,imsenthur
31910,0,7,RomainJeff
31911,0,10,MdStart
31912,0,6,r21nomi
31913,0,3,rmanibus
31914,0,8,Xuhengfeng
31915,0,1,amorenew
31916,0,29,007arunwilson
31917,0,526,creationix
31918,0,2,imjustfly
31919,0,2,JietingHuang
31920,0,1,serveba
31921,0,7,jakebolam
31922,0,6,Trodrige
31923,0,13,aditisrinivas97
31924,0,33,racerxdl
31925,0,15,BiswajitMahato
31926,0,18,AbdulRayhman
31927,0,3,gustavoluisti
31928,0,21,mpourismaiel
31929,0,5,eyewritecode
31930,0,2,jimperio
31931,0,3,marteinn
31932,0,1,AngeloKai
31933,0,27,SvenDowideit
31934,0,10,aelkz
31935,0,92,bh-lay
31936,0,4,Macelai
31937,0,9,sebahc
31938,0,7,cbertelegni
31939,0,27,cathyxz
31940,0,3,evinism
31941,0,4,Bollack
31942,0,1,lolevsky
31943,0,3,dutxueyu
31944,0,3,stevenxie
31945,0,3,defaults
31946,0,4,arekgofi
31947,0,2,rmattos
31948,0,1,MaxLeiter
31949,0,3,gabrieledarrigo
31950,0,5,pooyanjamshidi
31951,0,8,sentinelleader
31952,0,1,ljcolling
31953,0,6,D4rkMindz
31954,0,13,OmarMFathy219
31955,0,14,alexclear
31956,0,6,ballance
31957,0,47,MarvinTeichmann
31958,0,5,andregumieri
31959,0,1,sekharp
31960,0,1,dyerw
31961,0,23,jawache
31962,0,5,olegkalyta
31963,0,2,TokenJan
31964,0,2,skndungu
31965,0,83,airingursb
31966,0,14,HawksJamesf
31967,0,16,AhmadElsagheer
31968,0,10,argelius
31969,0,24,moorepants
31970,0,1,iamupendra
31971,0,1,Rongx
31972,0,18,BharathKumarRavichandran
31973,0,9,asafgunay
31974,0,1,theorenck
31975,0,1,eridbardhaj
31976,0,1,asd1245dss
31977,0,5,MG2033
31978,0,4,kurohune538
31979,0,51,Richard-Cao
31980,0,19,sabman
31981,0,20,mihaibujanca
31982,0,3,dukesnuz
31983,0,2,hasanavi
31984,0,2,marceloadsj
31985,0,2,idhamhalim
31986,0,2,renekorss
31987,0,27,jasonrhodes
31988,0,50,miniflycn
31989,0,4,drobune
31990,0,2,halas
31991,0,5,fatihcelen
31992,0,2,lossless1
31993,0,3,noshadchaudhry
31994,0,9,MuteBardTison
31995,0,16,cauealvesbraz
31996,0,13,ryanatkn
31997,0,4,Thunderbird7
31998,0,5,Tronzo
31999,0,20,Weiting-Zhang
32000,0,1,nccshecodes
32001,0,17,madwork
32002,0,10,ivoarch
32003,0,2,andremleblanc
32004,0,3,Dezhao-Huang
32005,0,1,ifucolo
32006,0,2,gilbertz
32007,0,8,nathanph
32008,0,41,ImmortalZ
32009,0,1,josephmcasey
32010,0,1,CACppuccino
32011,0,19,gucong3000
32012,0,14,kaendfinger
32013,0,5,pydemia
32014,0,1,cryptox31
32015,0,1,rafalio
32016,0,14,renexdev
32017,0,5,pizzapanther
32018,0,9,evertramos
32019,0,3,puma3
32020,347,2,Joonsun-Hwang
32021,0,2,freedom-zt
32022,0,5,Azure99
32023,0,6,marekkaczkowski
32024,0,23,pprp
32025,0,10,guilhermeportela-zz
32026,0,50,ahmedelgabri
32027,0,27,aurora
32028,0,1,marweck
32029,0,1,songrun
32030,0,91,javierbyte
32031,0,5,leonGravel
32032,0,11,atombender
32033,0,1,jefferson-amorim
32034,0,6,dcaravana
32035,0,5,glnarayanan
32036,0,6,Pea-Shooter
32037,0,2,mwakaba2
32038,0,6,bluove
32039,0,3,loicguillois
32040,0,3,AhmedAli7O1
32041,0,2,jmorenov
32042,0,7,denpatin
32043,0,19,abdalimran
32044,0,30,chu888chu888
32045,0,1,ecosang
32046,0,1,scharinger
32047,0,2,stefanos1316
32048,0,5,megychen
32049,0,1,Heshamsalah
32050,0,12,auderer
32051,0,14,Osmose
32052,0,6,damujiangr
32053,0,9,paulootavio
32054,0,19,nirum
32055,0,9,LawfulHacker
32056,0,4,djgeekdout
32057,0,25,kristoferbaxter
32058,0,15,jwchan1996
32059,0,7,Harrypotterrrr
32060,0,233,ded
32061,0,32,MiYogurt
32062,0,18,hbmartin
32063,0,1,heyimnowi
32064,0,3,ComputationalAdvertising
32065,0,6,anvyst
32066,0,151,hollance
32067,0,4,pt-br
32068,0,5,guilhermeocosta
32069,0,87,mykeels
32070,0,4,bernhard2202
32071,0,12,seingshinlee
32072,0,2,stiger104
32073,0,2,nykh
32074,0,2,sheerazam
32075,0,6,laurentb
32076,0,1,Kiddinglife
32077,0,7,SaidElBakkali
32078,0,8,bobbytables
32079,0,3,fabiobruna
32080,0,4,juniorb2ss
32081,0,2,martindidiego
32082,0,100,mori2k12bln
32083,0,2,diejmon
32084,0,1,dup2X
32085,0,17,Topppy
32086,0,5,maier-stefan
32087,0,29,javierlopezdeancos
32088,0,1,SunHaozhe
32089,0,3,jrgauthier01
32090,0,5,colllin
32091,0,17,1stvamp
32092,0,1,PedroHerrero
32093,0,14,marcellodesales
32094,0,1,achagani
32095,0,7,Menelion
32096,0,3,hpowers
32097,0,123,AyoGitNg
32098,0,28,beingfranklin
32099,0,26,dsfb
32100,0,15,mayribeiro
32101,0,6,devRoshan
32102,0,10,carolinesalib
32103,0,17,MiroDojkic
32104,0,16,igorsantos07
32105,0,1,kelkes
32106,0,48,koba04
32107,0,12,danilo-augusto
32108,0,4,renguoqing
32109,0,10,NightFury13
32110,0,3,TheNowWJJ
32111,0,32,niksrc
32112,0,9,ihoey
32113,0,5,Genuifx
32114,0,14,elyseholladay
32115,0,4,georgkreimer
32116,0,1,ProMadGenius
32117,0,3,anaymalpani
32118,0,4,Moussawi7
32119,0,11,danmosemsft
32120,0,2,Yizhang-Li
32121,0,6,theprogrammerin
32122,0,23,alexwolfe
32123,0,7,allisonmorgan
32124,0,18,anilmuppalla
32125,0,1,auroredea
32126,0,11,rajivshah3
32127,0,1,CassianoD2
32128,0,5,ginkoten
32129,0,58,alash3al
32130,0,6,ilikeorangutans
32131,0,27,jerry-shao
32132,0,26,tegansnyder
32133,0,1,kim-nguyenkhn
32134,0,7,mmalohlava
32135,0,1,samueljun
32136,0,47,pedrualves
32137,0,3,aliuadepoju
32138,0,28,shunok
32139,0,7,duggiefresh
32140,0,5,Phrlog
32141,189,2,AndresCidoncha
32142,0,2,gmcather
32143,0,39,juliobetta
32144,0,2,NateBrune
32145,0,1,magneticflux-
32146,0,5,thejspr
32147,0,11,chuaccheng
32148,0,1,Jaredk3nt
32149,0,51,johnsoncheg
32150,0,9,Zardinality
32151,0,7,DMeechan
32152,0,16,SuzuNakamura
32153,0,2,ericbenwa
32154,0,8,petervmeijgaard
32155,0,6,takuzoo3868
32156,0,3,DanielLarsenNZ
32157,0,6,DFurnes
32158,0,26,RAOE
32159,0,11,chocopie116
32160,0,1,sud218
32161,0,20,ay8s
32162,0,2,ryuzee
32163,0,3,badlogicmanpreet
32164,0,1,bariseser
32165,0,17,Raytlty
32166,0,7,digitalbase
32167,0,2,tetor
32168,0,17,rosariopfernandes
32169,0,2,raunaqss
32170,0,24,marcelvoss
32171,0,6,DomenCai
32172,0,4,gabrieljoelc
32173,0,15,Duan112358
32174,0,2,mghendi
32175,0,8,Sumukh
32176,0,1,codebycliff
32177,0,2,Thijs5
32178,0,10,elopio
32179,0,9,godfanmiao
32180,0,34,lpil
32181,0,3,MertensMing
32182,0,50,mbinary
32183,0,17,eunos-1128
32184,0,8,samhogg
32185,0,2,jwmatthews
32186,0,1,StanWang798
32187,0,13,fengzhangyin
32188,0,79,JellyBool
32189,0,13,kevteg
32190,0,4,espindolaa
32191,0,24,qihao96
32192,0,7,MaxRickettsUy
32193,0,20,djwackey
32194,0,8,Atiladanvi
32195,0,1,lvgangGitHub
32196,0,4,dibosh
32197,0,71,audy
32198,0,2,ncherro
32199,0,14,owlwang
32200,0,14,haoranyu
32201,0,6,jonbiro
32202,0,56,imyelo
32203,0,2,syukronrm
32204,0,3,PaulPoinet
32205,0,1,Xiaoyang-Rebecca
32206,0,40,gakonst
32207,0,25,leipzig
32208,0,5,Concert0
32209,0,1,hypergravity
32210,0,6,abuna1985
32211,0,6,azharullah
32212,0,8,mahalwal
32213,0,1,dudeisbrendan03
32214,0,1,MartinX3
32215,0,7,libing64
32216,0,29,nrupatunga
32217,0,1,riyadfebrian
32218,0,1,ChristosGeorgiou
32219,0,4,rafaelblink
32220,0,8,LisaJing
32221,307,1,themetalfleece
32222,0,8,simb
32223,0,2,ikevinsolomon
32224,0,3,Mashiane
32225,0,12,thomasgassmann
32226,0,11,oykun
32227,0,18,Mugen87
32228,0,11,ThomasChan
32229,0,20,ZhipingYang
32230,0,4,samseen
32231,0,5,SunSet0418
32232,0,34,merqurio
32233,0,78,amitness
32234,0,2,jetwes
32235,0,1,JoeMorrello
32236,0,3,alicin
32237,0,1,benpoliquin
32238,0,1,orejuelajd
32239,0,40,sabonis
32240,0,14,dnbaker
32241,0,3,amitayh
32242,0,1,frdteknikelektro
32243,0,4,raphaelchang
32244,0,16,aaronshaf
32245,0,12,ZSX-JOJO
32246,0,8,kevinjom
32247,0,3,mdeangelo272
32248,45,1,scandeiro
32249,0,6,VirrageS
32250,0,6,snipertomcat
32251,0,7,neryajanel
32252,0,6,kiroskirin
32253,0,1,dalabarge
32254,0,13,hwaphon
32255,0,2,Gochip
32256,0,16,fangx
32257,0,17,onuar
32258,0,3,BraveHead
32259,0,12,Dongzhixiao
32260,0,7,AmphiBee
32261,0,15,cDima
32262,0,6,luoboding
32263,0,4,faridlab
32264,0,6,sunxucool
32265,0,1,mikhama
32266,0,40,SuprDewd
32267,0,2,cuongw
32268,0,4,mostafa8026
32269,0,30,deltaepsilon
32270,0,3,ititandev
32271,0,1,gigiskarlett
32272,0,8,ddrccw
32273,0,1,dihweng
32274,0,2,sleepreading
32275,0,6,morgant
32276,0,15,lucasdeassis
32277,0,17,deep-diver
32278,0,1,avinduhewa
32279,0,5,alotofnoodles
32280,0,1,hr1912
32281,0,7,phfontess
32282,0,16,lucasmezencio
32283,0,16,joevo2
32284,0,15,manjeettahkur
32285,0,2,Svyatoslav-Polishchuk
32286,0,37,gkmngrgn
32287,0,5,IamWangYunKai
32288,0,6,alifarukm
32289,0,13,FreemenL
32290,0,2,Freundschaft
32291,0,2,shalomz
32292,0,17,s-rah
32293,0,8,listingslab
32294,0,1,defypp
32295,0,15,mebjas
32296,0,29,metagrover
32297,0,4,aedeeley
32298,0,12,clojurians-org
32299,0,24,bismarkhenao
32300,0,5,nicholasmalaya
32301,0,12,JakeLaoyu
32302,0,2,shailesh17
32303,0,27,cedx
32304,0,11,sarkershantonu
32305,0,5,ZhishengWang
32306,0,1,Yoshi3003
32307,0,33,marinho
32308,0,50,Hipheckts
32309,0,34,metrue
32310,0,22,mariuslundgard
32311,0,6,jarcher
32312,0,1,andres99x
32313,0,7,gamell
32314,0,4,liboshi
32315,0,8,MBing
32316,0,9,renatoagomes
32317,0,7,ginolhac
32318,0,10,essoen
32319,0,2,chrismgonzalez
32320,0,2,tendermario
32321,0,1,mazdeh
32322,0,73,dionyziz
32323,0,1,iampomelo
32324,0,13,sebdah
32325,0,9,jrosen48
32326,0,3,cxc222
32327,0,4,Joonpark13
32328,0,5,carlcortright
32329,21,4,srustagi
32330,0,4,steventong
32331,0,55,shuapeng
32332,0,16,shirangi
32333,0,14,deepusnath
32334,0,14,magical-xu
32335,0,10,pluwen
32336,0,3,DeepinSC
32337,0,2,danreeves
32338,0,11,ledinhtri97
32339,0,34,diop
32340,0,6,Kshitij08
32341,0,9,sleroux
32342,0,10,codertx
32343,0,5,ams0
32344,0,8,karoldvl
32345,0,1,kotovalexarian
32346,0,33,millnitzluan
32347,0,47,100apps
32348,0,6,seogi1004
32349,0,5,georgezoto
32350,0,21,nstrayer
32351,0,17,polossk
32352,0,5,akshatgoel
32353,223,1,bjerva
32354,0,7,JamieLottering
32355,0,2,sjaune
32356,0,11,lutoma
32357,0,12,KasaiDot
32358,0,2,nicolobruno
32359,0,3,singngai
32360,0,6,hitendradeveloper
32361,0,1,taxnuke
32362,0,24,saleemrashid
32363,0,1,jmaitrehenry
32364,0,2,nvkudva
32365,0,4,bluestyle97
32366,0,1,MichaelKlemersson
32367,0,5,Noctsyndrome
32368,0,29,carryxyh
32369,0,68,shajalahamedcse
32370,0,6,LucasSheng
32371,0,9,jitendravyas
32372,0,14,anavaldi
32373,0,43,MagePsycho
32374,0,10,etewiah
32375,0,9,matteobaglini
32376,0,11,kremalicious
32377,0,5,fpapado
32378,0,19,sirmmo
32379,0,15,krshrimali
32380,0,15,bzalasky
32381,0,7,nichochar
32382,112,2,grigM
32383,0,13,AntreasAntoniou
32384,0,4,nahuelhds
32385,0,4,KarthickAthlet
32386,234,2,scriptcoded
32387,0,3,JeromeSadou
32388,0,8,shahzadns
32389,0,1,Dikosh
32390,0,9,Zendq1998
32391,0,18,nitish6174
32392,0,2,p2sun
32393,0,69,elenatorro
32394,0,5,JeffLowe
32395,0,9,gilvegliach
32396,0,6,rmxsantiago
32397,0,3,gentom
32398,0,10,dtolb
32399,0,20,CraigChilds94
32400,0,3,Shin1122
32401,0,4,jersonjcnt
32402,0,1,erikccoder
32403,0,1,Amrf000
32404,0,19,jumpalottahigh
32405,0,2,AtlantaJones
32406,0,10,oguzhanunlu
32407,0,1,diegopscode
32408,0,1,luca-penasa
32409,0,34,sam17
32410,0,17,austince
32411,0,36,meritt
32412,0,2,dweis
32413,0,4,mustafademiray
32414,0,5,luizfer
32415,0,253,jonathanong
32416,0,5,Sephidator
32417,0,13,gully
32418,0,1,inigomedina
32419,0,14,AlexMost
32420,0,6,EPyutao
32421,0,22,iwangjian
32422,0,2,hardo
32423,0,1,caphun
32424,0,3,iwisunny
32425,0,1,michaeljamie
32426,0,2,houshuai0816
32427,0,40,coolfishstudio
32428,0,8,khufkens
32429,0,1,goldcaddy77
32430,0,6,ronaldfalcao
32431,0,3,lucabusin
32432,0,2,michael-hartmann
32433,0,8,sscaff1
32434,0,1,rensamatar
32435,0,3,fursovia
32436,0,9,lamb
32437,0,20,eseedo
32438,0,6,cookedsteak
32439,0,18,Hitman666
32440,0,3,muklah
32441,0,7,YuriTu
32442,0,3,bfanger
32443,0,4,theresama
32444,0,1,gjhkael
32445,0,3,shihyuho
32446,0,4,marco-souza
32447,0,3,mantovanig
32448,0,3,nuaawqf
32449,0,1,eberlitz
32450,0,2,haanjack
32451,0,103,johndbritton
32452,0,41,deanwampler
32453,0,10,joshuataylor
32454,0,1,chrisgonzalez
32455,0,2,laco
32456,0,6,Xorlev
32457,0,1,slumnitz
32458,0,10,erossignon
32459,0,21,frenzzy
32460,0,7,nicholascloud
32461,0,6,nwease
32462,0,17,brianspiering
32463,0,6,hhuseyinpay
32464,0,4,cgatian
32465,339,2,Theo-Jaunet
32466,0,2,itzcy
32467,0,17,danielsss
32468,0,14,aircloud
32469,0,5,hussainmoiz39
32470,0,10,kubido
32471,0,37,JayFang1993
32472,0,21,johnadan
32473,0,1,blutarche
32474,0,8,hyperloris
32475,0,2,Benew
32476,0,2,itzamnamx
32477,0,9,hazirbas
32478,0,8,jresendiz27
32479,0,4,eonu
32480,0,3,chaowang15
32481,0,8,PanosJee
32482,0,3,ronny-macmaster
32483,0,3,aronstrandberg
32484,0,3,abhaymilestogo
32485,0,6,quasi
32486,73,3,Tismoney
32487,0,30,LuckyAbby
32488,0,1,osama-raddad
32489,0,7,successamp
32490,0,3,lhing17
32491,0,10,linmic
32492,0,3,macbem
32493,0,8,chiangqiqi
32494,0,4,kimyk0120
32495,0,1,anderslemke
32496,0,12,evcohen
32497,0,22,fabiorogeriosj
32498,0,2,dannykopping
32499,0,2,robbymilo
32500,0,2,chipyaya
32501,0,5,immanuelrosal
32502,0,3,amarpotghan
32503,0,6,acrens
32504,0,2,sputnick
32505,0,25,szhu
32506,0,12,andre-araujo
32507,0,61,alexhultman
32508,0,4,gucci5288
32509,0,168,carlosal1015
32510,0,4,rpmunoz
32511,0,4,oubipaws
32512,0,4,mwadon
32513,0,5,krimple
32514,0,26,israelcena
32515,0,47,orvice
32516,0,25,natansevero
32517,0,9,Zeryther
32518,0,31,imRP26
32519,0,3,Paulswith
32520,0,12,srakotonoely
32521,0,3,JennyLeeStat
32522,0,2,sd8089730
32523,0,10,perrywortman
32524,0,5,ballPointPenguin
32525,0,20,nlpjoe
32526,0,8,barthr
32527,0,2,heyfaraday
32528,0,5,caroolpmelo
32529,0,7,greenscript
32530,0,16,mohcinenazrhan
32531,0,21,erbing
32532,0,3,DreadPirateJay
32533,0,3,endersonmenezes
32534,0,1,aditiamahdar
32535,0,10,rolo
32536,0,46,Menci
32537,0,3,optimistanoop
32538,0,27,garrensmith
32539,0,81,drgomesp
32540,0,12,mohsenjalalian
32541,0,1,procreativo
32542,0,5,resadzacina
32543,0,6,musebe
32544,0,1,emkelley
32545,0,10,ispmarin
32546,0,7,lisiqiong
32547,0,1,hdougherty
32548,265,2,ashbhat
32549,0,3,arniesaha
32550,0,11,ShuvoHabib
32551,0,3,panxinwu
32552,0,1,sumeetsarkar
32553,0,7,StarPxc
32554,0,3,burakince
32555,220,1,ami-GS
32556,0,9,bizley
32557,341,1,hygeng
32558,0,4,theronwu7
32559,0,5,magican
32560,0,4,chengxulvtu
32561,0,13,DanielZhu
32562,0,6,anoChick
32563,0,2,syaro
32564,0,71,JohnClema
32565,0,3,SamriddhiJain
32566,0,52,hitcm
32567,0,5,matthijsgroen
32568,0,2,madantamang
32569,0,4,tdreid
32570,0,3,teguhmurdianto
32571,0,8,csdoker
32572,0,76,TheShadow29
32573,0,26,stonedreamforest
32574,0,7,hyb175
32575,0,121,ericf
32576,0,2,pavanyekabote
32577,0,8,ppmim
32578,0,1,jiangshuxin
32579,0,16,ehzhang
32580,0,32,jirotubuyaki
32581,0,14,johanbove
32582,0,101,glample
32583,0,1,drmauro
32584,0,1,DovSnier
32585,0,6,arashkhoeini
32586,0,1,kimimaro
32587,0,16,qiaoD
32588,0,3,darrylbalderas
32589,0,5,Afaren
32590,0,4,Shicoder
32591,0,6,notly
32592,0,7,anyulled
32593,0,9,jalendport
32594,0,6,gabrielalan
32595,0,1,AlbertSanIza
32596,0,5,danielcardeenas
32597,0,21,keichan34
32598,0,13,akarazeev
32599,0,1,cinemapub
32600,0,12,cayblood
32601,0,2,sarthak-sehgal
32602,0,8,EngEryx
32603,0,1,ThariqS
32604,0,3,aguimaraes
32605,0,9,mkody
32606,0,15,JayParks
32607,0,4,TaichiHo
32608,0,13,hryer
32609,0,21,mnpk
32610,0,3,cybrox
32611,0,13,MatheusRabetti
32612,0,8,rmasoni
32613,0,20,JaredTan95
32614,0,1,Slowyn
32615,0,23,ivandevp
32616,0,55,hendricius
32617,0,1,dirkharrington
32618,0,15,leoru
32619,0,2,iwaffles
32620,0,4,felibq
32621,0,2,scorpioxiatian
32622,0,2,aomiit
32623,0,43,kamikat
32624,0,23,otiai10
32625,0,4,Digdgeo
32626,0,11,leezx
32627,0,17,gaui
32628,0,9,eirannejad
32629,0,1,masskoder
32630,0,16,DEXTERNATAN
32631,0,2,adoel90
32632,0,9,AmazingMoon
32633,0,1,pirafrank
32634,0,19,baezor
32635,278,2,stgogm
32636,0,2,sleepypioneer
32637,0,13,lydell
32638,0,3,TarunISCO
32639,0,9,lidderupk
32640,0,14,MohamedWael
32641,0,4,freeshineit
32642,0,15,sabiou
32643,0,1,jefferyshivers
32644,0,7,captainill
32645,0,4,epineda
32646,0,16,dchan3
32647,0,38,patcon
32648,61,2,firescript
32649,0,8,iosmanthus
32650,0,2,rsl140
32651,0,1,Mangemannen66
32652,0,1,matthewlui
32653,0,1,UdaykiranMarupati
32654,0,8,notasausage
32655,0,3,denti
32656,0,5,furic-zhao
32657,0,15,iamprakashom
32658,0,3,ryancblack
32659,0,2,patamimbre
32660,0,2,nandhae
32661,0,1,HerbM
32662,0,6,anuprulez
32663,0,4,shubhamwagh
32664,0,1,JonBons
32665,0,2,liwenliang
32666,0,35,jochasinga
32667,0,3,matthew-inamdar
32668,0,21,YixuanFranco
32669,0,13,datalorax
32670,0,3,TerryJung
32671,0,7,mikec
32672,0,34,DaidoujiChen
32673,0,2,ll0816
32674,0,4,Annanguyenn
32675,0,5,aurthurxlc
32676,0,10,sasha0
32677,0,12,jplhomer
32678,0,5,Juansereina
32679,0,2,andy-yangz
32680,0,3,majorye
32681,0,3,datonli
32682,0,3,ZenekeZene
32683,0,8,TylerGarlick
32684,0,72,knightliao
32685,0,1,littleStudent
32686,0,16,mg901
32687,0,14,lericson
32688,0,3,algunion
32689,0,21,jinwyp
32690,0,1,juangallostra
32691,0,7,itsmesatwik
32692,0,17,Gavinwxy
32693,0,4,Boyu-Wang
32694,0,6,django-wong
32695,0,1,sealoner
32696,0,5,moueza
32697,0,1,iuryxavier
32698,0,9,shichence
32699,0,13,sebastianelsner
32700,0,1,ackerleytng
32701,0,28,nash-ye
32702,0,4,happyproff
32703,0,6,Thirunavukkarasu
32704,0,6,imadhsissou
32705,0,2,thiagoppo
32706,0,13,indobits
32707,0,16,linoespinoza
32708,0,6,WiseDoge
32709,0,1,mJackie
32710,0,115,hnq90
32711,313,2,alxhghs
32712,0,44,qawemlilo
32713,0,3,johnalexladra
32714,0,186,martindale
32715,0,1,Eric-918
32716,0,3,brianwisti
32717,0,8,changxiupeng
32718,0,248,answershuto
32719,0,17,johnvoloski
32720,0,5,KevinLiao159
32721,0,7,jaguarsy
32722,0,5,lorenzofar
32723,0,15,adnsio
32724,0,7,deepakn97
32725,0,2,RPaez09
32726,0,2,in-the-box
32727,0,3,neoink
32728,0,4,justenbphelps
32729,0,11,pminervini
32730,0,6,CodyPChristian
32731,0,7,nmarulo
32732,0,19,kcloze
32733,0,71,sananth12
32734,0,17,Dexus
32735,0,2,jimmywangheng
32736,0,70,tanepiper
32737,0,8,rosoftdeveloper
32738,0,9,saiedhosni
32739,0,2,sebastiansibelle
32740,0,2,h3xar0n
32741,0,1,mcaroca
32742,0,2,mrserg161
32743,0,1,mrManner
32744,0,2,bschoenfeld
32745,0,12,sametaylak
32746,0,22,otherpirate
32747,0,1,mrjmd
32748,0,1,inteq
32749,0,2,Macrichie
32750,0,27,douglaszuqueto
32751,0,8,ColCh
32752,0,3,jkga
32753,0,345,petk
32754,0,13,qiuzhixian
32755,0,23,micooz
32756,0,8,cocobiz
32757,0,2,palvarezcordoba
32758,0,1,thrawn01
32759,0,16,andresmontoyat
32760,0,3,iamduyang
32761,0,31,sungycc
32762,0,7,jiangdongguo
32763,0,6,aldomatic
32764,0,14,channy
32765,0,3,RyanHavoc
32766,0,5,1170197998
32767,0,3,dolani
32768,0,12,NanoDano
32769,0,9,ameesme
32770,0,4,rahulkumar-aws
32771,0,10,archessay
32772,0,5,anthonyawuley
32773,0,6,Abijeet
32774,0,15,5peak2me
32775,0,2,fnowacki
32776,0,5,ebabel-eu
32777,0,11,fabiopalumbo
32778,0,12,lawy623
32779,0,5,chr0n1x
32780,0,1,danprime
32781,0,20,cfaria
32782,0,26,apocas
32783,0,4,dragonwasrobot
32784,0,9,scoldfield
32785,0,15,hugochan
32786,0,2,dolphin27m
32787,0,4,freemansion
32788,0,3,bobbygerez
32789,0,3,paullo0106
32790,0,4,PhilippeAssis
32791,0,6,lsunsi
32792,0,3,nathangross
32793,0,16,lleger
32794,0,26,shaneckel
32795,0,2,sridevibayyapuneedi
32796,0,19,ivenchan
32797,0,13,PeterChen1997
32798,0,6,durfee
32799,0,19,matheuspoleza
32800,0,1,ashivliving
32801,0,3,him1411
32802,0,3,dabana
32803,0,2,TigerHee
32804,0,2,surajiyer
32805,0,2,alleysark
32806,0,36,sampsyo
32807,0,1,mscipio
32808,0,1,igormusardo
32809,0,15,huynhducduy
32810,0,2,jethromay
32811,0,3,lvshen9
32812,0,20,amitadate
32813,0,2,btav
32814,0,12,alocke12992
32815,0,4,alirezakay
32816,0,1,Pruxis
32817,0,7,kbsezginel
32818,0,14,tb
32819,0,43,jsdf
32820,0,3,BYODKM
32821,0,117,fredwu
32822,0,14,Marssf
32823,0,5,Mugerwa-Joseph
32824,0,9,alexisjanvier
32825,0,1,Star-in-Sky
32826,0,2,dengxiangjun
32827,0,6,jgarber
32828,0,5,maazadeeb
32829,0,3,Moniarchy
32830,0,6,kv2000
32831,0,3,jabbalaci
32832,0,6,MostafaEzzelden
32833,0,5,peterkariukimutuura
32834,0,30,diervo
32835,0,26,HadoopIt
32836,0,45,gabrielelana
32837,0,1,kingwang666
32838,225,1,dzotos
32839,0,17,thatisuday
32840,0,1,alex-petrenko
32841,0,7,dunnkers
32842,0,10,machenshuang
32843,0,4,omarfaruqe
32844,0,8,tanhaipeng
32845,0,49,musale
32846,0,1,adrianfz
32847,0,9,OthmaneBlial
32848,0,13,ksclarke
32849,0,1,hiranthaPeiris
32850,0,3,malavbhavsar
32851,0,1,TYuto
32852,0,2,salihozdemir13
32853,0,3,kvrd18
32854,0,1,kingspp
32855,0,7,jeongu
32856,0,20,IronistM
32857,0,9,GuilhermeMachado
32858,0,2,ndea
32859,0,12,rafaelvalle
32860,0,5,Brinon
32861,0,18,Makova
32862,0,1,kagan770
32863,0,13,Miachol
32864,0,3,LyonUp
32865,0,3,iBeiKeCyn
32866,0,26,lebinh
32867,0,2,rafaelveiga
32868,0,10,kotAPI
32869,0,6,dragontree101
32870,0,7,kevinahuber
32871,0,5,Danm72
32872,0,27,Johnqing
32873,0,5,lndj
32874,0,13,AndyFou
32875,0,7,SuperPaintman
32876,0,104,jhnns
32877,0,29,helaili
32878,0,25,TRUEJASONFANS
32879,0,17,jankapunkt
32880,0,13,randym
32881,0,1,ABeltramo
32882,0,14,defaultyuan
32883,0,6,hinanmu
32884,0,32,matheuslc
32885,0,44,Colstuwjx
32886,0,5,Lu-Yi-Hsun
32887,0,1,jerrykuo7727
32888,0,4,cburschka
32889,0,12,tiaotiaolong
32890,0,2,tannerP
32891,0,7,shines77
32892,0,14,pius
32893,0,2,antonifs
32894,0,7,VonRosenchild
32895,0,6,brandonmerritt
32896,0,2,naeempt
32897,0,2,grib0ed0v
32898,0,6,jaehosung
32899,331,2,TheoKouzelis
32900,0,7,CoderHam
32901,0,19,jpaulin
32902,0,4,jyeung001
32903,190,1,oworyoakim
32904,0,5,phowat
32905,0,8,andxyz
32906,0,2,cwc845982120
32907,0,5,palazzem
32908,0,4,SamKirkiles
32909,0,6,Stanforxc
32910,0,41,sebas5384
32911,0,2,kre1z0
32912,0,1,charlesmudy
32913,0,5,cjbj
32914,0,12,manesioz
32915,0,1,doctorallen
32916,0,7,ethicalmohit
32917,0,3,prydt
32918,0,9,a-bautista
32919,0,3,tainguyenthe
32920,0,3,davidshq
32921,0,2,killion
32922,0,10,LABELNET
32923,0,2,chearmstrong
32924,0,115,IanLunn
32925,0,5,ineffyble
32926,0,14,Guilhermeslucas
32927,0,11,qorbani
32928,0,2,JeffXue
32929,0,6,briceth
32930,0,3,cendekia
32931,0,10,mttk
32932,0,3,Ithildir
32933,0,1,outerlooper
32934,0,3,luyuekai
32935,0,12,hbrawnak
32936,0,12,sghoweri
32937,0,12,abhinav-upadhyay
32938,0,1,ad52825196
32939,0,1,gutomezencio
32940,0,8,Wiolem
32941,0,14,bjzhou
32942,0,17,khatribharat
32943,0,18,Shohan494
32944,0,2,iffylaw
32945,0,1,dzackgarza
32946,0,7,litzhou
32947,0,6,basilkmax
32948,0,1,mc4rol9
32949,0,1,danmaq
32950,0,2,samwhiteiv
32951,0,1,iSmallWorld
32952,0,7,SStar1314
32953,0,2,Winterhart
32954,0,3,FeSens
32955,0,1,br1code
32956,0,6,jmanumc
32957,0,11,saikksub
32958,0,2,aios
32959,0,4,rajeshpg
32960,0,6,gegere
32961,0,106,TongDaDa
32962,0,2,liusanchuan
32963,0,8,baiyyang
32964,0,8,happygrammer
32965,0,12,cdog
32966,0,11,shahbazahmed1269
32967,0,5,nkozyra
32968,0,2,MezianeHadjadj
32969,0,3,swapnil-webonise
32970,0,3,jvidalba1
32971,0,3,SamLangTen
32972,0,8,checkaayush
32973,0,2,cosmincatalin
32974,0,6,jimmykimani
32975,0,1,rcarpioponce
32976,0,2,jirikolarik
32977,0,7,JosueMorales
32978,0,2,javierisaai
32979,0,40,alokproc
32980,0,1,Awpteamoose
32981,0,5,dutchenkoOleg
32982,0,8,andrewMacmurray
32983,0,27,XhinLiang
32984,0,3,jiangzepeng
32985,0,59,nieweidong
32986,0,40,liruqi
32987,0,75,lychees
32988,0,1,kelaraj
32989,0,4,ahribori
32990,0,10,cnzx219
32991,0,8,sprying
32992,0,6,Sekhmet
32993,0,4,nickfan
32994,0,5,Swingline0
32995,0,8,ValKiriann
32996,0,8,sundway
32997,0,13,orangemi
32998,0,4,feelinc
32999,0,11,rakesh87
33000,0,14,3Hren
33001,0,22,noppefoxwolf
33002,0,1,raicerk
33003,0,46,JosephmBassey
33004,0,2,jonfelske
33005,0,4,cumtchenchang
33006,0,35,miqideliwu
33007,0,4,gearsuccess
33008,0,3,pangchunxi521
33009,0,4,NathanYangcn
33010,0,4,elmariachi111
33011,0,12,semdy
33012,0,57,JackieLin
33013,0,3,ldpbuaa
33014,0,5,iammosespaulr
33015,0,3,IllyaMoskvin
33016,0,3,night18
33017,0,4,kibeomKim
33018,0,55,matchai
33019,0,9,altenull
33020,0,2,ryan-shaw
33021,0,1,mikelseverson
33022,0,1,JuanFranCrater
33023,0,2,iverson3
33024,0,9,princealikhan
33025,0,3,cold-coder
33026,0,6,davidklassen
33027,0,7,fanqingsong
33028,0,11,soundsilence
33029,0,780,igrigorik
33030,0,7,franklixuefei
33031,0,18,lucasfontesgaspareto
33032,0,5,CamHenlin
33033,0,2,luiscauro
33034,0,20,melihmucuk
33035,0,19,bravist
33036,0,3,andrewmzhang
33037,0,3,marcosfelt
33038,0,4,loomchild
33039,0,7,iMemento
33040,0,7,srktnc
33041,0,4,bmitchinson
33042,0,1,gkozlenko
33043,0,7,JoshuaDoes
33044,0,5,NotWoods
33045,0,13,mpmont
33046,0,16,alanyannick
33047,0,2,TheMaxoor
33048,0,6,dreamhack
33049,0,3,mkghosh
33050,0,3,lqwang521
33051,0,5,FJplant
33052,0,3,jrjohnson
33053,0,2,WolfieZero
33054,0,116,sapegin
33055,0,1,sapran
33056,0,1,lkpanganiban
33057,0,35,PaulReiber
33058,0,3,jhillyerd
33059,314,2,Wadjetz
33060,0,11,lc4t
33061,0,7,fuentesjr
33062,0,56,d4nyll
33063,0,3,DanceOfDragon
33064,0,13,StevenPuttemans
33065,0,4,theastrowolfe
33066,0,1,rodrigo-puente
33067,0,4,ctmackay
33068,0,1,OzuYatamutsu
33069,0,210,caiogondim
33070,0,61,septs
33071,0,4,BorntraegerMarc
33072,0,24,kaku87
33073,0,26,hxmeie
33074,0,5,davidasrocha
33075,0,39,thiagodelgado111
33076,0,7,davewasmer
33077,0,11,alxsoares
33078,0,15,abhishekjiitr
33079,0,1,jomoos
33080,0,7,thektan
33081,0,28,felippemr
33082,0,16,johnnyman727
33083,0,10,tathagat2006
33084,0,5,flopp
33085,0,9,Rajan
33086,0,3,Taiyou
33087,0,13,HiKWang
33088,0,3,MagicBowen
33089,0,10,fwensen
33090,0,1,Capricair
33091,0,15,rootAvish
33092,0,2,sl33p
33093,0,7,saforem2
33094,0,27,lvzhaoyang
33095,0,6,stonewangbo
33096,0,47,jokester
33097,0,3,KentonYu
33098,329,2,EDDYMENS
33099,0,8,shangzhan
33100,0,1,FBI23
33101,0,27,iassael
33102,0,1,dioannou30
33103,0,27,embeddedsamurai
33104,0,23,galvezz
33105,0,22,renatomefi
33106,0,4,Ij888
33107,0,16,fasouto
33108,0,12,ehrlinger
33109,0,14,bkdev98
33110,0,25,seabornlee
33111,0,6,SHUBHAM-DHANUKA
33112,0,8,lsilvs
33113,0,2,makeling
33114,0,4,UtopiaBeam
33115,0,5,pmarcelino
33116,0,1,krzksz
33117,0,3,burnettzhong
33118,0,3,mbpcoder
33119,0,4,jwwicks
33120,0,2,dojoVader
33121,0,1,dvwallin
33122,0,5,musedivision
33123,0,12,andrewharvey
33124,0,3,danteata
33125,0,3,0atman
33126,0,2,gfelot
33127,0,4,lofreer
33128,0,356,rwieruch
33129,0,2,sachushaji
33130,0,2,jermund
33131,0,3,jayronsoares
33132,0,33,made2591
33133,0,2,Jacksole
33134,0,15,thom801
33135,0,11,countBunny
33136,0,1,Ambrosiani
33137,0,14,gzponline
33138,0,102,sigmavirus24
33139,0,15,esrefviduslu
33140,0,3,faelplg
33141,0,3,cwhitey
33142,0,1,h2oiswater
33143,0,18,eugenehp
33144,0,6,congyucn
33145,0,3,mfrazie2
33146,0,3,dhanesh
33147,0,6,rafgeekee
33148,0,5,Saurabh3012
33149,0,2,leogong
33150,0,2,joelbcastillo
33151,0,2,saroz014
33152,0,7,medhini
33153,0,3,four-li
33154,0,72,Becavalier
33155,0,3,Changliu52
33156,0,2,atthom
33157,0,2,langerma
33158,0,12,goddoe
33159,0,7,arnavdas88
33160,0,2,ilvar
33161,0,41,igorantun
33162,0,2,Laastine
33163,0,2,cocodark
33164,0,2,felipegsantos15
33165,0,6,petitkriket
33166,0,18,lauris
33167,0,7,junhocho
33168,0,3,aczyzewski
33169,0,1,hbdhj
33170,0,5,man93oj
33171,0,3,DollarB
33172,0,3,Siemko
33173,0,1,aungerh
33174,0,20,mrbarbasa
33175,0,3,huainanhai
33176,0,8,panchicore
33177,0,5,filipediasf
33178,0,3,qyh214
33179,0,1,jacklcz
33180,0,2,flavianh
33181,0,2,mattgoldspink
33182,0,3,boyso
33183,0,12,carvil
33184,0,1,dvilchez
33185,0,2,tekintian
33186,0,7,41xu
33187,0,2,jinweijie
33188,0,16,0xKD
33189,0,35,Channely
33190,0,12,jhsu
33191,0,1,patrikjuvonen
33192,0,3,lauriys
33193,0,5,aschiavon91
33194,0,1,CanerPatir
33195,0,13,RobertsChou
33196,0,5,adisetiawan
33197,0,16,ghostrong
33198,0,16,leighayanid
33199,0,1,marcos012
33200,0,1,maswewe
33201,0,9,jjhop
33202,0,85,shimbaco
33203,0,2,fabianrod
33204,0,33,banchichen
33205,0,1,jgmarcel
33206,0,148,matheuss
33207,0,2,nathanjones
33208,0,16,hosembafer
33209,0,11,coolhwm
33210,0,1,amjad-desai
33211,0,23,Deturium
33212,0,3,Songkeys
33213,0,36,martinbjeldbak
33214,0,2,evanotero
33215,0,9,sempr
33216,0,104,domnikl
33217,0,12,PengXing
33218,0,1,seangwright
33219,0,16,saurvs
33220,0,1,artem-tolstykh
33221,0,7,anchen1011
33222,0,68,adhaamehab
33223,0,4,iamchiwon
33224,0,7,kazumalab
33225,0,4,bmallred
33226,0,4,lzmhhh123
33227,0,24,martianworm17
33228,0,30,hprobotic
33229,0,75,levey
33230,0,2,andremaha
33231,0,9,AlicanAkkus
33232,0,5,Izzmo
33233,0,10,aravindputrevu
33234,0,1,diegohenicka
33235,0,10,stevenjoezhang
33236,0,43,hanford
33237,0,16,alirizaadiyahsi
33238,0,10,mikekavouras
33239,0,8,mocmeo
33240,0,5,antosan
33241,0,6,neverything
33242,0,25,leinue
33243,0,13,SaeedSoltoon
33244,0,5,aleph2c
33245,0,2,ramonza
33246,0,3,rafaelpossas
33247,0,19,laobubu
33248,0,9,kanenathan213
33249,0,10,leemason
33250,0,15,julioxavierr
33251,0,3,jeffbaena
33252,0,11,PNNutkung
33253,0,4,tangledhelix
33254,0,2,alem0lars
33255,0,16,iamkarsoft
33256,0,1,matsrietdijk
33257,0,7,iancze
33258,0,4,anant90
33259,0,3,guilhermecaldas
33260,0,3,Loschcode
33261,0,1,miki2826
33262,0,40,forivall
33263,0,2,kei-tamiya
33264,0,9,rafaelramalho19
33265,0,1,Kishore-Rj
33266,0,1,SoaringhawkCheng
33267,0,14,DaphneChang
33268,0,4,subhendusethi
33269,0,16,epistrephein
33270,0,8,mikegioia
33271,0,2,TwelveNights
33272,0,2,100th
33273,0,40,svmiller
33274,0,5,soatok
33275,0,11,TheIllusionistMirage
33276,0,1,mr-luke
33277,0,2,luckylooke
33278,0,8,ChinaSunHZ
33279,0,4,MagneticMule
33280,0,4,adrianodrix
33281,0,12,TinyQ
33282,0,3,fznpnjr
33283,0,9,stamate
33284,0,2,levibrooke
33285,0,2,Macielyoung
33286,0,3,sayasuhendra
33287,0,3,BrianSigafoos
33288,0,1,drhanlau
33289,0,5,cstjean
33290,0,6,mileschet
33291,0,96,LantaoYu
33292,0,1,Markshall
33293,0,15,dhrubins
33294,0,1,lqj679ssn
33295,0,1,invious
33296,0,176,Planeshifter
33297,0,9,Dokugogagoji
33298,0,32,safareli
33299,0,5,hustlijian
33300,0,2,kioltk
33301,0,8,dillidon
33302,0,1,PorterK
33303,0,136,lris
33304,0,5,jepser
33305,0,3,Hermsi1337
33306,0,4,szymski
33307,0,4,daiky00
33308,0,1,kibitzing
33309,0,4,angebouabre
33310,0,8,lingceng
33311,0,24,Awk34
33312,0,3,feiffy
33313,0,1,jpmrno
33314,109,2,fachinformatiker
33315,0,19,laurensius
33316,0,3,lucygan
33317,0,3,danielgroves
33318,0,3,ohpyupi
33319,0,18,superguigui
33320,0,2,tcboni
33321,250,2,schrum2
33322,0,10,fancyspeed
33323,0,3,monkeymars
33324,0,1,rootrl
33325,0,6,mithublue
33326,0,5,danielrussellLA
33327,0,10,lots0logs
33328,0,4,adrienball
33329,0,4,ScottBrenner
33330,0,26,manzolirch
33331,0,3,Aastasia
33332,0,4,Nickil21
33333,0,11,tangzero
33334,0,34,Taishi-Y
33335,0,4,smartinspereira
33336,0,3,blacpythoz
33337,0,5,JohnnyCrazy
33338,0,179,oliviertassinari
33339,0,2,gregoryStarr
33340,0,16,slajax
33341,0,2,samuelpordeus
33342,0,2,iankit3
33343,0,2,Demired
33344,0,6,lf1029698952
33345,0,7,swapnilpote
33346,0,3,mihwa-han
33347,0,1,felipehjcosta
33348,0,4,mic-max
33349,0,1,sirlatrom
33350,0,61,ranman
33351,0,4,ramonski
33352,0,8,davydog187
33353,0,2,marcandreappel
33354,0,8,andykant
33355,0,2,ayushmalviya27
33356,0,19,hcho3
33357,0,7,Shenggan
33358,0,9,bingtaoli
33359,0,2,nlecoy
33360,0,3,liufengdb
33361,0,8,oskar-j
33362,0,42,jonmagic
33363,0,1,jfschaff
33364,0,3,JustSid
33365,0,1,chriswoodle
33366,0,239,DmitryBaranovskiy
33367,0,25,gaurish
33368,0,5,nikoheikkila
33369,0,5,JanzenLiu
33370,0,9,marexandre
33371,0,3,SebastianSchlag
33372,0,3,lisp-ceo
33373,0,1,mioopoi
33374,0,4,skrzepij
33375,0,7,alexdesignworks
33376,0,15,seanstrom
33377,0,8,drewminns
33378,0,1,minzwon
33379,0,7,lucaslorensetti
33380,0,70,maelle
33381,0,1,Vahan90
33382,0,5,Vincz
33383,0,8,mladenrakonjac
33384,0,4,nikolasvargas
33385,0,12,hydyy
33386,0,6,adambraimbridge
33387,0,4,jjfiv
33388,0,10,jwkvam
33389,0,2,nathanheffley
33390,0,1,malkab
33391,0,13,Orbmancer
33392,0,5,cameronbroe
33393,0,6,markwoodhall
33394,0,13,Retroxs
33395,0,15,rprilepskiy
33396,0,11,hezhongfeng
33397,0,60,phpmaple
33398,0,15,jainkuniya
33399,0,14,cartermp
33400,0,4,jakinyele
33401,0,13,danielhers
33402,0,4,thdxr
33403,0,11,ideyuta
33404,0,5,oplatek
33405,0,8,SandeepVattapparambil
33406,0,4,shenlq
33407,0,7,spacelan
33408,0,3,fwmeng88
33409,0,8,iswanj
33410,0,320,mrmrs
33411,0,3,lyk248
33412,0,2,lsq921224
33413,0,1,niranjan-sa
33414,0,6,JemmyWong
33415,0,8,changwookjun
33416,0,16,gumeo
33417,0,10,thiagodesouza
33418,0,3,RileyTomasek
33419,0,17,chaozhouzhang
33420,0,15,hanhailong
33421,0,4,ClemDoum
33422,0,46,anirudhmurali
33423,0,1,ramapinnimty
33424,0,15,iodone
33425,0,6,OceanRonquilloMorgan
33426,0,17,cleberar
33427,0,2,Yukioru
33428,0,3,Jamesking56
33429,0,2,geoinsights
33430,0,5,hansfpc
33431,0,17,recolic
33432,345,1,leusonmario
33433,0,5,sanmuw
33434,0,1,Tommmylee
33435,0,21,superhighfives
33436,0,14,iceberg211
33437,0,2,nariman
33438,0,9,harrydrippin
33439,0,4,tamasgal
33440,0,2,matteoerrera
33441,0,2,ajantonov
33442,0,16,guoyang1996
33443,0,1,WillianRod
33444,0,7,third774
33445,0,3,jalkoby
33446,0,1,mdasari823
33447,0,6,LazyClutch
33448,0,4,lgaalves
33449,0,1,greglever
33450,0,33,akemimadoka
33451,0,15,Jurabek
33452,0,2,slinlee
33453,0,96,quietcoolwu
33454,0,3,manyu90
33455,0,2,lesenther
33456,0,8,MiltonLn
33457,0,15,fccoelho7
33458,0,5,mingrongchen
33459,0,5,AbhilashPal
33460,0,3,Fantasy15
33461,0,3,blengerich
33462,0,1,max321
33463,0,19,danirod
33464,0,2,pedro-alonsod
33465,0,2,nihaomiao
33466,0,39,qbaty
33467,0,6,jucrouzet
33468,0,4,kevinlangleyjr
33469,0,10,luisf11
33470,0,4,pimolo
33471,0,167,juandc
33472,0,9,giselle
33473,0,6,VincentGaoHJ
33474,0,1,adamvanlente
33475,0,4,coorasse
33476,0,9,Danw33
33477,0,5,jrperdomoz
33478,0,21,NotMyself
33479,0,17,Kingofhevil
33480,0,9,hanchao
33481,0,9,drd
33482,0,23,Illyism
33483,0,4,gbrener
33484,0,3,avdyushin
33485,0,13,lcylmhlcy
33486,0,21,PranjalSahu
33487,0,3,HirdayGupta
33488,0,10,kawahara
33489,0,38,nateabele
33490,0,3,broderix
33491,0,2,aerkanc
33492,0,11,cgore
33493,0,6,aidenatt
33494,256,2,lexakami
33495,0,3,jgkim2020
33496,0,4,cnvp
33497,0,5,nklayman
33498,0,10,Remonhasan
33499,0,1,andreshj87
33500,0,5,sanjmen
33501,0,17,machawk1
33502,0,31,roshray
33503,0,1,ntrntr
33504,9,2,eduarmreyes
33505,0,5,joelalejandro
33506,0,5,nekobato
33507,0,6,ecelis
33508,0,8,alissonjr
33509,0,11,ahmadzakiy
33510,0,8,benbot
33511,0,10,heryvandoro
33512,0,4,cshan
33513,0,16,raoshaoquan
33514,0,5,danshorstein
33515,0,5,smancke
33516,0,7,luizParreira
33517,0,12,WeaponZhi
33518,0,9,mcauto
33519,0,1,petrican
33520,0,2,john-difool
33521,0,6,smoclock
33522,0,3,flamearrow
33523,0,1,Vahidrostami
33524,0,7,XutongLi
33525,0,21,lvgithub
33526,0,1,nonmanifold
33527,0,19,noobwu
33528,0,1,rangedsp
33529,0,7,lycaste
33530,0,2,lanwilds
33531,0,6,kiquetal
33532,0,4,mohessaid
33533,0,1,Rababalkhalifa
33534,0,4,imakecodes
33535,0,4,ZDstandup
33536,0,21,stephentian
33537,0,79,avinashsai
33538,0,10,jwbuurlage
33539,0,14,Cosaquee
33540,0,16,habibtalib
33541,0,4,DamonDu
33542,0,22,chrisvoncsefalvay
33543,0,21,mohseenrm
33544,0,1,brujo-rojas
33545,0,2,atoanofish
33546,0,51,knewter
33547,0,19,gduverger
33548,0,9,leo6104
33549,0,7,Spirit-Dongdong
33550,0,6,huangjiuyuan
33551,0,8,adamski
33552,0,13,huangshiyu13
33553,0,33,Blazers007
33554,0,3,djlxiaoshi
33555,0,2,Humadroid
33556,0,1,WillGluck
33557,0,30,roblourens
33558,0,16,CarolHsu
33559,0,7,JetRunner
33560,0,1,amirsdream
33561,0,3,czw0078
33562,0,1,gitmastro
33563,0,25,isnifer
33564,0,38,danharper
33565,0,3,dautovri
33566,0,50,kagurazakayashi
33567,0,9,MrNickell
33568,0,6,jeremyraffin
33569,0,84,esbenp
33570,0,12,YongyiLiu
33571,0,32,ocean90
33572,0,2,bigbrozer
33573,0,3,imshadowurlight
33574,0,1,smasetty
33575,0,1,qiaoweizhen
33576,0,1,ryanstreur
33577,0,8,drborges
33578,0,16,hariadi
33579,0,1,avidit
33580,0,1,ikphp
33581,0,9,sh3lan93
33582,0,3,Falconerd
33583,0,2,YorkTsai2012
33584,0,2,nenepadi
33585,0,44,mapsam
33586,0,17,howiehu
33587,0,1,AmmarJawad
33588,0,3,samridhim
33589,0,2,pfisher
33590,0,12,arriolac
33591,0,34,mactive
33592,0,6,Simfa11
33593,0,4,myungjoo
33594,0,153,chongbenben
33595,113,3,rperezdattari
33596,0,43,dottorblaster
33597,0,15,shaunoconnor
33598,0,1,hampusn
33599,0,13,Monal5031
33600,0,22,aendrew
33601,0,24,stephenhky
33602,0,1,mitlonik
33603,0,9,sadeghipour
33604,0,12,strattadb
33605,0,25,mayank23
33606,0,3,puku0x
33607,0,2,sandeepkrgupt
33608,0,3,VladKalachev
33609,0,5,bioeauty
33610,0,17,InvertedX
33611,0,8,cdCarlos
33612,0,10,khanzadimahdi
33613,0,3,Th3Dr4g0n
33614,0,17,justinsmorganHHC
33615,0,4,testerting
33616,0,11,skydai
33617,0,13,allangrds
33618,0,11,mlennox
33619,0,1,SuitUp
33620,0,17,Vrtak-CZ
33621,0,1,Sanjeev-Agarwal
33622,0,7,NormanPerrin
33623,0,9,knut
33624,0,1,Datamats
33625,0,8,danzzen
33626,0,10,jesselima
33627,0,3,roniwahyu
33628,0,1,NickShtefan
33629,0,20,lucalanca
33630,0,9,MikeRalphson
33631,26,2,adriaromero
33632,0,6,kiyui
33633,209,2,FKasy
33634,0,3,Mayershi
33635,0,22,ducga1998
33636,0,1,hearot
33637,0,5,mehmetkoca
33638,0,4,RitianWu
33639,0,25,mithenji
33640,0,88,laobie
33641,0,1,WDevin
33642,0,10,casdr
33643,0,534,mjackson
33644,0,4,HayTran94
33645,0,18,sabrehagen
33646,0,1,skrumb
33647,0,25,ooflorent
33648,0,7,saldistefano
33649,0,2,suzyng83209
33650,0,1,farzadab
33651,0,1,cctvkill1
33652,0,22,phosphore
33653,0,3,MrsZ
33654,0,30,rogeriorioli
33655,0,10,daniellycosta
33656,0,3,luisnomad
33657,0,3,gilfuser
33658,0,4,prsntmaurya
33659,216,2,gesundkrank
33660,0,2,Kamleshpaul
33661,75,2,StoneSet
33662,0,1,T0TProduction
33663,0,11,soarpenguin
33664,0,1,da1ssk
33665,0,9,BosEriko
33666,0,29,3runoDesign
33667,0,15,ambethia
33668,0,2,liyann2016
33669,0,1,j1c
33670,0,1,abagasra98
33671,0,1347,shayan-taheri
33672,0,8,HadrienG
33673,0,17,comzeradd
33674,0,5,RobinDaugherty
33675,0,5,GregHolmes
33676,0,3,thomasm1
33677,0,8,harryandriyan
33678,0,38,indradhanush
33679,0,45,nathanpeck
33680,0,60,Louiszhai
33681,0,1,szabototo89
33682,0,3,iBicha
33683,0,1,alexanderkhivrych
33684,0,55,ptaoussanis
33685,0,1,babakasse
33686,0,7,eriklieben
33687,0,10,QuincyJiang
33688,0,2,mirandae
33689,0,5,maximilian-krauss
33690,0,5,chuanyi
33691,0,8,asbjornu
33692,0,4,sandrew
33693,0,13,glivia
33694,0,6,tarikyayla
33695,0,4,MikeNGarrett
33696,0,3,Willy0919
33697,0,2,Jaha96
33698,0,10,QinYUN575
33699,0,10,lniche
33700,0,3,anushuk
33701,0,1,ShaMaTeYing
33702,0,18,jparise
33703,0,4,swaggymiller
33704,0,7,Eudalio
33705,0,11,satjd
33706,0,13,pitzcarraldo
33707,0,5,NateScarlet
33708,0,77,chocoluffy
33709,0,5,alanmarazzi
33710,0,5,felixdasgupta
33711,0,5,ErSKS
33712,0,9,rjdCS
33713,0,9,drmohundro
33714,0,2,mingxuanM
33715,0,22,tav
33716,0,50,prateek27
33717,0,1,rayoy
33718,0,1,davidyuk
33719,0,8,jwright
33720,0,4,SaifJerbi
33721,0,13,DominikGuzei
33722,178,2,samwrigley
33723,0,4,ngadiono
33724,0,1,JacobTianyuHu
33725,0,5,jeancasulo
33726,0,6,jjcall
33727,0,3,Sanqiang
33728,0,5,reza-ebrahimi
33729,0,8,anibalsolon
33730,0,7,nrebhun
33731,0,8,cecilialee
33732,0,9,alexbaumgertner
33733,0,4,jikunchong
33734,0,8,eemzet
33735,0,5,rptgautam
33736,0,23,s32x
33737,0,29,dyng
33738,0,61,LIUBOliubo
33739,0,8,tak1n
33740,0,11,mcaskill
33741,0,17,radiodario
33742,0,2,seejay
33743,0,14,mateusKoppe
33744,0,18,pvoznenko
33745,0,4,jimboobrien
33746,0,6,deefour
33747,0,1,njkevlani
33748,0,1,cristph
33749,0,5,acgaudette
33750,0,1,semutmerah
33751,0,1,skope
33752,0,1,roy-bukapeta
33753,0,4,iCGY96
33754,0,28,js-newbee
33755,0,1,forfucksayk
33756,0,14,ascrutae
33757,0,3,MaxRocc
33758,0,3,BFergerson
33759,0,1,amrfayad
33760,0,1,bolo1729
33761,0,3,feikaifeng
33762,0,9,Michael-Antczak
33763,0,9,sankooc
33764,0,30,amxn
33765,0,4,dammitjim
33766,0,42,keathley
33767,0,5,nkabardin
33768,0,26,ahmadassaf
33769,0,2,oskarhane
33770,0,7,munen
33771,0,2,radosroka
33772,0,12,bbtfr
33773,0,62,rodolfo-r
33774,0,2,guillochon
33775,0,3,NumbDai
33776,0,22,ouxingzhi
33777,0,9,namreg
33778,0,8,buptkang
33779,0,1,alemuro
33780,0,17,MichielDeMey
33781,0,3,maigoxin
33782,0,5,abcprintf
33783,0,1,shukriadams
33784,0,4,ryanirilli
33785,0,7,sunwaylive
33786,0,8,thunkli
33787,0,1,hellopablo
33788,0,3,ilarele
33789,0,37,jayesh15111988
33790,0,14,jorge07
33791,0,9,kekegdsz
33792,0,7,jorgevmendoza
33793,0,82,Necmttn
33794,0,2,chrisfitkin
33795,0,6,FuriKuri
33796,0,5,carloscfcortez
33797,0,6,FdevTech
33798,0,3,scottstamp
33799,0,352,rsms
33800,0,6,fernandojvdasilva
33801,0,16,archervanderwaal
33802,0,2,DrLfnt
33803,0,12,JiaxiangZheng
33804,0,113,bluemix
33805,0,4,shamrt
33806,0,8,jcharit1
33807,0,4,kamal94
33808,0,14,nicksarafa
33809,0,2,YaminiG
33810,0,1,mixemer
33811,0,2,KennethWussmann
33812,0,22,XVincentX
33813,0,98,eisneim
33814,0,6,edisonlz
33815,0,4,jgillman
33816,0,5,tangwan
33817,0,2,alexander-fischer
33818,0,2,hyz0906
33819,0,5,GlenDC
33820,0,1,aditishenoy
33821,0,2,peterbeck
33822,0,57,Wscats
33823,0,6,benyanke
33824,0,6,JpEncausse
33825,0,3,pedroskakum
33826,0,2,pavliha
33827,0,8,mmm
33828,0,1,takahyon
33829,0,3,arbaaz
33830,0,25,HyukjinKwon
33831,0,3,HirokiNakahara
33832,0,24,JoelMarcey
33833,0,82,gmg0829
33834,0,11,kapv89
33835,0,5,Phinneas
33836,0,5,Canjie-Luo
33837,0,160,kapit4n
33838,0,12,theJian
33839,0,2,kokokele
33840,0,7,poyea
33841,0,10,smoench
33842,0,5,justinfar
33843,0,1,rohanpande
33844,0,21,springuper
33845,0,1,Pryriat
33846,0,4,gitferry
33847,0,12,FerdinandoLM
33848,0,12,marcbarbosa
33849,0,4,raethira
33850,0,40,boxizen
33851,0,2,kolyaak
33852,0,2,jah2488
33853,0,5,kevonc
33854,0,7,lkkadiri
33855,0,4,stijnvanhulle
33856,0,59,rezaali
33857,0,5,alTeska
33858,0,1,devikkim
33859,0,10,anthony-telljohann
33860,0,12,jukbot
33861,0,1,MaikelVeen
33862,0,2,st33n
33863,0,101,leichunfeng
33864,0,6,opsroller
33865,0,4,Swapnil2095
33866,0,4,interma
33867,0,27,pra85
33868,0,3,SilverQ
33869,0,2,ThinhPhan
33870,0,4,ratansingh98
33871,0,12,mairbek
33872,0,11,liulangxiong
33873,0,4,dhonig
33874,0,2,guxiao0822
33875,0,7,jnbek
33876,0,3,jieaozhu
33877,0,4,RaySuhyunLee
33878,0,6,merraysy
33879,0,2,josefig
33880,0,12,LasseRafn
33881,0,11,albttx
33882,0,4,penguinwokrs
33883,0,3,rajabiseraji
33884,0,7,satyrius
33885,0,9,jinyeom
33886,0,5,reumia
33887,0,3,flowerains
33888,0,8,Jesseszhang
33889,0,1,osterwood
33890,0,9,mfssangadji
33891,0,20,lwolf
33892,0,6,eeyellow
33893,0,2,chauhanbhargav
33894,0,2,Shnoulle
33895,0,9,diedsmiling
33896,0,7,dlamotte
33897,0,4,donmiller
33898,0,1,SashaKa
33899,0,16,abpai
33900,0,13,ouceduxzk
33901,0,1,dreamInCoDeforlife
33902,0,3,cayoub88
33903,0,10,BenTheElder
33904,0,10,ajun568
33905,0,3,Filip3Dev
33906,0,10,philographer
33907,235,1,cuonghd97
33908,0,3,neonlights17
33909,0,1,Imkalp08
33910,0,21,ninjin
33911,0,3,naikshubham
33912,0,12,luckyjing
33913,57,2,lizeyan
33914,0,22,stefanbc
33915,0,61,Chan-Chun
33916,0,2,WordZzzz
33917,0,8,mrmozao
33918,0,3,bastoche
33919,0,1,dgiunchi
33920,0,19,ricardorojass
33921,0,3,qinchao0525
33922,0,3,gusdecool
33923,0,28,jtrecenti
33924,0,2,binbinah
33925,0,3,sharkich
33926,77,3,oalsing
33927,0,62,addappcn
33928,0,8,13k
33929,0,1,hengguancui
33930,0,1,icrotz
33931,0,8,ShenTengTu
33932,0,2,canerdogan
33933,0,5,HJTSO
33934,239,2,shaolinjr
33935,0,2,renowan
33936,0,4,hzxsnczpku
33937,0,24,malcolmyu
33938,0,5,sbatururimi
33939,0,4,8023
33940,0,20,LostInBrittany
33941,0,9,lilomin
33942,0,2,OahcUil94
33943,0,2,drewhendrickson
33944,0,4,binzhouchn
33945,0,12,Shobhit1
33946,0,7,cmarchena
33947,0,26,nidhinnambiar
33948,0,9,kushagraagrawal
33949,0,5,adrianfaciu
33950,0,10,SirLemuel
33951,0,20,silence717
33952,0,186,imbhargav5
33953,0,4,murych
33954,100,4,baisong
33955,0,2,nikhilranjan7
33956,0,2,telmaantunes
33957,0,15,OwnGhy
33958,0,33,fabricionaweb
33959,0,20,BafS
33960,0,12,ZhengtianXu
33961,0,13,TezRomacH
33962,0,25,grabear
33963,0,22,daix6
33964,0,5,bluetata
33965,0,2,encku
33966,0,6,sameerkumar18
33967,0,3,YangBain
33968,0,10,rameshvishnoi90904
33969,0,2,menghuanlater
33970,0,21,Means88
33971,0,14,richardliaw
33972,0,24,dhfromkorea
33973,0,103,itaditya
33974,0,15,lucasgolino
33975,0,3,Litash
33976,0,22,srid
33977,0,5,mikezaby
33978,0,3,rprrafa
33979,0,2,IFFranciscoME
33980,0,3,koad
33981,0,3,mzouink
33982,0,7,alanzplus
33983,0,12,sherubthakur
33984,0,9,Mrhs121
33985,0,5,pulakb
33986,0,29,AlekSi
33987,0,7,codeway3
33988,0,328,luin
33989,0,2,liuding-Jason
33990,0,1,mehmetakyuz
33991,0,2,etcola
33992,0,7,Plimsky
33993,0,4,ezod
33994,0,20,sellout
33995,0,88,ainame
33996,0,2,jackhu1990
33997,0,3,bartmcleod
33998,0,4,dangiankit
33999,0,2,Salingo
34000,0,9,pengfeigao
34001,0,6,lourod1987
34002,0,68,sairion
34003,0,2,lux
34004,0,4,timothyha
34005,0,3,benjeffery
34006,0,6,lokigadfly
34007,0,60,brentp
34008,0,8,lvzongting
34009,0,8,gregogalante
34010,0,3,cachrisman
34011,0,8,TheRojam
34012,0,10,Ivan-Marquez
34013,0,4,HareshMiriyala
34014,0,5,spellsnow
34015,0,28,RobertWHurst
34016,0,65,lalitkale
34017,0,29,jljsj33
34018,0,6,CirKu17
34019,0,8,cheft
34020,0,22,metasoarous
34021,0,6,ibm-abdullah
34022,0,9,Thenerdstation
34023,0,2,pmig
34024,0,3,MikoSecSoS
34025,0,1,Mengman
34026,0,109,driesvints
34027,0,12,rickhw
34028,0,1,chameleonTK
34029,0,8,royarzun
34030,0,13,dirk
34031,0,4,rohit-takhar
34032,0,36,AlessandroMinoccheri
34033,0,3,iamtheream
34034,0,1,kborling
34035,0,2,iceopen
34036,0,3,samuelfaj
34037,0,41,iagodahlem
34038,0,53,swarupsro
34039,0,23,swordfeng
34040,0,12,fisker
34041,0,1,kaybinwong
34042,0,80,animebing
34043,241,2,kylevedder
34044,0,1,Tacsy
34045,0,3,Maslor
34046,0,61,iamsurajdc
34047,0,3,milan-r-shah
34048,0,5,mccrodp
34049,0,8,creativein
34050,0,11,marcovincit
34051,0,9,soroushchehresa
34052,0,7,rahulptel
34053,0,10,sponomarev
34054,0,1,MathijsKoning
34055,0,8,ghxdghxd
34056,0,3,imanalopher
34057,0,1,kipyegonmark
34058,0,9,caogenyin
34059,0,7,jbgi
34060,0,7,Snack-X
34061,0,3,jondanao
34062,0,6,sajjadhossain
34063,0,1,lucasebs
34064,0,2,edyrkaj
34065,0,35,AndrewSouthpaw
34066,257,1,korokd
34067,0,3,FrontierPsychiatrist
34068,0,3,skobekuang
34069,0,42,amvise
34070,0,1,itlabs-eu
34071,8,2,lnwu
34072,0,7,ChrisCindy
34073,0,11,mohamedkdidi
34074,0,14,justinyost
34075,0,12,biomadeira
34076,251,1,abdelgzali
34077,0,7,lucasfrosty
34078,0,15,liamzebedee
34079,0,4,bradd123
34080,0,9,aashish-jain
34081,0,18,ChaosPKU
34082,0,3,pradeep-rajapaksha
34083,0,10,luannguyen252
34084,0,4,lilhorse
34085,0,1,soumendrak
34086,0,15,ddrdushy
34087,0,4,chengguobiao
34088,0,22,paulsonnentag
34089,0,22,taq
34090,210,2,potato1996
34091,0,4,lucca-cardial
34092,0,4,katryo
34093,0,1,ramess101
34094,0,11,afgnsu
34095,0,81,derickfelix
34096,0,32,oivoodoo
34097,0,4,joship89
34098,0,2,lixworth
34099,0,12,hosh
34100,0,6,jankatins
34101,0,22,ogwurujohnson
34102,0,14,rafaelsales
34103,0,44,jarrodhammond
34104,0,6,houluy
34105,0,6,inrenping
34106,0,2,HybridRbt
34107,0,23,koustuvsinha
34108,0,12,liangdabiao
34109,0,17,devedbox
34110,0,8,JulianeAlbuquerque
34111,0,2,babetoduarte
34112,0,10,Vrijraj
34113,0,21,bgarcial
34114,0,403,leonstafford
34115,0,27,mikejavier
34116,0,11,muhammadtarek
34117,0,1,emilews
34118,0,1,YuLinLee
34119,0,2,lishewen
34120,0,5,devmtnaing
34121,0,4,Maximization
34122,0,10,nucleardreamer
34123,0,6,onurmenal
34124,0,10,robertmitchellv
34125,0,10,patlux
34126,0,36,elliotxx
34127,0,3,madjarevicn
34128,0,51,darmie
34129,0,1,nunez-giovanni
34130,0,4,adrianovalente
34131,0,2,kadriansyah
34132,0,9,gsrathoreniks
34133,0,7,franciszhang
34134,0,4,nicoladl
34135,0,3,khay
34136,0,10,leomelzer
34137,0,2,fahied
34138,0,17,NeverBehave
34139,0,6,AkashiWen
34140,0,3,btjhjeon
34141,0,1,AndersonReyes
34142,0,8,D-sense
34143,0,5,asikur
34144,0,16,saidortiz
34145,0,2,Moggi
34146,0,15,philiparthurmoore
34147,89,2,siddhartha047
34148,0,30,niksy
34149,0,5,kissingwolf
34150,0,6,Cicko
34151,0,1,ddaskan
34152,0,51,diegosurita
34153,0,8,nikeshbalami
34154,0,1,daiyuok
34155,0,6,mvila
34156,0,5,alexzdjiang
34157,0,2,steveRobert
34158,0,3,ThomasBonderup
34159,0,3,alexxxdev
34160,0,29,lingyv
34161,0,6,mthomps4
34162,0,7,RagunovichVlad
34163,0,3,TheAnarchoX
34164,0,1,PGBastien
34165,0,10,homodigitus
34166,0,14,ka8725
34167,0,10,lipd
34168,0,3,duzhi5368
34169,0,4,alephnode
34170,0,23,kahlil
34171,0,5,gyusu
34172,0,4,kanejamison
34173,0,2,DeronW
34174,0,2,theoriginalgri
34175,0,3,SilverCory
34176,0,4,netoearth
34177,0,9,YangFan789
34178,0,2,eljamez
34179,0,4,holmofy
34180,0,3,azigler
34181,0,5,firsttris
34182,0,7,Anwesh43
34183,0,12,tgautier
34184,0,6,omarestrella
34185,0,7,shivarajp
34186,0,4,leosilvadev
34187,0,10,AhmedHani
34188,0,9,codementum
34189,0,4,deepandas11
34190,0,15,sangdth
34191,0,3,teefan
34192,0,4,jasonpincin
34193,0,4,bibbyee
34194,0,2,fpopic
34195,0,6,pfhawkins
34196,0,2,kenma9123
34197,0,2,insekticid
34198,0,39,shohan4556
34199,0,2,Arasz
34200,0,9,harycane
34201,0,4,novrian
34202,0,2,Gbacillus
34203,0,6,sjmog
34204,0,2,MarcCoru
34205,0,13,robinator
34206,0,63,scalarwaves
34207,0,11,pixeline
34208,0,23,msakai
34209,0,5,homme
34210,0,1,beerbubble
34211,0,2,nkalupahana
34212,0,9,brianjohnhanna
34213,0,1,dmichelin
34214,0,3,ksaj
34215,0,12,Emre-Kul
34216,0,7,burz
34217,0,6,pgroot
34218,0,2,Sanix-Darker
34219,0,1,dolpang2
34220,0,1,Mrssklove
34221,0,25,rizwanzaheer
34222,0,2,ionware
34223,0,2,PCASME
34224,0,1,jorgelbg
34225,0,11,leosco
34226,0,14,kudos
34227,0,2,shushanfx
34228,0,5,loganlennox
34229,0,16,nuhkoca
34230,0,4,Lhfcws
34231,0,2,hajpoj
34232,0,33,YangYouYong
34233,0,9,DawningW
34234,0,2,chenshiyuhit
34235,0,11,tehkaiyu
34236,0,4,skikkh
34237,0,1,ibnfarouk
34238,0,66,ledell
34239,0,1,ggary9424
34240,0,4,julienfouilhe
34241,231,2,thinksaas
34242,0,13,aikongmeng
34243,0,16,nicmart
34244,0,5,daemonslayer
34245,0,7,WflytoC
34246,0,16,Ayush-iitkgp
34247,0,2,MarkANthony19
34248,0,8,eloyz
34249,0,8,debuggermalhotra
34250,0,3,lynnswayze
34251,0,9,byhoson
34252,0,2,detroitenglish
34253,0,6,pieterclaerhout
34254,0,6,agripinoduarte
34255,0,3,cbrwizard
34256,0,9,johanjanssens
34257,0,10,Nathan-Schwartz
34258,0,3,bharath-123
34259,0,3,iamravenous
34260,0,1,4lejandrito
34261,0,14,HaoChuan9421
34262,0,32,leonampd
34263,0,2,sadikoff
34264,0,3,robinskumar73
34265,0,2,ialex90
34266,0,1,Mehrdad-Dadkhah
34267,0,26,kennethkalmer
34268,0,4,fidanf
34269,0,4,justinline
34270,0,1,mohnkhan
34271,0,4,elloa
34272,0,2,akitsen
34273,0,2,chhzh123
34274,0,26,newtriks
34275,0,2,andikanugraha11
34276,0,3,jeffheld
34277,0,2,bababababbab
34278,0,3,ekkun
34279,0,7,Juje
34280,0,24,DavidNgugi
34281,0,4,madhead
34282,0,2,cdersky
34283,0,38,axionl
34284,0,1,ealcantara22
34285,0,11,noqcks
34286,0,1,rmrice
34287,0,15,Sampath-Lokuge
34288,0,9,isunimp
34289,0,1,mpdude
34290,0,3,ajbonner
34291,0,5,asathishkumar
34292,0,4,pierrerappolt
34293,0,27,cmpereirasi
34294,0,1,themis0888
34295,0,5,djtech42
34296,0,3,kunyan
34297,0,25,makaroni4
34298,0,106,jnicklas
34299,0,16,feibinyang
34300,0,80,security-prince
34301,0,5,evagian
34302,0,86,sombriks
34303,0,1,fiquinho
34304,0,6,corasan
34305,0,6,daltonsutton
34306,0,21,DLozanoNavas
34307,0,9,eden57
34308,0,1,proserve
34309,0,3,cristianokiu
34310,0,4,panaC
34311,0,7,jonkeegan
34312,0,7,adamgreig
34313,0,2,sriharikapu
34314,0,5,nvnmo
34315,0,66,fegg
34316,0,7,igorveremsky
34317,0,31,nadimtuhin
34318,0,3,ravi100k
34319,0,4,rabidpraxis
34320,0,1,gabteles
34321,0,2,StevenZack
34322,0,25,iBelieve
34323,0,6,Hamza2404
34324,0,3,masasin
34325,0,10,bigfanjs
34326,0,73,kizu
34327,0,5,kubkon
34328,0,10,jasonkuhrt
34329,0,2,OneStromberg
34330,0,3,XiaGenYuan
34331,0,1,coocro
34332,0,31,radum
34333,0,6,AdrianClv
34334,0,1,redredredredredred
34335,0,57,divyanshu-rawat
34336,0,2,exybore
34337,0,3,VHCC
34338,0,1,jimibi
34339,0,6,ashishpatel0720
34340,0,2,Mhaiyang
34341,0,1,jomadoye
34342,0,3,aliasvishnu
34343,0,6,stianjensen
34344,0,1,jordansjones
34345,0,16,pmgarman
34346,0,6,nichujie
34347,0,4,RandomByte
34348,0,2,marcos-queiroz
34349,0,79,janishar
34350,0,14,indexer
34351,0,4,Bluesir9
34352,0,3,RobinRheem
34353,0,17,Evensgn
34354,0,2,lencyforce
34355,0,44,Narno
34356,0,21,emadb
34357,0,2,jasison27
34358,0,2,gmarciani
34359,0,54,muhrusdi
34360,0,2,hunsche
34361,0,4,KevinBetterQ
34362,46,2,teendoistudio
34363,0,3,Jarker
34364,0,5,jingli9111
34365,0,15,ghophp
34366,0,5,AyumuKasuga
34367,0,6,DennisMao
34368,0,15,eyecatchup
34369,0,1,salielim
34370,0,8,nunenuh
34371,0,1,darkbtf
34372,0,30,coxjonc
34373,0,6,mayukh18
34374,0,1,ardimaunahan
34375,0,18,0xAshish
34376,0,3,apolo96
34377,0,3,keichi
34378,0,13,Timehsw
34379,0,4,arjo129
34380,0,1,kangmingxuan
34381,0,8,JJLAZY
34382,0,7,aryahadii
34383,0,5,LeeHyungGeun
34384,0,4,eltonvs
34385,0,57,lstrojny
34386,0,1,ipopovic
34387,0,7,WaGjUb
34388,0,2,CleberOtaviano
34389,0,1,huangcs
34390,0,152,RichardLitt
34391,0,1,sergirams
34392,0,3,hiphapis
34393,0,5,nilsleiffischer
34394,0,16,ananyacleetus
34395,0,7,sigmako
34396,0,1,albert-feng
34397,0,11,deep110
34398,0,2,onlineth
34399,0,29,andersonba
34400,0,1,nlipski
34401,0,3,DevinClark
34402,0,70,naltun
34403,0,1,oliworx
34404,0,7,s1nker
34405,0,1,rohitbhintade
34406,0,1,s-h-a-d-o-w
34407,0,3,jimmyn
34408,0,2,luaneyed
34409,0,1,metuan
34410,0,8,MarioBlazek
34411,0,2,bmichelsen
34412,0,3,garymabin
34413,0,6,nizihabi
34414,0,1,therealSMAT
34415,0,3,evsward
34416,0,3,carestad
34417,0,9,danielkhan
34418,0,12,metromancn
34419,0,1,joker-b
34420,0,16,DakshMiglani
34421,0,8,ghostbody
34422,0,3,bmiller59
34423,3,2,Adamdad
34424,0,25,artman
34425,0,1,lizard-han
34426,0,85,mikalv
34427,0,8,lsxiao
34428,0,8,parvezk
34429,0,61,syohex
34430,0,13,orieg
34431,0,6,exe1023
34432,0,4,sarmadsangi
34433,0,8,jilcimar
34434,0,3,krakowiak
34435,0,5,jarretmoses
34436,0,4,meherranjan
34437,0,8,cad
34438,0,14,kidzik
34439,0,5,UtkarshGpta
34440,0,5,mathiasjakobsen
34441,0,12,perezpaya
34442,0,7,1Konny
34443,0,19,mkobar
34444,0,1,javierdevcl
34445,0,7,tabrath
34446,0,2,Spshulem
34447,0,30,SimulatedGREG
34448,0,23,meenie
34449,0,15,stoneWeb
34450,0,1,Bcryp7
34451,0,1,Tiagojdferreira
34452,0,6,Edilton
34453,0,12,franvarney
34454,0,10,InnerPeace-Wu
34455,0,40,hu-qi
34456,0,7,EvanPurkhiser
34457,0,6,Blade6570
34458,0,5,123Fives
34459,0,3,haideralipunjabi
34460,0,4,captain-pool
34461,0,2,ehniholar
34462,0,5,alperbicer
34463,0,7,flodavis
34464,0,2,archerrito
34465,0,2,ElianCordoba
34466,0,14,arnaimbd
34467,0,18,nhoizey
34468,0,60,thomasv314
34469,0,3,petersamokhin
34470,0,3,4ban
34471,0,2,the-AjK
34472,0,1,pnghai
34473,0,2,dwihujianto
34474,0,2,CoderCai
34475,0,6,kobezzza
34476,0,12,ianrose
34477,0,1,kath4job
34478,0,11,ErythroME
34479,0,74,drublic
34480,0,16,amitpuri
34481,0,1,qcoke
34482,0,3,bulat-f
34483,0,11,legendtang
34484,0,2,amanthei
34485,0,59,stared
34486,0,1,SeraphimLeo
34487,0,6,jessiezhudev
34488,245,2,faethonm
34489,0,5,mboperator
34490,0,1,graphicmist
34491,0,16,RajuKoushik
34492,0,25,bernardodiasc
34493,0,10,Scavetta
34494,0,5,jackbai233
34495,0,22,fayimora
34496,0,31,reake
34497,0,3,kyojindo
34498,0,5,aligajani
34499,0,4,AlekseiSmirnov
34500,0,1,slin18
34501,0,2,rossdeane
34502,0,12,rahul2240
34503,0,3,fbedussi
34504,0,1,JonasDann
34505,0,5,steveh
34506,0,8,pablosirera
34507,0,51,benatkin
34508,0,5,ahmetcelikezer
34509,0,22,suemi994
34510,0,17,Michaelooo
34511,0,24,KevinGrandon
34512,0,7,houjinan
34513,0,3,arturbekasov
34514,0,4,redism
34515,0,34,TylorS
34516,0,4,ShichaoSun
34517,0,1,arrowak
34518,0,6,kristof0425
34519,0,1,sgeorge
34520,0,4,fabriciotav
34521,0,3,RRRaymond
34522,0,41,ArturKlajnerok
34523,0,60,jabedhasan21
34524,0,8,LoganSpangler
34525,0,15,nerososft
34526,0,2,ghosind
34527,0,1,mrsangrin
34528,0,2,CrazyLionHeart
34529,0,5,leandromineti
34530,0,7,JosephP91
34531,0,12,jansedivy
34532,0,2,Steake
34533,0,22,thebigredgeek
34534,0,2,YoungZhang08
34535,0,1,DevMaurice
34536,0,529,DIYgod
34537,0,1,Pjer-zhang
34538,0,47,marcioAlmada
34539,0,5,nandokakimoto
34540,0,2,patrickkivits
34541,0,1,texastony
34542,0,17,godolatunji
34543,0,9,israeleriston
34544,0,3,BPDanek
34545,0,10,chrisparnin
34546,0,5,pedro-stanaka
34547,0,2,makersphereLabs
34548,0,1,jonathanwangg
34549,0,2,godested
34550,0,1,rmngrc
34551,0,15,chenkkkk
34552,0,3,Godje
34553,0,1,mickuehl
34554,0,6,sergeivolodin
34555,0,11,migmartri
34556,0,2,jbellenger
34557,0,2,chocolatkey
34558,0,5,chechiachang
34559,0,129,enzoftware
34560,0,6,harshzalavadiya
34561,0,11,chapter09
34562,0,1,akudrya
34563,0,6,GesJeremie
34564,0,18,aoto
34565,84,2,Hekotoru
34566,0,9,sranjith096
34567,0,3,davep
34568,0,7,bryanhonof
34569,0,17,fuzzythecat
34570,0,15,christianramsey
34571,0,2,codefan
34572,0,4,egg-
34573,0,3,djavaui
34574,0,5,blue7wings
34575,0,10,dandye
34576,0,1,alexwohlbruck
34577,0,2,akinix
34578,0,34,gravnetic
34579,0,2,hackemateninja
34580,0,6,charleskawczynski
34581,0,10,furkanacikgoz
34582,0,9,meyacine
34583,0,2,Maelfyn
34584,0,1,steve-obrien
34585,0,4,jewome62
34586,0,8,sultann
34587,0,3,dedenhabibi
34588,0,6,Andrewpqc
34589,0,11,ArtechStark
34590,0,17,adam-lynch
34591,0,21,douglaszaltron
34592,0,7,k1ng440
34593,0,2,aleshgo
34594,0,59,PetrochukM
34595,0,5,maxfriedrich
34596,0,1,dungjk
34597,0,12,Fuyukai
34598,0,11,bramburn
34599,0,32,mikesprague
34600,0,10,oliveiradan
34601,0,2,Sparshith
34602,0,6,simonmd
34603,0,215,dgrtwo
34604,0,1,alcaniza
34605,0,58,suhanyujie
34606,0,209,ericlbarnes
34607,0,9,sunmaobin
34608,0,1,ertankayalar
34609,0,1,CloudMagician
34610,0,1,1Mr-Styler
34611,0,15,iagolaguna
34612,0,2,dagelf
34613,0,6,Martinnord
34614,0,2,fuliucansheng
34615,0,15,parulnith
34616,0,8,kuailehaibin
34617,0,3,stepanov
34618,44,2,jsgoller1
34619,0,2,andrewgjohnson
34620,0,5,2guotou
34621,0,14,qiqingjin
34622,0,9,Istar-Eldritch
34623,0,1,Vasile2k
34624,0,4,carstenheisterkamp
34625,0,6,animeshsrivastava24
34626,0,1,Caesor
34627,0,44,anteriovieira
34628,0,86,chagge
34629,0,12,bob-chen
34630,0,5,JiangKui007
34631,0,3,krsnadjava25
34632,0,5,tejpoudel
34633,0,4,evanwon
34634,0,1,88431844
34635,0,4,andyhappy1
34636,0,16,jknowles
34637,0,2,alexissmirnov
34638,0,33,AbraaoAlves
34639,0,2,iev6
34640,338,2,chahatagarwal
34641,0,5,dsevero
34642,0,11,leixu2txtek
34643,0,5,john-ko
34644,0,3,jfw10973
34645,0,1,mrsarm
34646,0,65,liangfhNoDev
34647,0,3,t0dd
34648,0,1,Shery11
34649,0,10,roadhouse
34650,0,15,ryannan
34651,0,20,charleslo1
34652,0,32,AndreyAkinshin
34653,0,18,marcelorl
34654,0,20,alvinhui
34655,0,1,huyhoang8398
34656,0,1,jmatc
34657,0,17,niconegoto
34658,0,2,nova0821
34659,0,1,kenee
34660,0,1,hervetran
34661,0,3,deen13
34662,0,44,JungMinu
34663,0,2,storbukas
34664,0,11,pleonex
34665,0,27,davidk01
34666,0,44,OmgImAlexis
34667,0,1,GiantShawn
34668,0,1,hiMunhoz
34669,0,4,RaulRC
34670,0,5,linkdesu
34671,0,8,RickAi
34672,0,21,JohnMcLear
34673,0,11,Lneedy
34674,0,2,LeMarck
34675,0,4,irexyu
34676,0,16,mbaljeetsingh
34677,0,2,lc1915
34678,0,3,sonyfe25cp
34679,0,3,QuakePhil
34680,0,5,Sid1057
34681,0,42,Ankit-Dhankhar
34682,0,38,MarkTang
34683,0,1,lqfarmer
34684,0,1,colejd
34685,0,15,caiertl
34686,0,5,georgemjohn
34687,0,5,ssatorres
34688,0,8,l19861225q
34689,0,124,skyvow
34690,0,63,kevinelong
34691,0,2,Kyle-Falconer
34692,0,3,jayzhou2468
34693,0,17,krschultz
34694,0,12,mfrachet
34695,0,52,cstipkovic
34696,0,4,mthomas
34697,0,3,nEdAy
34698,320,2,Jannick94
34699,0,10,Xetera
34700,0,1,maxemiliang
34701,0,11,mehfuzh
34702,0,2,QiumingLu
34703,0,8,arkochatterjee
34704,0,7,luxuryluke
34705,0,40,summychou
34706,0,15,mlwmlw
34707,0,3,sounak07
34708,0,1,serrodcal
34709,0,38,huseyinbabal
34710,0,8,sudeepraja
34711,0,1,superhen
34712,0,7,kosuha606
34713,0,10,superzadeh
34714,0,1,diogoalexandrefranco
34715,0,3,codyjb
34716,0,8,MgHtinLynn
34717,0,17,jrtashjian
34718,0,5,alirezamirsepassi
34719,0,1,piinalpin
34720,0,7,leebradley
34721,0,19,akkefa
34722,0,4,brunovcosta
34723,0,2,tetchel
34724,0,3,CrazyHeex
34725,0,2,JoeAsir
34726,0,4,bigethan
34727,33,1,MrDarkSkil
34728,158,1,nature1995
34729,0,4,iamhankai
34730,0,1,reinaldomaslim
34731,0,9,bhops
34732,0,5,bryanaka
34733,0,5,only-gale
34734,0,78,strongcode9527
34735,0,21,hedgerh
34736,0,6,MohammadSalahi
34737,0,5,jackey
34738,0,13,isnine
34739,0,4,gabbanaesteban
34740,0,37,goodnesskay
34741,0,13,ThingEngineer
34742,0,7,dumblole
34743,0,2,AsifArain
34744,0,30,MAGI003769
34745,0,2,brainrepo
34746,0,10,mkmarek
34747,0,142,Aufree
34748,0,4,Alan01252
34749,0,7,Esom
34750,49,2,1234-
34751,0,4,debopamsengupta
34752,0,3,cblanquera
34753,0,1,MuriloViviani
34754,0,8,chenqing
34755,0,3,EGOISTK21
34756,0,20,Prodesire
34757,0,26,lichengunc
34758,0,3,RhineLiu
34759,0,20,jmichaelward
34760,0,4,mariozig
34761,0,3,allaire
34762,0,21,praganavictor
34763,0,6,jacobzweig
34764,0,5,dcolebatch
34765,0,37,132yse
34766,0,45,hfcorriez
34767,0,4,ludics
34768,0,1,maverich
34769,0,6,Dhanya-Abhirami
34770,0,5,bryik
34771,0,10,Tauqeer1
34772,0,2,emdecr
34773,0,4,ariauakbar
34774,0,171,geekplux
34775,0,3,RodrigoGonzalez
34776,0,7,qzcool
34777,0,8,dimitrisnl
34778,0,6,nicolas-raoul
34779,0,1,mloey
34780,292,1,Nish2288
34781,0,16,Gethomely
34782,0,22,easingthemes
34783,0,1,amalakar
34784,0,1,dbartow
34785,0,87,sejas
34786,0,17,davidjeddy
34787,0,20,chikeozulumba
34788,0,2,illuSioN4ng
34789,0,10,Anikinly
34790,0,7,DaneEveritt
34791,0,10,beaucharman
34792,0,22,alicankaralar
34793,0,1,TacoDelPaco
34794,0,20,jasonzhouu
34795,0,7,GregorBiswanger
34796,0,7,amobiny
34797,0,23,ifaruque
34798,0,25,armdev
34799,0,22,sunnysingh
34800,0,7,mohouyizme
34801,0,32,RealHacker
34802,0,2,Bisawajit
34803,0,1,Denis101
34804,0,22,KartikKannapur
34805,0,5,YoshiPark
34806,0,6,dingxiaowei
34807,0,7,shawnlinboy
34808,0,5,avinashshenoy97
34809,0,5,crhenr
34810,0,1,tempvs983
34811,0,2,thomasht86
34812,0,42,james2doyle
34813,0,27,chinedufn
34814,0,1,samiriff
34815,0,11,chuckbergeron
34816,0,1,ichthyos
34817,0,2,kikeex
34818,0,24,arpithparikh
34819,0,1,HaeckDesign
34820,0,3,CheungXu
34821,0,5,sushobhana
34822,0,21,matthiasak
34823,95,3,roachjc
34824,0,12,gunjan01
34825,0,4,sethpollack
34826,0,2,Fingel
34827,0,13,kennedysgarage
34828,0,1,james-gibson
34829,0,2,nforgerit
34830,0,2,Avatoo
34831,0,7,mauriciopazpp
34832,0,5,helmisatria
34833,0,49,ChrisRackauckas
34834,0,2,scitosci
34835,0,4,mindjiver
34836,0,3,cacadosman
34837,0,16,netoxico
34838,0,37,saimemre
34839,0,1,bobosheep
34840,0,62,joeyguo
34841,0,4,alfonsogoberjr
34842,0,7,samueleaton
34843,0,6,KinG-InFeT
34844,0,9,aghorler
34845,0,4,colmeluna
34846,0,4,heemoe
34847,139,3,gamesgao
34848,0,10,Brobin
34849,0,66,cy920820
34850,0,3,andomain
34851,0,6,arielkirkwood
34852,0,26,jfo84
34853,0,9,itaouil
34854,0,22,alexhanna
34855,0,2,srkiNZ84
34856,0,22,Xiaobaxi
34857,0,51,macagua
34858,0,1,jcimoch
34859,0,28,countcain
34860,0,28,ajunior
34861,0,21,deptno
34862,0,10,lvchen727
34863,0,3,LiHaoze
34864,0,8,Luqqk
34865,0,12,dunizb
34866,0,3,Hyurt
34867,0,5,snowneji
34868,0,3,faridmovsumov
34869,0,3,cfischer
34870,0,2,sungeuns
34871,0,13,dakk
34872,0,4,alexpechkarev
34873,0,1,pynkvalerian
34874,0,18,eavgerinos
34875,0,7,ins0
34876,0,46,manuelkiessling
34877,0,15,mindworker
34878,0,10,dacresni
34879,0,6,kamijin-fanta
34880,0,1,afsmassa
34881,0,2,omair18
34882,0,2,starboom
34883,0,1,dario-l
34884,0,3,panchalmukunda
34885,0,8,kainosnoema
34886,0,2,jweinst1
34887,0,44,andrewheiss
34888,0,8,ParkGwangBeom
34889,0,2,erneledesma
34890,0,1,jpzwarte
34891,0,17,rspeicher
34892,0,6,ChristophLabacher
34893,0,1,ProJaCore
34894,173,1,heikokrebs
34895,0,1,brendonofficial
34896,0,1,DavidCorn
34897,0,10,abhinavcoder
34898,0,36,ndrplz
34899,0,23,Pooshan
34900,0,24,lovepoem
34901,0,3,JKHeadley
34902,0,10,stockandawe
34903,0,28,ikeike443
34904,0,21,CoXier
34905,0,19,GaoxingZheng
34906,0,24,kigster
34907,0,22,jcarbaugh
34908,0,17,feihugis
34909,0,22,Xerkus
34910,0,3,adrw
34911,0,10,drklrd
34912,0,3,aipiano
34913,0,5,calebj
34914,0,9,ninnemana
34915,0,1,lhajh
34916,0,3,nicklv
34917,0,16,panni1991
34918,0,5,LiZhenhuan1019
34919,0,12,juliocanares
34920,0,3,jakehemmerle
34921,0,12,JeffersonCN
34922,0,34,l3pp4rd
34923,57,2,nanguoshun
34924,0,3,polashrp
34925,0,3,e-hu
34926,0,7,thet
34927,0,2,gogeof
34928,0,21,imbrn
34929,0,5,hannyramzy
34930,0,9,tangbao
34931,0,6,pradeep1991singh
34932,0,2,modmuss50
34933,0,4,Kulboi
34934,0,1,DHUer
34935,0,29,amacgregor
34936,0,1,DmitryNaum
34937,0,4,YueweiGuo
34938,0,3,geooot
34939,0,14,huiyiqun
34940,0,3,souravbadami
34941,0,3,tf0054
34942,0,5,kielkow
34943,0,6,hetelek
34944,0,92,l3dlp
34945,0,15,mesaugat
34946,0,3,JellyBellyDev
34947,0,28,AdilVirani
34948,0,8,accraze
34949,0,7,SRombauts
34950,0,2,shiopon01
34951,0,1,dannypbroadbent
34952,0,1,tamueka
34953,0,2,lili2311
34954,0,1,laochanlam
34955,0,1,thinkski
34956,0,6,junsukchoe
34957,0,8,Daichou
34958,0,3,linqingmaoer
34959,0,4,mfow
34960,0,7,Rutulpatel7077
34961,0,13,luckyshot
34962,0,3,Leonardo18
34963,0,6,stanleychan
34964,0,5,tbartelmess
34965,0,16,feiwodev
34966,346,2,jxpxxzj
34967,0,18,rands0n
34968,0,1,LiuChiennan
34969,0,2,iqbalnaved
34970,0,74,stephenlb
34971,0,1,RonXS
34972,0,2,fallending
34973,0,2,colouryen
34974,0,2,ljhui
34975,277,2,nim65s
34976,0,4,Totti619
34977,0,9,MegaShow
34978,0,18,rhalp10
34979,0,43,dekatotoro
34980,0,14,imperugo
34981,0,6,RolfLin
34982,0,12,renjithspace
34983,0,2,DmitriyValetov
34984,0,9,otaruMendez
34985,0,2,KevM
34986,0,1,joelQF
34987,0,6,pritibiyani
34988,0,13,dcandrade
34989,0,96,DAAI093
34990,0,1,nkokla
34991,0,4,jepemo
34992,0,126,qrush
34993,0,1,nbgl
34994,0,3,csianglim
34995,0,3,duanyukai
34996,0,6,che1404
34997,0,6,cscott
34998,0,2,kartikluke
34999,0,17,oguzozgen
35000,0,15,kumiko-haraguchi
35001,0,21,sanu11
35002,0,9,jstoone
35003,0,34,amarlearning
35004,0,9,adhorn
35005,0,7,bsdfzzzy
35006,0,3,jstnn
35007,0,4,mennan
35008,0,1571,mdo
35009,0,8,guastallaigor
35010,0,2,rmeira
35011,0,5,blackdevelopa
35012,0,24,awesomebytes
35013,0,23,radityagumay
35014,0,15,classtag
35015,0,1,Trixt0r
35016,0,5,JacobReynolds
35017,0,6,krautcat
35018,0,3,issmirnov
35019,0,8,sheikhimtiaz
35020,0,3,RafLeszczynski
35021,0,3,LucaHermann
35022,0,1,Techniv
35023,0,11,Riroaki
35024,0,5,Sphish
35025,0,3,it2911
35026,0,1,BrianMc21
35027,0,14,NicolasLeRoux
35028,0,2,juggernauts
35029,0,3,neodon
35030,0,23,saulhardman
35031,0,14,shallowtoil
35032,0,58,muhammadtaqi
35033,0,22,barraponto
35034,0,14,persianturtle
35035,0,2,TobbenTM
35036,0,1,jasonrhaddix
35037,0,27,lynnwallenstein
35038,0,3,paublyrne
35039,0,1,Awpatterson217
35040,0,3,alysongustavo
35041,0,3,alexwhb
35042,0,1,shumailxyz
35043,0,15,EastLee
35044,0,3,SmallOyster
35045,0,1,harisadam
35046,0,7,maxknee
35047,0,29,jonathanzuniga
35048,0,2,shann09
35049,0,17,modularcoder
35050,0,2,rnarian
35051,0,146,fatihacet
35052,0,2,rcngo
35053,0,5,grassknoted
35054,0,14,geeker-lait
35055,0,11,VictorHVS
35056,0,2,CKHuang
35057,0,4,mymmon
35058,0,4,mellewynia
35059,0,2,ecoquant
35060,0,25,galenyuan
35061,0,100,meetshah1995
35062,0,11,murphyj
35063,0,2,rt77789
35064,0,11,semal
35065,0,2,aigor
35066,0,7,andrewshell
35067,0,15,ZomerVinicius
35068,0,10,t-davidson
35069,0,4,manzhikov
35070,0,32,daleroberts
35071,0,32,jxub
35072,0,3,matthewwilfred
35073,0,10,lamhotsimamora
35074,0,3,JiafengZhou
35075,0,42,Liceth
35076,0,32,snollygolly
35077,0,14,muhozi
35078,0,1,artursgirons
35079,0,4,frank113
35080,0,10,SykieChen
35081,0,1,ckhatton
35082,0,1,alvarohurtadobo
35083,0,9,lliquid
35084,270,4,liufly
35085,0,16,an0nh4x0r
35086,0,27,brenohq
35087,0,11,Hungrated
35088,0,20,sambhav2612
35089,0,31,Maples7
35090,0,82,codeanit
35091,0,2,BoulderBrains
35092,0,6,ahmetkgunay
35093,0,13,ashokdey
35094,0,3,RyanNerd
35095,327,1,scote
35096,0,29,Jancd
35097,0,15,johnbacon
35098,0,3,jesseschutt
35099,0,1,QiqiDuan257
35100,0,16,jaxzin
35101,0,5,YogeshNain
35102,0,1,ddavidebor
35103,0,1,bh13731
35104,0,5,ahadb
35105,0,4,caosongjun
35106,0,52,justachetan
35107,0,6,kennedyrose
35108,0,3,BrunoSalerno
35109,0,23,dianlujitao
35110,0,24,erifranck
35111,0,9,JayRajM97
35112,0,4,AdrianRibao
35113,0,4,pmarkoo
35114,0,85,shovon
35115,0,12,bsatrom
35116,0,47,karad
35117,0,4,dsmoore
35118,0,45,alexandesigner
35119,0,17,katylava
35120,0,12,splitline
35121,0,5,egobude
35122,0,2,MSekrst
35123,0,11,mattmazzola
35124,0,2,arturojain
35125,0,6,degrecci
35126,0,5,jnatherley
35127,0,2,manbaum
35128,0,17,stigsfoot
35129,0,2,Yatish04
35130,0,2,aidanh010
35131,0,13,rui-mendes
35132,0,4,ignar
35133,0,7,pgoodman
35134,0,89,longluo
35135,0,6,sherrardTr4129
35136,0,7,ddmarin94
35137,0,12,ariadnepinheiro
35138,0,2,BenjaminHarding
35139,0,14,nicodjimenez
35140,0,8,alexandreramosdev
35141,0,7,DreamCup
35142,0,6,chandrunaik
35143,0,6,davidpaulsson
35144,0,2,Arnie97
35145,0,12,PingjunChen
35146,0,1,nashley
35147,0,9,mellomaths
35148,0,2,mkkhedawat
35149,0,23,Diego999
35150,0,36,onvno
35151,0,3,mcoenca
35152,0,8,shoestrong
35153,0,4,kornosk
35154,0,12,diamont1001
35155,0,7,MaksymRybak
35156,0,40,simpleweiwei
35157,0,5,carrenD
35158,7,2,kbknudsen
35159,0,13,kwiss
35160,0,1,tdbts
35161,0,7,bit-whacker
35162,0,9,haidarafif0809
35163,0,2,Jurigag
35164,0,4,aggieben
35165,0,22,atkodev
35166,0,2,NikhilManapure
35167,0,6,anologicon
35168,0,10,benediktvaldez
35169,0,1,froilanq
35170,0,1,biman17
35171,0,89,niwinz
35172,0,1,cqation
35173,0,1,johnlonganecker
35174,0,1,chrisryancarter
35175,0,15,nalbam
35176,0,1,georgii-ivanov
35177,0,10,Jithin-Jude
35178,0,20,ParaskP7
35179,0,5,calvinvbigyi
35180,0,11,edwinksl
35181,0,11,sunnycmf
35182,0,20,hongleizhang
35183,0,2,Haiik
35184,0,6,joekarasek
35185,0,4,tariquesani
35186,0,39,HughDai
35187,0,7,7azycoder
35188,0,8,YangYangGirl
35189,0,1,arron-chen
35190,0,2,gnatok
35191,0,1,ddianaBerry788
35192,0,3,petomalina
35193,0,8,gustavosantiago
35194,0,4,DawidvanGraan
35195,0,2,erulabs
35196,0,17,liruilong940607
35197,0,13,johannesboyne
35198,0,4,RobErskine
35199,0,1,matrixjnr
35200,0,4,nass600
35201,0,13,drinkbird
35202,0,19,norfish
35203,0,1,nithinraok
35204,0,9,hulkike
35205,0,14,emrullahayin
35206,0,4,noyoshi
35207,0,1,kmanaseryan
35208,0,5,MCSH
35209,0,17,riboseyim
35210,0,5,bdero
35211,0,27,espeed
35212,0,50,huseinzol05
35213,0,5,sumn2u
35214,0,9,jayhesselberth
35215,0,8,sgaurav
35216,0,7,manuelmeurer
35217,0,16,IniZio
35218,0,1,mrmowji
35219,0,88,okoala
35220,0,4,evertoncastro
35221,0,19,therne
35222,0,2,Aldaviva
35223,0,1,jsceoz
35224,0,19,kaelaela
35225,0,2,sven-mayer
35226,0,2,arthurlee
35227,0,7,pingzh
35228,0,16,mathiasose
35229,0,1,miguelduarte42
35230,0,14,thjiang
35231,0,2,morsh
35232,0,1,metavoid
35233,0,14,AlbertoMonteiro
35234,0,7,chrisPiemonte
35235,0,12,prvst
35236,0,40,ralf0131
35237,0,8,romulets
35238,0,5,jmlero
35239,0,8,milesrichardson
35240,0,1,bostjans
35241,0,53,caridy
35242,0,8,danilosetubal
35243,0,4,geoffreybans
35244,0,11,pwener
35245,0,2,IrisYanfGuo
35246,0,8,nna774
35247,0,6,IsaEs
35248,0,9,lingxuez
35249,0,34,jarib
35250,0,5,imcodingideas
35251,0,18,brianarn
35252,0,2,huang6349
35253,0,102,ageis
35254,0,1,VittalP
35255,0,5,donnes
35256,0,2,stevemanuel
35257,0,6,ferhatkurt
35258,0,79,hardfist
35259,0,1,nk2655
35260,0,7,erolstt
35261,0,1,dunhamjared
35262,0,37,Kibos
35263,0,5,STPace
35264,0,1,mwakaambrose
35265,0,1,jack828
35266,0,6,jsveron23
35267,0,17,tabrindle
35268,0,22,ticky
35269,0,20,khalidx
35270,206,1,FernandoFavoretti
35271,0,9,k4biri
35272,0,6,acchoblues
35273,0,5,overridesh
35274,0,2,giseldo
35275,0,4,tenkiller
35276,0,7,Liby99
35277,0,1,Xheradon
35278,0,9,Omerdogan3
35279,0,3,Eraseread
35280,0,30,danielhusar
35281,0,8,mikhail-angelov
35282,0,23,shajoezhu
35283,0,10,LuoZijun
35284,0,10,charliepark
35285,0,2,stefanerwinmayer
35286,0,1,fernandosure
35287,0,9,Bartuz
35288,0,14,frankienicoletti
35289,0,1,paul-barry-kenzan
35290,0,34,pajaydev
35291,0,61,mlyknown
35292,0,1,MrMorning
35293,0,1,mcreed
35294,0,2,kalichaudhary
35295,0,15,Splode
35296,0,24,hiroksarker
35297,0,12,antoniotrento
35298,0,5,mosesmwila
35299,0,11,hsaputra
35300,0,7,kartheekpnsn
35301,0,24,dengyaolong
35302,0,28,ahmedfaragmostafa
35303,0,9,BurlesonBrad
35304,0,3,lingeringcode
35305,0,10,GuoJinyu
35306,0,14,GregBrimble
35307,0,4,egregors
35308,0,36,gabrielgene
35309,0,1,codebriefly
35310,0,2,sidpagariya
35311,0,25,akatov
35312,0,1,donydchen
35313,0,4,on3iro
35314,0,7,peko
35315,0,2,ninadingole
35316,0,41,leandro-lugaresi
35317,0,2,GLinBoy
35318,0,6,Birjemin
35319,0,2,surfingRen
35320,0,4,anhnt
35321,0,8,knicklabs
35322,0,4,guessi
35323,0,2,gnesher
35324,0,14,MarxJiao
35325,0,11,slogeor
35326,0,6,captainblue2013
35327,0,2,Davigl
35328,0,3,talissonf
35329,0,3,Yupei-Du
35330,0,1,TerraUnity
35331,0,37,mkhatib
35332,0,40,sassyst
35333,0,11,W-Qing
35334,0,11,jaympatel1893
35335,0,71,Armour
35336,0,3,adhikasp
35337,0,2,domzgarcia
35338,0,5,WasiqB
35339,0,10,jmwoloso
35340,0,3,benmcm1994
35341,0,12,simenkid
35342,0,9,Saifadin
35343,0,9,cannoneyed
35344,0,4,jespern
35345,0,1,brusherru
35346,0,1,hanveiga
35347,0,1,kaiyisg
35348,0,3,sagarjoglekar
35349,0,2,ppanya
35350,0,8,BrunoEduardoCSantos
35351,0,18,kgourgou
35352,0,7,dale426
35353,0,6,simmzl
35354,0,7,pbellec
35355,0,3,doubleview
35356,0,6,mrageh
35357,0,11,garaud
35358,0,70,gilbarbara
35359,0,47,kevinoliveira
35360,0,18,rafegoldberg
35361,0,7,LiXuanqi
35362,0,4,chandler1564
35363,0,4,EndlessTrax
35364,0,4,LB--
35365,0,12,rebelvc
35366,0,19,hc3
35367,0,3,cparrarojas
35368,0,5,jackd942
35369,0,44,KingPengZero
35370,0,3,defaultbeep
35371,0,16,nucleartide
35372,0,5,La0
35373,0,3,larry011
35374,0,17,neyric
35375,0,28,alexrigler
35376,0,12,iVanlIsh
35377,0,3,lxzmxl
35378,0,3,munchicken
35379,0,2,soolaugust
35380,0,10,shitouzxy
35381,0,1,ianmays
35382,0,2,jsalsman
35383,0,6,changfengliu
35384,0,1,rodionvolovik
35385,0,1,nichealpham
35386,0,2,Alhamou
35387,0,7,equalent
35388,0,315,camsong
35389,0,2,kant-chan
35390,0,1,idleyui
35391,0,4,Mahjouba91
35392,0,3,fredcallaway
35393,0,15,brunowdev
35394,0,3,ivangreene
35395,0,7,bakerface
35396,0,3,Bicky23
35397,0,39,BUPT-HJM
35398,140,2,dmccreary
35399,0,6,JMSantos94
35400,0,53,raphaelcosta
35401,0,3,erhanyasar
35402,0,1,laibulle
35403,0,32,csoni111
35404,0,16,apoorvagnihotri
35405,0,4,davidandrus
35406,0,4,maxwell-oroark
35407,0,14,someone-1
35408,0,9,itsananderson
35409,0,4,allantargino
35410,0,4,shubham1172
35411,0,7,KadoBOT
35412,0,10,plhwin
35413,0,7,LucasIsasmendi
35414,0,6,Leocodefocus
35415,0,5,Zainking
35416,0,3,dinhanhthi
35417,0,21,ChiragSehra
35418,0,3,danielpes
35419,0,35,geshan
35420,0,5,deNsuh
35421,0,7,jdlrobson
35422,0,2,arhen
35423,0,1,ptdede
35424,0,13,nish1998
35425,0,2,gilson27
35426,0,17,interglobalmedia
35427,0,4,hbhzwj
35428,0,1,jkangzhang
35429,0,5,sambeevors
35430,275,2,Isaac1m
35431,0,5,LeaYeh
35432,0,11,azakordonets
35433,0,1,fhawkes
35434,0,3,k3nsuk3
35435,0,39,AlexR1712
35436,0,10,Vishal-V
35437,0,15,rubenfiszel
35438,0,20,splincode
35439,0,16,AliSawari
35440,0,3,fjogeleit
35441,0,10,pxpgraphics
35442,0,1,nishanmazumder
35443,0,5,ali-hallaji
35444,0,2,heeryerate
35445,0,2,chenrui1988
35446,0,1,limx59
35447,0,10,Sugarya
35448,0,6,ssanusi
35449,0,6,iamasgor
35450,0,9,neverthanmore
35451,0,2,kushal9291
35452,0,32,clhenrick
35453,0,4,sunyu1984
35454,0,2,samueldervis
35455,0,2,fjchange
35456,0,67,asoltys
35457,0,7,CornerYoung
35458,0,9,mannysoft
35459,0,5,ToruNiina
35460,0,9,gibatronic
35461,0,3,DavidNeko
35462,0,3,jay3126
35463,0,8,hypery2k
35464,0,12,tarciozemel
35465,0,2,congpc
35466,0,24,julienXX
35467,0,28,Kalengo
35468,0,21,aaronz
35469,0,13,eastseven
35470,0,8,nilq
35471,0,4,shubham-gulati
35472,0,16,Quizp2p
35473,0,13,hillmanov
35474,0,9,LiuHDme
35475,0,1,michelecafagna26
35476,0,5,KraigWalker
35477,0,3,sandeepguggu
35478,0,4,mukulu
35479,0,7,snowch
35480,0,2,mhenry
35481,0,1,antons-
35482,0,3,DesignyourCode
35483,0,18,WoolYang
35484,0,7,EntranceJew
35485,0,15,coderfe
35486,0,31,taras
35487,163,1,awriel
35488,0,2,Jchegenye
35489,0,18,anonymone
35490,0,1,shoikot
35491,0,24,sanjoy
35492,0,6,JunChiehWang
35493,0,11,jxjj
35494,0,6,blackchalk
35495,0,2,pyokagan
35496,0,3,amonszpart
35497,0,30,linsir6
35498,0,3,boyac
35499,0,4,JustinLivi
35500,0,3,dev-zhoukang
35501,0,2,chrisguo
35502,0,4,ahmadjd94
35503,0,6,Blucezhang
35504,0,2,Skyross
35505,0,1,Engrgit
35506,0,19,Younesi
35507,0,3,iamogbz
35508,0,7,s3ni0r
35509,0,12,rakshakhegde
35510,0,2,mammask
35511,0,5,DivyanshGothwal
35512,0,2,cbouyio
35513,0,24,HuYuee
35514,0,7,harrydu2014
35515,0,4,fergaete
35516,0,2,jcampbe
35517,0,5,milancurcic
35518,0,10,Fivell
35519,0,6,hafezoa
35520,0,4,nrullo
35521,0,60,kumarkrishna
35522,0,146,SergioChan
35523,0,554,chenglou
35524,0,3,Taylor4484
35525,0,1,oyanezm
35526,0,1,imri
35527,0,3,eitguide
35528,0,1,lijingwang
35529,209,9,PhilippMatthes
35530,0,2,adityadas8888
35531,0,20,JailBreakC
35532,0,2,qazwsx74269
35533,23,2,SubhiH
35534,0,3,martinzh
35535,0,1,libeiUCAS
35536,0,5,bigwilliam
35537,0,8,thewillhuang
35538,0,2,ftgibran
35539,0,6,hez2010
35540,0,20,carlosdelfino
35541,0,10,Shikhargupta
35542,0,30,guilhermesteves
35543,0,16,ohbarye
35544,0,5,iharsh234
35545,0,2,TimAimee
35546,0,17,kophy
35547,0,4,fordarnold
35548,0,3,JacksonWuxs
35549,0,8,ZhangBo2016
35550,0,1,HimanshuKumar111
35551,0,10,sunilkumarc
35552,0,40,gfosco
35553,0,10,abhiroj
35554,0,2,jhoffmcd
35555,0,3,mkdesignn
35556,0,14,ithinkihaveacat
35557,0,5,ignasi
35558,0,127,chovy
35559,0,1,connorjclark
35560,0,9,dcassiano
35561,0,19,amishshah
35562,121,3,ThomasMrY
35563,0,3,Yusuke1998
35564,0,3,shafeef901
35565,0,2,lifankohome
35566,149,2,qkreltms
35567,0,6,lkafle
35568,0,1,growlybear
35569,0,47,eptaccio
35570,0,21,morilog
35571,0,5,jhlpotato
35572,0,8,mironal
35573,0,16,mmikkel
35574,0,14,mindvox
35575,0,2,jansmolders86
35576,0,11,XueRainey
35577,0,5,blang
35578,0,1,dragstor
35579,0,12,jorgeortega
35580,0,59,dayanruben
35581,0,4,imabug
35582,0,5,cocoxu
35583,0,12,tabuna
35584,0,2,Ohsaworks
35585,0,5,aedancullen
35586,0,4,juliofalbo
35587,0,32,gregrickaby
35588,0,5,lionralfs
35589,0,50,jayvdb
35590,0,32,ben
35591,0,9,devmatheus
35592,0,2,robperc
35593,0,7,rileyhilliard
35594,0,5,lucascaires
35595,0,22,csorlandi
35596,0,17,chadsmith
35597,0,3,eugeneCN
35598,0,6,devoxel
35599,0,2,rfilmyer
35600,0,2,martinvol
35601,0,48,luanfsf
35602,0,3,sbachkheti
35603,0,18,DaveVoyles
35604,0,2,ragasubekti
35605,0,5,DeepVoltaire
35606,59,2,kirubarajan
35607,0,5,jacobschweitzer
35608,0,32,hzzly
35609,0,3,DixonShen
35610,0,5,Themandunord
35611,0,1,StefanL19
35612,0,1,ShaoyiZhang
35613,0,13,aichholzer
35614,0,7,ferryhinardi
35615,0,7,fernandochafim
35616,0,94,simaQ
35617,0,3,chenbuer
35618,0,4,mary3000
35619,0,4,lagwy
35620,0,2,ethanww
35621,0,24,XiaoChenYung
35622,0,3,PelagicDev
35623,0,3,nwaughachukwuma
35624,0,29,ssundarraj
35625,0,4,ThaneAcheron
35626,0,4,picharras
35627,0,3,nangui
35628,0,7,thinker3197
35629,0,1,adityaXXX
35630,0,1,dhruvp-8
35631,0,1,jasenfinch
35632,0,5,raju-shrestha
35633,0,75,MaximAbramchuck
35634,0,1,s-KaiNet
35635,0,1,fortSQ
35636,0,23,jeffreyjackson
35637,0,9,felipelalli
35638,0,4,dimartiro
35639,0,2,gearoidc
35640,0,7,fanyongfeng
35641,0,1,itsahmedbasha
35642,0,1,Parkhyunseo
35643,0,10,salmonelopan
35644,0,10,James-E-Adams
35645,0,15,StanwieCB
35646,0,7,petronny
35647,0,3,marcosdeseul
35648,0,2,feikon
35649,0,12,hicay
35650,0,1,ccanel
35651,326,2,ChiuMungZitAlexander
35652,0,3,rajkstats
35653,0,1,jstoebel
35654,0,1,suseokpark
35655,0,4,jcchan23
35656,0,109,karthik
35657,0,6,hanfeisun
35658,0,55,cuilei5205189
35659,0,6,brantem
35660,0,99,danijar
35661,0,38,hober
35662,0,2,bobber205
35663,0,10,juliaogris
35664,0,4,kaumac
35665,0,90,hiroharu-kato
35666,0,5,Vladislao
35667,0,1,rjerue
35668,0,32,li-yazhou
35669,0,13,nico1988
35670,0,10,cchan
35671,0,5,gatodeveloper
35672,0,6,conortm
35673,0,30,findmyway
35674,0,15,KailinLi
35675,0,18,kibotu
35676,0,12,ongtao
35677,0,24,mgrouchy
35678,0,14,Joannis
35679,0,6,DoggyZhang
35680,0,5,ryneches
35681,0,80,mathdroid
35682,0,7,fedealconada
35683,0,4,guchenghao
35684,0,2,mulhoon
35685,0,3,fkr
35686,0,48,Cysu
35687,0,7,electricjesus
35688,0,20,steren
35689,0,6,antongunov
35690,0,5,19peaches
35691,0,1,ferdbold
35692,0,1,WilleamZhao
35693,0,3,franko4don
35694,0,4,ghrahul
35695,0,3,dottenbr
35696,0,14,abhn
35697,0,2,Fen747
35698,0,23,lresende
35699,0,2,C0deZLee
35700,0,12,navneet-nmk
35701,0,3,sagarbaver
35702,0,2,cdnadmin
35703,0,69,pepibumur
35704,0,2,alumbreras
35705,0,18,mrchrisadams
35706,0,1,ghostzero
35707,0,3,rordi
35708,0,73,kdn251
35709,0,5,marksdk
35710,0,2,galcha
35711,0,9,brunoluizgr
35712,0,11,cdipaolo
35713,0,3,Vuwij
35714,0,2,JadoJodo
35715,0,3,arosha445
35716,0,5,nelsonjchen
35717,115,3,jonathanenlared
35718,0,3,noahfl
35719,0,6,matthiasg
35720,0,1,ScarboroughCoral
35721,0,4,qzminski
35722,0,2,argosback
35723,0,2,django23
35724,0,7,captaincode0
35725,0,2,plauche
35726,0,3,gv22ga
35727,0,1,bonotake
35728,0,23,dblate
35729,0,5,ajyoon
35730,0,1,NewGuonx
35731,0,7,kozistr
35732,0,3,l3ve
35733,0,7,mknparreira
35734,0,25,nertzy
35735,0,38,dchest
35736,0,1,96imranahmed
35737,0,3,EvanLiu2968
35738,0,15,mystor
35739,0,14,ppant
35740,0,1,cpeters
35741,0,12,AmreshVenugopal
35742,0,16,punkmonday
35743,0,1,dmooney
35744,0,3,KokeCacao
35745,0,9,WeihongM
35746,0,5,mazedlx
35747,0,33,gaius-qi
35748,0,14,felansu
35749,0,70,Freelander
35750,0,1,LouisT
35751,0,2,sjatsh
35752,0,4,soycamis
35753,0,1,emoran
35754,0,4,pawlos
35755,0,2,LindsaysDarkAlley
35756,0,23,thefangbear
35757,0,9,andfoy
35758,0,2,LawrenceDuan
35759,255,2,lepatrick714
35760,0,2,ashim888
35761,0,2,slcr
35762,0,47,dimasik9081
35763,0,1,Codsir
35764,0,16,JS-mark
35765,0,33,kyanny
35766,49,3,rveitch
35767,0,12,mayeenulislam
35768,0,27,eddiewang
35769,0,4,spencercjh
35770,0,5,tadeujeronimo
35771,0,2,sam3k
35772,0,2,hessnd
35773,0,3324,addyosmani
35774,0,2,blackpost38
35775,0,7,simonkberg
35776,0,2,nijicha
35777,0,6,micahlmartin
35778,0,3,dacmail
35779,0,8,meganetaaan
35780,0,62,chrismattmann
35781,0,23,liuyanjie
35782,0,1,bkrall
35783,0,6,teomrd
35784,0,12,RanchoCooper
35785,0,17,the-simian
35786,0,10,shivanshu1333
35787,0,5,chrisbutler
35788,0,11,Baiang
35789,0,8,reterVision
35790,0,2,rahulpatraiitkgp
35791,0,21,rupshabagchi
35792,0,3,sushinoya
35793,0,32,chapeupreto
35794,0,8,rajdharmendraiiitg
35795,0,2,rosshettel
35796,0,2,irfanevrens
35797,0,18,adammenges
35798,0,8,SherLzp
35799,0,14,manuparra
35800,0,8,marsqinht
35801,0,12,fadimezhan
35802,0,3,mkacz
35803,0,4,lmuzinic
35804,0,4,elchroy
35805,0,4,anthonylauzon
35806,0,15,amdgigabyte
35807,0,15,SlashArash
35808,202,2,fyzbt
35809,0,3,jfsebastian
35810,0,14,chinaHewei
35811,0,13,ayush1409
35812,0,2,Chopinsky
35813,0,6,SOSTheBlack
35814,0,5,ozturkosu
35815,0,1,ncdai3651408
35816,0,10,Ynote
35817,0,20,sukso96100
35818,0,6,omidnasri
35819,0,1,pitts114
35820,0,1,ghuachins
35821,0,17,ParkJude
35822,0,202,seongjoojin
35823,0,1,mimoduo
35824,0,2,sxhfut
35825,0,3,bqst
35826,0,6,Aleck16
35827,0,16,raamana
35828,0,320,contra
35829,0,15,consideRatio
35830,0,7,cqw5
35831,0,2,KonceptGeek
35832,0,20,Celthi
35833,0,3,6688jingtian
35834,0,38,dahabit
35835,0,1,ngfelixl
35836,0,10,receme
35837,0,1,amit2011
35838,0,10,craftfortress
35839,0,4,KwenString
35840,0,3,corentinmb
35841,0,8,Yudezhi
35842,0,12,ghutchis
35843,0,5,jlyang1990
35844,0,18,phonnz
35845,0,20,GeertJohan
35846,0,6,CongBao
35847,0,13,jaicab
35848,0,8,saaiful
35849,0,2,notclickable
35850,0,2,spilio
35851,0,12,abdelrhman-arnos
35852,0,14,erickzhao
35853,0,2,gionanide
35854,0,7,Anass-Daoudi
35855,0,7,bartwr
35856,0,4,rcrichton
35857,0,3,PhilRybka
35858,0,40,heejongahn
35859,0,7,rizalasrul
35860,0,4,BigAB
35861,0,2,kamatte-me
35862,0,8,CSer-Tang-hao
35863,0,5,serveryang
35864,0,10,Kadantte
35865,0,45,rohts-patil
35866,0,15,orbxball
35867,0,79,BuptStEve
35868,0,8,shvetsiya
35869,0,5,charliex210
35870,0,1,cjblocker
35871,0,3,roshecode
35872,0,28,Ternence
35873,0,18,brunosf
35874,0,6,pbx
35875,0,9,AndrewBarba
35876,0,469,stormzhang
35877,0,1,erinloy
35878,0,1,kikuchis
35879,0,2,rotaryden
35880,0,2,RXminuS
35881,0,1,Shadheeskumar
35882,0,25,bgsouza
35883,0,3,hamzaslama
35884,0,6,ris269
35885,0,2,scneptune
35886,0,18,k0nserv
35887,0,3,piclemx
35888,0,13,edelprino
35889,0,9,Paplow
35890,0,26,dericgit
35891,0,3,radusw
35892,0,12,seasonstar
35893,0,6,brayoh
35894,0,1,mwalton
35895,0,12,Nicola17
35896,0,34,k33g
35897,0,2,psychelzh
35898,0,3,isaac-gs
35899,0,7,jinhoyoo
35900,0,14,arthurschreiber
35901,0,4,ailias
35902,0,41,FalkoJoseph
35903,0,20,frknbasaran
35904,332,1,candyapplecorn
35905,0,15,hehaodele
35906,0,4,erdoganoksuz
35907,0,17,grasses
35908,0,1,tholapz
35909,0,1,hobroker
35910,0,4,khushal111
35911,0,58,michelle
35912,0,22,arendsee
35913,69,4,GomTH
35914,0,7,nicolaslazartekaqui
35915,0,1,mariosanchez
35916,0,7,nixoncode
35917,0,10,SimonCqk
35918,0,4,mental2008
35919,0,11,levidurfee
35920,0,2,michidk
35921,0,11,hitluobin
35922,0,24,sunnypatel165
35923,0,35,endymecy
35924,0,6,halfmage
35925,0,2,duclongpl
35926,0,6,maybeShuo
35927,0,1,ev-dev
35928,0,8,deanmcpherson
35929,0,2,rebolomo
35930,0,13,dakshitagrawal97
35931,0,4,LDNN97
35932,0,16,LordRahl90
35933,0,8,agross
35934,0,2,Tanato
35935,0,20,artemnovichkov
35936,0,8,gerardo
35937,0,4,souzacristsf
35938,0,6,babilkuyusu
35939,0,7,pyama86
35940,0,28,Jia-HongHenryLee
35941,0,10,chancestrickland
35942,0,31,neopenx
35943,0,16,imdanielpiva
35944,0,55,faressoft
35945,0,1,dennisdt
35946,0,4,achalshah20
35947,0,12,sehgalayush1
35948,0,2,atwine
35949,0,77,damonare
35950,0,10,Danboru
35951,0,4,ryanpadilha
35952,0,4,jbailey4
35953,0,12,im-minion
35954,0,4,jangrui
35955,0,13,chenxingqiang
35956,0,1,burnpiro
35957,0,5,styler
35958,0,1,devqx
35959,0,12,simonburns
35960,230,2,cepalle
35961,0,59,nettofarah
35962,0,14,lazypower
35963,0,1,imonweb
35964,0,7,nerdneilsfield
35965,0,13,candidodmv
35966,0,5,emiddleton
35967,0,24,jerrybai1995
35968,0,13,ritwik12
35969,0,7,fantuz
35970,0,7,harenson
35971,0,13,liekkas
35972,0,12,angelobms
35973,0,11,jordic
35974,0,5,dhammikamare
35975,0,10,Freegle1643
35976,0,3,gbxu
35977,0,8,dunin
35978,0,2,MaxKorlaar
35979,0,37,adenijiayocharles
35980,0,3,daumie
35981,0,2,nodejser
35982,0,16,DPS0340
35983,0,3,blakecscott
35984,0,1,nonopolar
35985,0,3,abdasgupta
35986,0,1,cxbig
35987,0,14,shochdoerfer
35988,0,5,ahars
35989,0,24,Jaffrey98
35990,0,15,IanVS
35991,0,1,elliotschultz
35992,0,3,bryketos
35993,0,1,orlandobcr
35994,0,1,hywang1985
35995,0,4,sladewinter
35996,0,9,kneth
35997,0,20,dmil
35998,0,9,seanhagen
35999,0,27,kavyasoni
36000,0,8,pvgupta24
36001,0,10,0xdeafcafe
36002,0,1,counsellors
36003,0,1,CSharpRU
36004,0,3,demartini
36005,0,2,dratwas
36006,0,21,hackerrdave
36007,0,6,ZokiPokiDev
36008,0,53,bendrucker
36009,0,1,leoqihui
36010,0,6,anseee
36011,0,31,eecrazy
36012,0,19,petrosbountis
36013,0,2,abhiramm7
36014,0,2,kallydev
36015,0,2,QIUCHENGHUI
36016,0,17,taktoa
36017,0,3,ivarmlee11
36018,0,10,techpeace
36019,0,7,jetnew
36020,0,11,denzuko
36021,0,6,jackypan1989
36022,0,6,cbyniiaii
36023,0,13,db0sch
36024,0,15,lucaslg26
36025,0,2,plwai
36026,0,13,benmed00
36027,0,50,jmolivas
36028,0,17,aaguilerav
36029,0,2,dalonlobo
36030,0,41,atherdon
36031,0,5,Priyank57
36032,0,6,alanzhchou
36033,0,8,RupeshGoud
36034,61,1,jzgoda
36035,0,11,freefrancisco
36036,212,2,R1ZEN
36037,0,2,jinminhao
36038,0,2,AliRadmanesh
36039,0,1,ed00m
36040,0,5,JamCh01
36041,0,4,renatoosousa
36042,0,9,EmilyQiRabbit
36043,0,25,HarrisHan
36044,0,22,jeremybmerrill
36045,0,8,dhingratul
36046,0,9,dragonJACson
36047,126,2,snowshine09
36048,0,1,imerovingian
36049,0,5,elliottmangham
36050,0,2,VIKGO123
36051,0,10,Revel109
36052,0,3,imranashraf
36053,0,1,dominikmuller
36054,0,1,alxmiron
36055,0,100,shea256
36056,0,6,filalex77
36057,0,22,bryandeng
36058,0,4,raulmartins
36059,0,1,AaronChengHao
36060,0,9,Vervious
36061,0,5,LagunaISW
36062,0,4,hippieZhou
36063,0,10,diegonetto
36064,0,9,Fandekasp
36065,0,7,samiheikki
36066,0,19,eaton
36067,0,2,AlainMuller
36068,0,4,Fancy7777
36069,0,10,cuongtransc
36070,0,9,bosz
36071,0,7,gzzchh
36072,0,11,Bregor
36073,315,1,brw
36074,0,3,jafffy
36075,243,1,challvy
36076,0,10,luncliff
36077,0,14,kuroski
36078,0,6,constantm
36079,0,6,Coordinate36
36080,0,2,skhe
36081,0,37,justin808
36082,0,11,tannineo
36083,0,1,gpeegpee
36084,0,4,rafagarciac
36085,0,4,crashuniverse
36086,0,1,Razoli
36087,0,8,Doweig
36088,0,27,adhulipa
36089,0,5,emrullah3737
36090,0,22,lfreneda
36091,0,23,ateexD
36092,0,22,singcl
36093,0,9,brettlangdon
36094,0,2,dkorobtsov
36095,0,3,mayurmadnani
36096,0,7,Thomas080304
36097,0,3,brian-yu
36098,0,93,muzi-8
36099,0,35,davidcelis
36100,0,25,noootown
36101,0,5,imsukmin
36102,0,8,ooooookur
36103,0,3,luiscruz
36104,0,5,BacooTang
36105,0,67,Swader
36106,0,2,Jbiloki
36107,0,24,juneqch
36108,0,24,jonathanpmartins
36109,0,1,michaelmota
36110,0,1,activesun1982
36111,0,7,nsgrantham
36112,0,4,IsuraNimalasri
36113,0,71,pinceladasdaweb
36114,0,16,lluxury
36115,0,10,hanpanpan200
36116,0,1,VladimirTaytor
36117,0,3,osuketh
36118,0,34,phantomk
36119,0,8,MikeLegemah5799
36120,0,5,94haox
36121,0,3,GreenPioneer
36122,0,2,matthiaskoenig
36123,0,9,duttashi
36124,0,1,marcusRB
36125,0,4,ethanywang
36126,0,26,elsewares
36127,0,3,jonathancbarros
36128,0,31,robmorgan
36129,0,4,Alibner
36130,0,12,tedyoung
36131,0,7,dsoprea
36132,0,4,gfpaiva
36133,0,9,HectorIFC
36134,0,5,rudilee
36135,0,25,eko
36136,0,18,GhitaB
36137,0,1,sdmunozsierra
36138,0,4,apratap
36139,0,2,PatrickLai7528
36140,0,3,rohanpassi
36141,0,3,arunabh15091989
36142,0,16,oscarcpozas
36143,124,2,dkvasani
36144,0,22,CurtisLiong
36145,0,2,oakromulo
36146,0,3,navierula
36147,0,6,benjaminbartels
36148,0,126,johno
36149,0,6,censujiang
36150,0,4,sifxtreme
36151,0,5,jsricarde
36152,0,5,Pypy233
36153,0,1,jako3414
36154,0,8,Vizards
36155,0,1,fat-fighter
36156,0,7,juniortada
36157,0,8,DaDaMrX
36158,0,11,rakibtg
36159,0,9,jvkassi
36160,0,1,popabczhang
36161,0,6,robertov82008
36162,0,8,Winnie1003
36163,0,14,dofy
36164,0,16,DONGChuan
36165,0,6,erwstout
36166,0,5,saurabhrpi
36167,0,10,jvt
36168,0,2,cakmakaf
36169,0,18,ashishtele
36170,0,2,gassantos
36171,0,8,matjack1
36172,0,3,RobertoBarros
36173,0,17,eagleeye
36174,0,2,GabrielSandoval
36175,0,4,kjunichi
36176,0,19,milkice233
36177,0,5,cgd306948366
36178,0,2,gengue
36179,213,2,galfaroi
36180,0,2,riszw
36181,0,5,iamdidev
36182,0,19,CheYulin
36183,0,22,pikeszfish
36184,0,1,smack0007
36185,0,1,b0gok
36186,0,17,hostelix
36187,0,17,firejune
36188,0,4,tekindermisel
36189,0,3,brettwhitty
36190,0,8,dsabanin
36191,0,9,JoeStanton
36192,142,3,nkxujun
36193,0,4,LukeTully
36194,0,3,FerjoCode
36195,0,3,samdubey
36196,0,12,AlefeVariani
36197,0,4,eastFu
36198,0,5,fstoerkle
36199,0,3,hxfdarling
36200,0,12,ahmedmaazin
36201,0,9,lourenzo
36202,0,1,nate-eisner
36203,0,13,lvxiaoxin
36204,0,7,justgage
36205,0,7,pengfeis
36206,0,12,adamrights
36207,0,5,sleepycat
36208,0,55,jkpang
36209,0,10,Romainpetit
36210,0,1,ikki407
36211,0,3,Raiper34
36212,0,9,mabirck
36213,0,1,alphawq
36214,0,3,fat-max
36215,0,19,dodyg
36216,0,3,flyingbest
36217,0,4,DanielUche
36218,0,3,c0z0
36219,0,1,Caolvxiong
36220,0,5,oliviaoddo
36221,0,7,HangYang
36222,0,2,pgreze
36223,0,1,mwcm
36224,0,21,alexis-jacq
36225,0,13,AziziShekoofeh
36226,0,10,mort3za
36227,0,5,kkuzar
36228,0,5,gau820827
36229,0,1,Sigmanor
36230,0,34,shamansir
36231,0,21,faisalman
36232,0,12,bilalunalnet
36233,0,8,AkhilPunia
36234,0,3,rorogarcete
36235,0,6,Ruanxingzhi
36236,0,2,FriedRonaldo
36237,0,8,Yaaqoub
36238,0,10,Martijnde
36239,0,52,meltingice
36240,0,3,rajsingh8220
36241,0,12,dimitriwalters
36242,0,5,kpapadatos
36243,0,5,davidscolgan
36244,0,9,lightning-zgc
36245,0,1,justintime4tea
36246,0,3,krowinski
36247,0,2,abbassiddiqi
36248,0,6,gmponos
36249,0,15,firdausious
36250,0,56,DhavalKapil
36251,0,5,nkzxw
36252,0,48,dewski
36253,0,1,ghandic
36254,0,26,msdundar
36255,0,8,johncadengo
36256,0,3,fengshengsong
36257,0,4,patthiel
36258,0,3,javyxu
36259,0,10,socheatsok78
36260,0,5,kntmrkm
36261,0,8,DendiSe7enGitHub
36262,0,7,sadrzadehsina
36263,0,8,saikrishna-kanneti
36264,0,4,carly-lee
36265,0,1,sanchaez
36266,0,21,keripix
36267,0,8,seanyesmunt
36268,0,7,niyingfeng
36269,0,2,rishabhnambiar
36270,0,1,tditlu
36271,0,4,standayweb
36272,0,2,johnny-dash
36273,0,4,chales
36274,0,5,nsteenv
36275,0,44,gnarf
36276,0,2,kaaloo
36277,0,14,CaiqueMitsuoka
36278,0,2,mcahriman
36279,0,24,WaleedAshraf
36280,0,3,alinalexa
36281,0,25,mauscoelho
36282,0,12,henryhardy
36283,0,36,bossofcode
36284,0,1,TannerReynolds
36285,0,5,maschad
36286,0,4,ntung
36287,0,2,jaycech3n
36288,0,13,jimwmg
36289,0,589,Trinea
36290,0,3,acmiyaguchi
36291,255,2,Kilenaitor
36292,0,37,luofuli
36293,0,59,joy0304
36294,0,3,drwatsno
36295,0,1,lijinshanmx
36296,191,1,kevotovar
36297,82,1,abuddiga
36298,0,31,hkulur
36299,0,1,JulianLiederer
36300,0,27,erdemoflaz
36301,0,5,RocKordier
36302,0,2,rafaelspecta
36303,0,2,buzzdan
36304,0,3,bejondshao
36305,0,14,dtaniwaki
36306,0,1,littlefis
36307,0,3,erikhenriq
36308,0,3,JarvisYuan
36309,0,1,ketul93
36310,0,8,fuujiro
36311,0,4,lee101
36312,0,1,ashukid
36313,0,1,owen9825
36314,0,4,kalebdf
36315,0,2,fajarlabs
36316,0,3,MoritzGruber
36317,0,2,keithbox
36318,0,24,pedrotcaraujo
36319,0,27,marciotoledo
36320,0,7,liaojunhao
36321,0,2,letitbevi
36322,0,3,kurttheviking
36323,0,30,reverland
36324,0,6,pjg
36325,0,17,bnerDY
36326,0,63,laiwei
36327,0,3,adwerrd
36328,0,1,mbhybird
36329,0,4,hongjic
36330,0,4,azelalynetan
36331,0,2,fladson
36332,0,7,FlorianBruniaux
36333,0,17,malgamves
36334,0,15,brianherbert
36335,0,5,simdi
36336,0,45,lefex
36337,0,110,ColinEberhardt
36338,0,3,shallowclouds
36339,0,28,daonhan
36340,0,6,LukasMasuch
36341,0,1,rexlintc
36342,0,4,icodingc
36343,0,13,rafaelmotta
36344,0,28,johninvictus
36345,0,5,godban
36346,0,2,thaoms
36347,0,16,mechanicles
36348,0,9,arnaudbesnier
36349,0,8,burtonsamograd
36350,0,6,NishikinoKKi
36351,281,2,razondpro
36352,0,3,Hishengs
36353,0,4,christianbuck
36354,0,6,HuangJi
36355,0,1,mjniuz
36356,0,3,henrychavez
36357,0,7,isacmoura
36358,0,3,surajsubudhi10
36359,0,8,pichuang
36360,0,4,pokk
36361,0,1,Maskime
36362,0,1,rodolfogordo10
36363,0,41,ctlllll
36364,0,2,crazytaxii
36365,0,49,Shipu
36366,0,1,Dreamy-Jy
36367,0,7,AntonTrollback
36368,0,2,CuiXiaoDao
36369,0,4,abyoussef
36370,0,4,nicolastrres
36371,0,2,Lvious
36372,0,4,asierra01
36373,0,23,dhilipsiva
36374,0,19,sandiprb
36375,0,5,adrijere
36376,0,6,medivhzhan
36377,0,5,SaltedFishLZ
36378,0,7,edawson
36379,0,4,d2207197
36380,0,3,sophielevens
36381,0,4,joegreen88
36382,0,63,prateekiiest
36383,0,1,kamal11k
36384,0,5,EricHug
36385,0,2,FelschR
36386,0,7,dragon-liu
36387,0,1,arkuhn
36388,0,26,mijustin
36389,0,62,AndriiTsok
36390,0,6,drah-kah-ris
36391,0,2,Adam42
36392,0,3,husentoding
36393,0,1,dezang
36394,0,2,pdswan
36395,0,1,kentaroy47
36396,0,2,rbaygildin
36397,0,2,csy1998
36398,0,37,DiptarkBose
36399,0,3,phfilly
36400,0,38,WeRockStar
36401,0,7,mbtamuli
36402,0,12,rahulravindran0108
36403,0,10,bazingaedward
36404,0,49,Aaaaaaaty
36405,0,11,orsinium
36406,0,3,jeevandongre
36407,0,1,karlmcguire
36408,0,3,AbhiOnGithub
36409,0,3,Shaun2D2
36410,0,6,takefumi-yoshii
36411,0,6,gustavobio
36412,123,1,Gideon877
36413,0,5,openGeeksLab
36414,0,2,Kelbster
36415,0,1,scrummitch
36416,0,4,shenjl
36417,0,6,kshitijzutshi
36418,0,10,dimaslz
36419,0,6,sayamkanwar
36420,0,28,jfilter
36421,0,4,sjnonweb
36422,0,3,lonelyhentai
36423,0,5,dills122
36424,0,12,ablunier
36425,0,46,sachincool
36426,0,88,spences10
36427,0,19,KerryFu
36428,0,11,shuiqing301
36429,0,1,goldylucks
36430,0,7,mxz96102
36431,0,4,CodefulDom
36432,0,2,beneficialmedia
36433,0,30,herrbischoff
36434,0,2,MSWagner
36435,0,36,lawrencedark
36436,0,5,gartho
36437,0,2,jangevaare
36438,0,6,GGGHub
36439,0,3,ashfaqshuvo007
36440,0,1,buaazhwb
36441,0,1,RoketteS
36442,0,2,carlmcdade
36443,0,16,t04glovern
36444,0,8,jk-gan
36445,0,7,PatrickHuetter
36446,0,7,iiDestiny
36447,0,1,flyrui316
36448,0,31,eggswift
36449,0,12,sneeu
36450,0,6,iiCe89
36451,0,49,savepopulation
36452,0,1,sirchamallow
36453,0,9,Anubhav722
36454,0,5,lianera
36455,0,5,Oshuma
36456,0,3,mengyuest
36457,0,6,NtimYeboah
36458,0,8,chooblarin
36459,0,10,chenweifang4
36460,0,1,noamteyssier
36461,0,2,WenshyDreamPenta
36462,0,3,hoseahsu
36463,0,1,jonathanpglick
36464,0,7,WenryXu
36465,0,7,alinalebron
36466,0,4,falehenrique
36467,0,2,cwplus
36468,0,178,eriklindernoren
36469,0,26,DiSiqueira
36470,0,5,SimonDEvans
36471,0,41,bobwei
36472,0,16,cema-sp
36473,0,43,limberc
36474,0,7,kbrgl
36475,0,1,rcrosado
36476,0,2,lloyar
36477,0,4,p410n3
36478,0,3,ranrolls
36479,0,3,AdiVarma27
36480,0,2,MSopranoInTech
36481,0,4,lipeijuan0520
36482,0,11,jaesik817
36483,0,1,mw999
36484,0,6,inf0rmer
36485,0,6,ahmedkhan847
36486,0,36,staralloff
36487,0,8,jamersonsilva
36488,0,8,rodrigopasc
36489,0,3,Sagar-Rao
36490,0,2,rajibdpi
36491,0,14,brianray
36492,0,4,lewis-geek
36493,0,9,aigdonia
36494,0,3,mashintsev
36495,0,16,JohnDDuncanIII
36496,0,20,alessandrofeitoza
36497,0,3,ayonel
36498,0,1,icjl
36499,0,23,micheltlutz
36500,0,1,seokbeomKim
36501,99,2,ArseniPachkovski
36502,0,3,tanayseven
36503,0,28,chamerling
36504,0,20,ShixiangWang
36505,0,6,Codesleuth
36506,0,2,cougil
36507,0,1,and3rson
36508,0,3,eusoubrasileiro
36509,0,2,hongyuanyu
36510,0,10,guanyingc
36511,0,16,globsecure
36512,0,1,HimanshuArora1234
36513,0,9,Dohppak
36514,0,58,andrewsfg
36515,0,13,techytushar
36516,0,3,GrayKing
36517,36,3,chunyou0830
36518,0,14,Bluestar123
36519,0,4,otokunaga2
36520,0,32,devmoses
36521,0,2,DavidHavl
36522,0,1,RitwikSaikia
36523,0,6,bluszcz
36524,0,10,Keith-CY
36525,0,12,cavedweller
36526,0,10,Lissy93
36527,0,1,chris-data
36528,0,197,rayyee
36529,0,20,paulooosrj
36530,0,10,nspangbo
36531,0,4,jevy
36532,0,58,FloorD
36533,0,2,shirohana
36534,0,7,ishansd94
36535,0,9,popeyelau
36536,0,1,mal90
36537,0,4,stamhe
36538,0,6,mhkz
36539,0,14,dalma
36540,0,3,CSKrishna
36541,0,10,blackman5566
36542,0,24,corburn
36543,0,6,francescotrucchia
36544,0,13,myhirra
36545,0,6,maplehsu
36546,0,7,pyymenta
36547,0,11,b00giZm
36548,0,10,meal
36549,0,21,Lxxyx
36550,0,7,coderofsalvation
36551,0,25,pditommaso
36552,0,4,dschaper
36553,0,44,ccmelas
36554,0,6,YK-Unit
36555,0,2,lingfliu
36556,0,6,benevolent0505
36557,0,2,0101011
36558,0,3,akshaymohite
36559,0,104,rich-iannone
36560,0,17,maximousblk
36561,0,12,kinsliy
36562,0,19,jinjiaji512
36563,0,9,browner12
36564,0,1,chadlwm
36565,0,3,hundredlee
36566,0,16,AntoineAugusti
36567,0,1,EvertonTomalok
36568,0,32,olizilla
36569,0,10,davidroyer
36570,0,5,Writtic
36571,0,1,HadenSun
36572,0,87,stephencelis
36573,0,55,knownasilya
36574,0,14,patr1ckm
36575,0,7,thiagolopes
36576,0,4,lijingxiu
36577,0,4,JackZong
36578,0,292,paulmillr
36579,0,7,the-akira
36580,0,11,Akarshit
36581,0,97,RobertoAlbino
36582,0,54,sayedrafeeq
36583,0,2,debel
36584,0,5,jlthai
36585,0,6,PhilETaylor
36586,0,36,andrewda
36587,0,3,miteshmap
36588,0,1,cbachini
36589,0,9,Jma353
36590,227,2,Bin-Chen-Lab
36591,0,1,khanhdodang
36592,0,23,SouravInsights
36593,0,4,poteirard
36594,0,1,Wurmloch
36595,0,3,felipepucinelli
36596,0,2,accr
36597,0,1,AKBoles
36598,0,20,Fenscode
36599,0,5,clamorious
36600,0,2,nmarcetic
36601,0,10,brentjanderson
36602,0,21,duttakapil
36603,0,3,ronflima
36604,0,7,teslaji
36605,0,1,matasuke
36606,196,2,lamhoangtung
36607,0,20,miguelpeixe
36608,0,60,brunopulis
36609,0,1,VladimirAndropov
36610,0,10,abhiskaushik
36611,0,9,chrpeter
36612,0,5,BenMaruchu
36613,0,2,hotzenklotz
36614,0,6,nitesh009
36615,0,3,alexjjassuncao
36616,0,12,leobiscassi
36617,0,3,josecarlosweb
36618,0,13,jonsherrard
36619,0,1,idmeneo
36620,0,206,Kyubyong
36621,0,25,chafel
36622,0,1,asimonf
36623,0,21,rafszul
36624,0,4,runningIris
36625,0,11,tiandawu
36626,0,14,josepostiga
36627,0,8,Yannyezixin
36628,0,1507,SuriyaaKudoIsc
36629,0,22,steevivo
36630,0,3,maktarsis
36631,0,10,chrisjaure
36632,0,7,galletti94
36633,0,1,rogerthoang
36634,0,24,chihyaoma
36635,0,5,impupindersingh
36636,0,5,charlenezheng
36637,0,48,eivindml
36638,0,2,f3ndot
36639,0,4,phattv
36640,0,4,Puneet2000
36641,0,2,chanonpingpong
36642,0,17,leninpaulino
36643,0,2,andreas83
36644,0,4,KelvinWanyama
36645,0,5,jonisar
36646,0,7,L34p
36647,0,1,nicolasSchirmer
36648,0,81,sujinleeme
36649,0,11,ruipenso
36650,0,5,taurenshaman
36651,0,6,didoudesigner
36652,0,2343,rfthusn
36653,0,1,994047477
36654,0,5,JonathanSchwob
36655,0,1,simonprickett
36656,0,8,semihalev
36657,0,2,teamrit
36658,0,4,fly2wind
36659,0,21,BIGBird1994
36660,0,2,micahnyc
36661,0,31,henrytao-me
36662,0,2,Nevergiveupp
36663,0,4,Ciboulette
36664,0,1,imcamilo
36665,0,61,deepsweet
36666,0,4,ahawker
36667,0,15,punitvara
36668,0,56,simensen
36669,0,1,aurangzaib
36670,0,15,kj415j45
36671,0,2,net-sniper
36672,0,5,mandarenmanman
36673,0,8,YaoZeyuan
36674,0,4,d1manson
36675,0,3,62Gerente
36676,0,3,Sardhendu
36677,0,2,aivxyz
36678,0,6,kindule
36679,0,1,scrummer
36680,0,18,robink
36681,0,21,kaituoxu
36682,0,1,JachinM
36683,0,3,babyak
36684,0,3,pkusp
36685,0,5,rahulpnath
36686,0,2,abhishek97
36687,0,3,iida-hayato
36688,0,6,jonathanfallon
36689,0,3,qinguanri
36690,0,26,ffreitasalves
36691,0,3,az
36692,0,10,joostvanveen
36693,0,12,emaincourt
36694,0,13,TSMMark
36695,0,3,mateioprea
36696,0,2,terribleplan
36697,0,8,dcarbone
36698,183,2,Raven603
36699,0,16,juliend2
36700,0,5,richie-south
36701,0,5,SiddharthTiwari
36702,0,7,excenter
36703,0,13,fay-jai
36704,0,5,exception
36705,0,1,Marcosul
36706,0,1,jottenlips
36707,0,6,mazhar266
36708,0,29,hos4m
36709,0,60,rxluz
36710,0,2,RaulNovelo
36711,0,3,HuyTu7
36712,0,10,gobengo
36713,104,2,cow8
36714,0,4,hamdimiled
36715,0,11,Schachte
36716,0,3,aydinsenturkk
36717,0,7,subodh-malgonde
36718,0,37,teofiluscandra
36719,0,1,niccottrell
36720,0,73,BestDingSheng
36721,0,8,IAmSuyogJadhav
36722,0,10,jessemelpolio
36723,0,3,Sanit1
36724,0,10,evandroeisinger
36725,0,19,summershrimp
36726,0,17,amanchandra333
36727,0,4,olegs
36728,0,7,cvd
36729,0,24,dfischer
36730,0,10,herofei
36731,0,65,pantuza
36732,0,4,miladkdz
36733,0,20,karolinelemos
36734,0,22,thomasJang
36735,0,1,luizfelipescout
36736,0,29,showonne
36737,0,2,SaladFork
36738,0,9,skyhiter
36739,0,3,Gladysgong
36740,0,29,akiyamaSM
36741,0,44,Latube
36742,0,9,kitian616
36743,0,82,heynemann
36744,0,18,hengfengli
36745,0,3,shijiatongxue
36746,0,16,AndrewDryga
36747,0,52,idettman
36748,0,3,qiukeren
36749,0,1,frankwtm94
36750,0,21,KingNigel
36751,0,1,MatrixHero
36752,0,3,ihorsahaydak
36753,0,6,sadovnychyi
36754,0,1,Rubiel1
36755,0,2,morbeo
36756,0,2,luyixin
36757,0,5,bibekshakya35
36758,0,51,kookxiang
36759,0,9,bobogogo1990
36760,0,4,Lukasdias
36761,0,65,colingourlay
36762,0,1,juntaki
36763,0,8,DanyFS
36764,0,1,AbhinavDobhal
36765,0,3,a1049145827
36766,0,7,johanricher
36767,0,1,rohitnair987
36768,0,11,lleohao
36769,0,1,azerturk
36770,0,2,Haemp
36771,0,9,JeremyCCHsu
36772,0,139,sahildua2305
36773,0,8,natee
36774,0,1,PabTorre
36775,0,4,pies
36776,0,18,thapakazi
36777,0,15,if1live
36778,0,7,BinHeRunning
36779,0,4,perara
36780,0,3,fengsong97
36781,0,8,jschluchter
36782,0,1,OmidRafiee
36783,0,18,SimonRichardson
36784,0,1,thekuzia
36785,0,36,fangpenlin
36786,0,2,pashae
36787,0,2,selimppc
36788,0,179,lcxfs1991
36789,0,3,ryanemax
36790,0,584,bvaughn
36791,0,5,kbb522
36792,0,1,strap8
36793,0,6,GitHublsh
36794,0,5,pannirbr
36795,0,2,KayTV
36796,0,8,Microbiology
36797,0,15,detro
36798,0,3,dvakatsiienko
36799,0,91,DamonOehlman
36800,0,8,akashyssboddeda
36801,0,32,silentnull
36802,0,6,shashwatbhatt
36803,0,11,coyawa
36804,0,29,DequanWang
36805,0,5,RTechSoft
36806,0,4,rgcl
36807,0,2,bilguun
36808,0,4,hamed-farag
36809,0,19,Masquerade0097
36810,0,17,mvidaurre
36811,0,10,openset
36812,0,2,siteations
36813,0,7,ifgyong
36814,0,22,greg0ire
36815,0,10,iamfaith
36816,0,10,chandlerroth
36817,0,2,Arcath
36818,0,30,newswim
36819,0,367,JamesLinus
36820,0,6,hitdavid
36821,0,2,tearfulDalvik
36822,0,1,Dynom
36823,0,6,tejainece
36824,0,13,JoaquimLey
36825,0,2,MaiNick
36826,0,7,davidenke
36827,0,21,geggleto
36828,0,6,SubhrajitPrusty
36829,0,3,hirasaki1985
36830,0,7,sureshvignesh
36831,0,21,gizak
36832,0,4,loftusa
36833,0,7,SauloNunes
36834,0,51,jarusified
36835,0,5,parabellumsky
36836,0,6,Neojoke
36837,0,90,DrkSephy
36838,0,5,cagataymuhammet
36839,0,48,shenzekun
36840,0,2,lifubang
36841,0,3,georgemakrakis
36842,0,2,faulker
36843,0,3,Anshdesire
36844,0,28,RayCourant
36845,0,3,DRBragg
36846,0,7,ailzy
36847,0,1,blanklin030
36848,195,2,kemacdonald
36849,0,10,szxSpark
36850,0,3,hubciorz
36851,0,3,rokerkony
36852,0,34,snowkylin
36853,0,4,IamSantoshKumar
36854,0,1,Paulooze
36855,0,8,imamsutono
36856,0,4,Renfos
36857,0,25,camilosampedro
36858,0,1,ezfe
36859,0,6,artificialsoph
36860,0,29,UNDERCOVERj
36861,0,3,fpetitit
36862,0,10,markwk
36863,0,8,dynamicheart
36864,0,1,stjlaex
36865,0,8,lgomez
36866,0,1,Deltachaos
36867,0,2,cityhunter007
36868,0,9,fc-dream
36869,0,28,kunalvarma05
36870,0,9,bbrks
36871,0,2,cpjobling
36872,0,3,moonbridgegames
36873,0,17,garydai
36874,0,10,carloscabo
36875,0,16,pererinha
36876,0,5,PedramNavid
36877,0,4,jeroenwtf
36878,0,4,alea12
36879,0,8,Wing-Li
36880,0,1,ferhat00
36881,0,8,sLakshmiprasad
36882,0,1,qiaoruntao
36883,0,10,Nishant3815
36884,0,3,IsaacAbrahamson
36885,0,1,katiejiang
36886,0,16,alexjunior012
36887,0,3,raghavgoyal14
36888,0,3,fcaldera
36889,0,27,josenaves
36890,0,3,diegomarangoni
36891,0,9,shuson
36892,0,3,danielckv
36893,0,3,sainsb
36894,0,57,cchitsiang
36895,0,6,mjethani
36896,0,4,Mr-rxz
36897,0,1,mhhabdelwahab
36898,0,8,hamzakc
36899,0,2,roksolana-d
36900,0,2,nigelwtf
36901,0,10,chrismear
36902,0,29,duemunk
36903,0,1,SPGoding
36904,0,27,rafaelverger
36905,0,8,nguyenquangminh0711
36906,0,36,shabbir-ahmed
36907,0,9,brunobc182
36908,0,3,abhishekupadhyaya
36909,0,59,samundrak
36910,0,5,melvin2016
36911,0,4,FranciscoGutierrez
36912,0,15,georgemandis
36913,0,16,cagartner
36914,0,27,jeisc
36915,0,6,brianjo
36916,0,12,thushv89
36917,0,5,peilundai
36918,0,13,leonlee
36919,0,9,henriquelalves
36920,0,68,sebastiandedeyne
36921,0,39,loo2k
36922,0,7,deyuhua
36923,0,5,fangbing0565
36924,0,2,rafifos
36925,0,5,charlesCXK
36926,0,18,Jaganpro
36927,0,58,rickyes
36928,0,3,fanghao6666
36929,0,5,odobenuskr
36930,0,2,pan269
36931,0,2,ajcrowe
36932,0,3,karlcarstensen
36933,0,4,simplefeel
36934,0,55,BowieHsu
36935,0,12,cheng-kang
36936,0,8,satishp962
36937,0,10,calclavia
36938,0,6,nathanjordan
36939,0,4,sdaza
36940,0,15,davojta
36941,0,17,ijacksonliu
36942,0,3,munikarmanish
36943,0,15,kirrg001
36944,0,3,dwrodri
36945,0,4,robertzhai
36946,0,5,morisasy
36947,0,12,shubs
36948,0,4,fernandogiovanini
36949,0,4,dkapitan
36950,0,7,PoundKey
36951,0,20,liamgriffiths
36952,0,34,morizotter
36953,0,40,Bosn
36954,0,8,dekekincaid
36955,0,13,developer-mayuan
36956,0,4,mxaddict
36957,0,3,FranciscoKnebel
36958,0,1,dasarianudeep
36959,0,89,mvp18
36960,0,15,ohmystack
36961,0,9,mikhaildubov
36962,0,27,arghyadeep99
36963,0,3,jakubhomoly
36964,0,11,Donkey-Tao
36965,0,4,caimichael
36966,0,2,horozco
36967,0,2,ruthearle
36968,0,14,shahrukhx01
36969,0,1,helmuthva
36970,0,2,MariusMez
36971,0,29,movinghorse
36972,0,1,markthom-as
36973,0,26,realEago
36974,0,14,cotelha
36975,0,2,lItc0de
36976,0,7,chongkong
36977,0,46,ezavile
36978,0,5,joehandzik
36979,0,4,csprance
36980,0,1,Coopeh
36981,0,4,bicpi
36982,0,10,MisaelCalvillo
36983,0,3,ivonzhang
36984,0,42,fangchangma
36985,0,2,LucasHelal
36986,0,4,ankitpati
36987,0,16,mageed
36988,0,15,freuk
36989,0,16,iCEAGE
36990,0,9,lestinYin
36991,0,5,Allen-Shao
36992,0,1,fillipeamorim
36993,0,5,chrispanag
36994,0,3,elrickvm
36995,0,7,mksarge
36996,0,3,boudydegeer
36997,0,25,lefant
36998,0,33,angelfreedomv
36999,0,4,chungying
37000,0,3,RichardSmedley
37001,0,12,shashashasha
37002,0,1,lijiakof
37003,0,14,gogobebe2
37004,0,20,LaurentGoderre
37005,0,12,lambda2
37006,0,4,shirlim
37007,0,16,abdullahicyc
37008,0,8,juliends
37009,0,31,GISerDaiShaoqing
37010,0,5,alexsandrospecht
37011,0,3,s2k
37012,0,4,mehul-singhal
37013,0,3,movoin
37014,0,13,loringheart
37015,0,7,abedmurrar
37016,0,1,alexkazantsev
37017,0,1,MaxMcKinney
37018,0,8,jshjohnson
37019,0,31,A5hleyRich
37020,0,25,connorhartley
37021,0,37,nicolas-daniel
37022,0,14,davidedantonio
37023,0,5,aayush6897
37024,0,2,AbhiiGatty
37025,0,11,mmozuras
37026,0,29,sharanry
37027,0,13,lonelyclick
37028,0,11,nanjunxiao
37029,0,4,kanikel
37030,0,2,jlsan92
37031,0,24,jsoma
37032,0,6,mekanics
37033,0,1,chriscauley
37034,0,4,fudannlp16
37035,0,6,eeegor
37036,0,6,jasonkellydk
37037,0,1,hidayatarg
37038,0,24,2xAA
37039,0,6,habibun
37040,0,4,jackokaiser
37041,0,12,royshouvik
37042,0,9,Lcharvol
37043,0,59,boennemann
37044,0,44,hex-ci
37045,0,33,henriquecustodia
37046,0,1,ayush987goyal
37047,0,6,novabyte
37048,0,19,SteveViss
37049,0,31,kunkun12
37050,0,1,BrunoGrifo
37051,0,1,ChenWentai
37052,0,2,22w2w2
37053,329,1,peter-ohara
37054,0,12,gauravsaini03
37055,0,4,datianshi21
37056,0,34,mukeshthawani
37057,0,40,ccheever
37058,0,1,fahmisalman
37059,0,5,gratiaa
37060,0,4,shilomagen
37061,0,4,austingg
37062,0,2,Lapaboy
37063,0,2,dcmartin
37064,0,4,artoodeeto
37065,0,3,NeloyNSU
37066,0,19,ryanfb
37067,0,2,mcgivrer
37068,0,5,myselfHimanshu
37069,0,12,10kc-zack
37070,0,6,LogicalOgbonna
37071,0,7,Ikaris-a
37072,0,4,Vigilans
37073,0,2,mkoczka
37074,0,5,MBKwon
37075,0,13,mqy1023
37076,0,8,dayitv89
37077,2,2,gao-sun
37078,0,10,bozd4g
37079,0,2,robomotic
37080,0,16,blackecho
37081,0,2,ita9naiwa
37082,0,35,jamiew
37083,0,4,Max-Liu
37084,0,2,FioneraGH
37085,0,15,mplacona
37086,0,57,debugger22
37087,0,57,64octets
37088,0,1,gartenfeld
37089,0,2,roydejong
37090,0,44,Sumith1896
37091,0,1,dnnsldr
37092,0,35,alexruperez
37093,0,3,alexshi0000
37094,0,7,jakzaizzat
37095,0,11,michaelwschultz
37096,0,4,Fdevmsy
37097,0,6,iFeras93
37098,0,3,kuchhadiyaa
37099,0,29,chilts
37100,0,12,TimZaman
37101,0,4,atjhoendz
37102,0,1,igoofyy
37103,0,2,sergiohermes
37104,0,5,ZsgsDesign
37105,0,3,ChrisTerBeke
37106,0,20,markoheijnen
37107,0,359,suissa
37108,0,9,mokemokechicken
37109,0,19,rickbarraza
37110,0,5,hpparvi
37111,167,1,marioteik
37112,0,9,joshuachestang
37113,0,3,teameh
37114,0,8,ehocchen
37115,0,4,nazar
37116,0,31,joseph-zhong
37117,0,15,lalitmee
37118,0,5,rvanlaak
37119,0,2,remcoros
37120,0,1,celisun
37121,0,3,alexvlima
37122,0,1,lorranpego
37123,0,9,leeyongit
37124,0,8,gkaimakas
37125,0,2,Alyyyyyy
37126,0,1,MarijnJABoer
37127,0,4,choasup
37128,0,12,MLDroid
37129,0,5,fsamin
37130,0,3,mohamedsabil83
37131,0,2,AymaxLi
37132,0,4,Xusine1131
37133,0,3,qianch
37134,0,10,Msanjayds
37135,0,2,fuying-wang
37136,0,3,adamzolyak
37137,0,6,theomessin
37138,0,54,dengnan123
37139,0,45,korymath
37140,0,2,benjaminrau
37141,0,16,abelborges
37142,0,3,chenzhangyu
37143,288,1,teppah
37144,0,3,agcorrea
37145,0,75,microzz
37146,0,10,elaijuh
37147,0,60,orca-zhang
37148,0,2,eagerming
37149,0,4,shizhaojingszj
37150,0,11,Mpaperlee
37151,0,16,patrickandre
37152,0,5,anlek
37153,0,1,erkjbro
37154,0,5,kakshay21
37155,0,6,gajanlee
37156,0,2,Nearhan
37157,0,39,dubems
37158,0,4,thenbsp
37159,0,3,Templum
37160,0,22,jasoet
37161,0,45,switer
37162,0,24,tgalopin
37163,0,1,chrisrijos
37164,0,37,p-chan
37165,0,1,MemoryReload
37166,0,2,im
37167,0,2,tbarbanti
37168,0,3,mahmoudsaeed
37169,0,13,Naman-ntc
37170,0,44,nearxu
37171,0,8,ejdelmonico
37172,0,5,DavidBiesack
37173,0,2,juanjzb
37174,0,3,samfeder
37175,0,32,brunob182
37176,0,2,cschuff
37177,0,6,charukiewicz
37178,0,1,Destroy666x
37179,0,2,lucasestevao
37180,0,16,ckken
37181,0,11,ridixcr
37182,0,2,11808s8
37183,0,3,dsisconeto
37184,0,3,srjit
37185,0,1,850361813
37186,0,6,amalhanaja
37187,0,7,nramirez
37188,0,7,ribafs
37189,0,11,OnlyRefat
37190,0,1,alphanumeric0101
37191,0,3,barisbora
37192,0,9,kuangmeng
37193,0,197,sevilayha
37194,0,23,francescomalatesta
37195,0,50,dkorolev
37196,0,5,davidmartinezfl
37197,0,6,eliassoares
37198,0,26,miccycn
37199,0,1,matthewaveryusa
37200,0,17,Anenth
37201,0,1,bedantaguru
37202,0,3,kbadk
37203,0,2,anneschuth
37204,0,2,cseale
37205,0,2,4knahs
37206,0,9,Estheroy
37207,0,2,Montana
37208,0,5,fengyudaoxiang
37209,0,14,anh072
37210,0,24,franksoong
37211,245,3,mschinis
37212,0,1,kus
37213,0,11,PerseveranceZ
37214,0,5,isdzulqor
37215,0,18,fpigeonjr
37216,0,7,YuJiang01
37217,0,4,3ammor
37218,0,1,Smona
37219,0,6,moataznabil
37220,0,1,djhopper01
37221,206,2,nicolasmelo1
37222,0,3,g0d
37223,0,4,gok03
37224,0,11,AdrianBZG
37225,0,5,orbeckst
37226,0,3,GaetanoCarlucci
37227,0,6,kbond
37228,0,7,JoeDoyle23
37229,0,3,Niedzwiedzw
37230,0,13,jasperck
37231,0,3,gitaeks
37232,0,2,endaye
37233,0,14,dariusstrasel
37234,0,73,bueltge
37235,52,2,Benybrahim
37236,0,1,mixalezhnev
37237,0,3,SuchAQuteBoy
37238,64,1,akanieski
37239,0,1,atong01
37240,0,9,aaronogan
37241,0,1,geordidearns
37242,0,2,dxz149
37243,0,17,FocusLyn
37244,0,7,cdl
37245,0,3,Imyukehan
37246,0,12,ismaild
37247,0,6,Spasi
37248,0,41,bqevin
37249,0,6,Tarnaph
37250,0,1,femibiwoye
37251,0,4,Meekohi
37252,0,6,Fendo181
37253,0,32,DivineDominion
37254,0,1,adamstrawson
37255,0,2,rdgms
37256,0,8,rluena
37257,0,2,developerdino
37258,0,6,XiangJi
37259,0,5,shulard
37260,0,19,livimonte
37261,0,6,lorrylockie
37262,0,23,doomzzju
37263,0,19,portertech
37264,0,7,gokuldh
37265,0,1,ABadCandy
37266,0,1,richdevboston
37267,0,9,NicolasSchwarzer
37268,0,6,Chloejay
37269,0,5,perucomsultores
37270,0,17,isa
37271,0,2,ZJsnowman
37272,0,1,graysonhicks
37273,0,2,ivanpokupec
37274,0,9,Chabane
37275,0,2,aspenstarss
37276,0,13,inejc
37277,0,9,secretfader
37278,331,1,JonnyCarter
37279,0,5,hangscer8
37280,0,13,readywater
37281,0,19,nezamy
37282,0,23,rbrahul
37283,0,25,QuincySx
37284,0,7,nandofarias
37285,0,1,RachelScodes
37286,0,3,abranhe
37287,0,11,Evan-Gao
37288,0,20,amdrew
37289,0,478,amueller
37290,0,19,IceDcap
37291,0,2,dungahk
37292,0,4,asmaps
37293,0,6,hapoza
37294,0,21,freddielumor
37295,0,5,richiverse
37296,0,7,FruitieX
37297,0,3,cuibonobo
37298,0,15,paralin
37299,0,4,daolavi
37300,0,5,BigFaceMaster
37301,0,2,anssip
37302,0,9,ribeirojpn
37303,0,4,AndersonBY
37304,0,5,sziegler11
37305,0,38,dandgerson
37306,0,1,erocheleau
37307,0,21,ksharifbd
37308,0,17,odineiramone
37309,0,31,liuzheng
37310,0,11,anguyen8
37311,0,18,jpedroschmitz
37312,0,1,dhurley14
37313,0,2,omar-faruk-sust
37314,142,2,nkzhlee
37315,0,5,AmeyaWagh
37316,0,1,DrPep
37317,0,23,hvy
37318,0,4,bhargavchippada
37319,0,10,MikuGhoul
37320,0,3,KKRainbow
37321,0,10,ddinchev
37322,0,4,fonger900
37323,0,8,jsdbroughton
37324,0,3,JWTappert
37325,0,1,jayantsolanki
37326,0,9,Chris1221
37327,0,6,Drumzminister
37328,0,6,alcalyn
37329,0,8,abhijit945
37330,0,4,Aalena
37331,0,38,Nicolab
37332,0,3,Stoefff
37333,0,17,gleuch
37334,0,1,rudimusmaximus
37335,0,2,iamhere1
37336,0,16,shnbhg
37337,0,1,RobinMglsk
37338,222,1,Cperez2187
37339,0,9,pietropr
37340,0,71,moskytw
37341,0,7,sarunast
37342,0,1,jpmoura
37343,0,9,FlorentinDUBOIS
37344,0,4,eMaringolo
37345,0,16,MatheusVellone
37346,0,39,Ac2zoom
37347,0,3,lindayi
37348,0,26,ahawkins
37349,0,1,shenhaowen
37350,0,10,igoryamamoto
37351,0,41,gwonsungjun
37352,0,9,brcontainer
37353,320,3,mace015
37354,0,16,beaulian
37355,0,1,popkinj
37356,0,2,randyli
37357,0,37,seeden
37358,0,7,sagar15795
37359,0,10,AaronWharton
37360,0,24,earlbread
37361,0,2,paulKerckhove
37362,0,4,espnicholas
37363,0,3,dwij2812
37364,0,5,acomets
37365,0,11,JustClear
37366,0,2,aguileraz
37367,0,2,baidan
37368,0,6,flipace
37369,0,10,mintao
37370,0,6,mazouri
37371,0,12,S-mohan
37372,0,2,rodrigoterminus
37373,0,1,GautierLePire
37374,0,2,icecity96
37375,0,11,abhishekvp
37376,0,4,joseconstela
37377,0,5,Zeta611
37378,0,18,carloscuatin
37379,0,4,Jade05
37380,0,49,eneskemalergin
37381,0,2,sagadsalem
37382,0,10,asdf2014
37383,0,3,TimoWestland
37384,0,9,stephantul
37385,0,9,hartex
37386,0,6,GiovanniFrigo
37387,0,1,chiyti
37388,0,6,linux0x5c
37389,0,12,egantz
37390,0,4,Oclemy
37391,0,9,pretzelhands
37392,0,2,olitaylor
37393,0,2,damiano
37394,0,9,seckindinc
37395,0,2,arashthk
37396,0,7,lbytedev
37397,0,3,fingerQin
37398,0,1,aaronconway7
37399,0,1,chenqi1997
37400,0,6,mwvaughn
37401,0,8,rolandhartanto
37402,0,6,dragos199993
37403,0,5,shawon100
37404,0,4,nraibaud
37405,0,7,leetia316
37406,0,2,pkieszcz
37407,0,5,Irving-yang
37408,0,2,beyns
37409,0,1,orionblastar
37410,0,12,growdev
37411,0,1,ingeniumdesign
37412,0,1,gustavokrause
37413,0,6,Grabber
37414,0,1,ishansaksena
37415,0,17,stes
37416,0,2,thecsw
37417,0,3,Milner08
37418,0,20,rsdoiel
37419,0,19,budparr
37420,0,4,AdalbertoCq
37421,0,2,Novopo
37422,0,12,tankle
37423,0,1,Yangzhihuabeijing
37424,0,5,ray0807
37425,0,1,chrneumann
37426,0,2,nicodds
37427,0,21,devrchancay
37428,0,51,shahedbd
37429,0,5,KimChangYoun
37430,0,14,hophacker
37431,0,1,chadmazilly
37432,0,13,alphadose
37433,0,34,code-shoily
37434,0,5,alexei-led
37435,0,3,JosanSun
37436,0,10,bengolder
37437,0,14,nadeemkhan
37438,0,36,arkentos
37439,0,7,AlekseyLeshko
37440,0,21,mheadd
37441,0,13,WouterSchoofs
37442,0,2,jhuebel
37443,0,26,VitalyAnkh
37444,0,15,chenminhua
37445,0,1,jwilliamson
37446,0,1,mattkelley
37447,0,2,rajatsachdeva
37448,0,12,jerryleooo
37449,0,1,nishant-sethi
37450,0,13,rngtng
37451,0,19,codersaiful
37452,0,5,pgpbpadilla
37453,0,7,duffqiu
37454,0,26,repi
37455,0,3,gregumo
37456,0,2,SiyangJ
37457,0,1,nikpawar89
37458,0,6,matt-bailey
37459,0,2,kty1965
37460,0,2,miguelramos
37461,0,11,AjjuSingh
37462,0,34,SathishGajendran
37463,0,2,MicleMing
37464,0,20,damoclesgil
37465,0,9,ALiangLiang
37466,0,28,bigmeow
37467,0,3,revi
37468,0,6,ajomadlabs
37469,0,4,nan403
37470,0,25,jenzz
37471,0,431,macressler
37472,0,2,frenzox
37473,0,5,manmorjim
37474,0,19,kevin940726
37475,0,12,clasnake
37476,0,6,thedarkparking
37477,0,8,Oaklight
37478,0,1,nguyenrom
37479,0,3,KhalidGit
37480,0,13,gvvynplaine
37481,0,10,pkpk1234
37482,0,4,redmedian
37483,0,16,samlaudev
37484,0,1,BZHugs
37485,0,1,kcakdemir
37486,0,8,stik3nd
37487,0,6,igorcosta
37488,0,10,ManzDev
37489,0,10,cdmwebs
37490,0,142,djyde
37491,0,2,KunHwanAhn
37492,0,4,alexander-lee
37493,0,105,EQuimper
37494,0,21,stefanfoulis
37495,0,9,scazan
37496,0,4,gusthavosouza
37497,0,5,ivoputzer
37498,0,2,scarqin
37499,0,12,mosse
37500,0,8,mashhoodr
37501,0,4,danielmahon
37502,128,3,johnothecoder
37503,0,39,jonitrythall
37504,0,8,luwei14
37505,0,12,castus
37506,0,16,guoooofu
37507,0,11,ElderMael
37508,0,3,theawless
37509,0,5,blairbodnar
37510,0,15,fcordillot
37511,0,3,IanSchweer
37512,0,2,Huibean
37513,0,11,stradap
37514,0,6,mateusdemboski
37515,0,1,kaopur
37516,0,18,kvasukib
37517,0,18,jgb-solutions
37518,0,4,Pari-singh
37519,0,5,pupboss
37520,0,10,AlthafHussainK
37521,0,26,stevegrunwell
37522,0,2,gsayer
37523,0,9,peterlee0127
37524,0,1,liyingxuan
37525,0,27,lancedikson
37526,0,9,JayZangwill
37527,0,7,SusmoyBarman1
37528,0,8,Deivis
37529,0,62,brannondorsey
37530,0,22,abhik2609
37531,0,1,afgprogrammer
37532,0,1,nbsping
37533,0,4,iamdsc
37534,0,11,abdghani
37535,0,174,schickling
37536,0,11,Chenjiufu
37537,0,10,Alanaktion
37538,0,10,ZiQiLN
37539,0,4,iamkingsleyf
37540,0,9,brandiqa
37541,0,18,apanly
37542,0,4,jamesejr
37543,0,6,maxekman
37544,0,12,sajibcse68
37545,0,4,gradyjenkins
37546,0,6,logoove
37547,0,2,saifkhan192
37548,0,2,bkotrys
37549,0,3,mkrdip
37550,0,12,gududefengzhong
37551,0,1,cardoso-neto
37552,0,6,sujit25
37553,0,9,AmareshB
37554,257,2,DaviSpindola
37555,0,15,ashaywalke
37556,0,14,antagomir
37557,0,171,davidsonfellipe
37558,0,2,AMFIRNAS
37559,0,4,quangtt
37560,0,13,fadiquader
37561,0,1,rodneytamblyn
37562,0,20,lcnbala
37563,0,2,medfreeman
37564,0,3,Obacm
37565,0,27,bfontaine
37566,0,24,bensonwu97
37567,0,2,asimay
37568,0,1,ppeiris
37569,0,1,siberex
37570,0,7,aravindhebbali
37571,0,4,skqr
37572,0,1,LarryJiang134
37573,0,37,ankitpokhrel
37574,0,2,DuanraDlaw
37575,0,3,ivanquirino
37576,0,13,dzlobin
37577,0,31,iepathos
37578,0,49,mockingloris
37579,0,8,0xxd0
37580,0,1,lqz94902
37581,0,16,donley828
37582,0,2,soyjrcarrillo
37583,0,22,andyfangdz
37584,0,14,artishan
37585,0,1,baobaobaobaobao
37586,0,1,stegano
37587,0,18,keithort
37588,0,9,grabcode
37589,0,23,Tgemayel
37590,0,2,amineo
37591,0,58,dimitrinicolas
37592,0,15,hieuhtr
37593,0,6,csehong
37594,0,4,sufyanshoaib
37595,0,2,Bgouveia
37596,0,26,rusenask
37597,0,4,monojack
37598,0,5,fiftin
37599,0,10,iharmanpannu
37600,0,1,stevertaylor
37601,0,3,khacluan
37602,0,4,motocarota
37603,0,2,danielorkae
37604,0,3,RaphaelDDL
37605,0,9,Belval
37606,0,9,pwelch
37607,0,11,ibufu
37608,0,15,dev123dev123
37609,0,14,bringtree
37610,0,30,WhatTheNathan
37611,0,3,Maxpain177
37612,0,1,Joshua1337
37613,24,2,fantattitude
37614,0,14,rbmrclo
37615,0,2,markhillard
37616,0,5,thulani196
37617,0,3,lirbank
37618,0,2,RigoTheDev
37619,0,5,meownoid
37620,0,7,fgrosse
37621,0,2,jbalint
37622,0,26,i-am-tom
37623,0,2,renqiang06
37624,0,10,pinkerton
37625,0,2,Hokutosei
37626,0,3,armancohan
37627,0,46,hugo-dc
37628,0,17,lastzero
37629,0,47,Munter
37630,0,2,frxnz
37631,0,11,WXGBridgeQ
37632,0,3,jinwangjoshua
37633,0,1,MichaelE919
37634,0,4,ioedeveloper
37635,0,2,cultavix
37636,0,4,dbof10
37637,0,1,david-pm
37638,0,5,blarghmatey
37639,0,3,hv0905
37640,0,5,jmichaliga
37641,0,2,dugusanfeng
37642,0,9,meefen
37643,0,10,rajithsam
37644,0,24,shriphani
37645,0,7,mommi84
37646,0,1,sananiki
37647,0,4,shiruco
37648,0,1,Omkar20895
37649,0,7,ljanastas
37650,0,3,fuboki10
37651,0,108,felixonmars
37652,0,4,hsylife
37653,0,3,spencerhance
37654,0,4,MarianMichalovic
37655,0,22,GuilhermeGuitte
37656,0,13,Cortexelus
37657,0,4,deven96
37658,0,13,Harry-Muzart
37659,0,1,Tarocch1
37660,0,1,731935354
37661,0,1,mehimself
37662,0,2,deevashwer
37663,0,23,gabriel-hahn
37664,0,16,coyo8
37665,0,1,TiagoJMartins
37666,0,11,Muktadirul
37667,0,8,Delostik
37668,0,7,apitts
37669,0,7,cescoferraro
37670,0,7,dddreams
37671,0,2,newuhe
37672,0,3,pablogventura
37673,0,8,mehtapaydin
37674,0,2,pepellou
37675,0,1,kkumar326
37676,0,9,nero19960329
37677,0,3,mahisaajy
37678,0,55,2prime
37679,0,5,haijing28
37680,0,6,einfalles
37681,0,2,Sysetup
37682,0,119,charlesq34
37683,0,10,thomaswangio
37684,0,7,damianarechar
37685,0,1,lemuellloren
37686,0,11,siddharthshah3030
37687,0,2,llopez
37688,0,8,Demfier
37689,0,9,cs09g
37690,0,215,tbranyen
37691,0,3,bblu
37692,0,58,mubaris
37693,0,4,chengzhongkai
37694,0,20,alFReD-NSH
37695,253,1,shawnwanderson
37696,0,2,kris-ipeh
37697,0,4,qpautrat
37698,0,3,Injabie3
37699,0,4,caseycavanagh
